case_id,status,skip_reason,pass_order,backend,cache_state,pattern,segment_mode,N,H,topk,warmup,repeat,latency_ms_median,latency_ms_p5,latency_ms_p95,latency_ms_mean,latency_ms_std,tflops,pairs,flops,unique_kv,reuse_factor,adjacent_overlap,selected_kv_working_set_bytes,selected_kv_working_set_vs_l2,kv_token_bytes,peak_mem_alloc_bytes,temp_c_before,power_w_before,sm_clock_mhz_before,mem_clock_mhz_before,temp_c_after,power_w_after,sm_clock_mhz_after,mem_clock_mhz_after,seed,timestamp
ascending_flashmla_bf16_steady_isolated_dispersed_n64_h2048,ok,,ascending,flashmla_bf16,steady,isolated_dispersed,isolated,64,2048,2048,10,30,0.081216000020504,0.07983999699354172,0.08300799876451492,0.08136746659874916,0.001049903106782255,224.7538785878601,131072,18253611008,131072,1.0,0.0,150994944,2.88,1152,429425152,39.0,91.69,1980.0,2619.0,39.0,97.52,1980.0,2619.0,20260810,2026-08-10T09:06:54.351829+00:00
ascending_flashmla_bf16_l2-cold_isolated_dispersed_n64_h2048,ok,,ascending,flashmla_bf16,l2-cold,isolated_dispersed,isolated,64,2048,2048,10,30,0.08006399869918823,0.07894399762153625,0.08611200004816055,0.08128853340943655,0.005661619089296871,227.98775110622938,131072,18253611008,131072,1.0,0.0,150994944,2.88,1152,429425664,39.0,97.52,1980.0,2619.0,40.0,104.53,1980.0,2619.0,20260810,2026-08-10T09:06:54.434254+00:00
ascending_flashmla_bf16_steady_isolated_contiguous_n64_h2048,ok,,ascending,flashmla_bf16,steady,isolated_contiguous,isolated,64,2048,2048,10,30,0.08064000308513641,0.07923199981451035,0.08198399841785431,0.08065279970566432,0.0008376670248733454,226.35925483197943,131072,18253611008,131072,1.0,0.0,150994944,2.88,1152,429425664,40.0,104.53,1980.0,2619.0,40.0,110.82,1980.0,2619.0,20260810,2026-08-10T09:06:54.529182+00:00
ascending_flashmla_bf16_l2-cold_isolated_contiguous_n64_h2048,ok,,ascending,flashmla_bf16,l2-cold,isolated_contiguous,isolated,64,2048,2048,10,30,0.0796160027384758,0.07817599922418594,0.08207999914884567,0.07976213321089745,0.0011524053986646764,229.27062876994486,131072,18253611008,131072,1.0,0.0,150994944,2.88,1152,429425664,40.0,110.82,1980.0,2619.0,40.0,110.82,1980.0,2619.0,20260810,2026-08-10T09:06:54.589173+00:00
ascending_sglang_q8kv8_steady_shared_dispersed_n256_h2048,ok,,ascending,sglang_q8kv8,steady,shared_dispersed,shared,256,2048,2048,10,30,0.11654400080442429,0.11587200313806534,0.1199679970741272,0.11687893296281497,0.001249987679658339,626.496804022779,524288,73014444032,2048,256.0,1.0,1179648,0.0225,576,304350208,40.0,134.54,1980.0,2619.0,40.0,134.54,1980.0,2619.0,20260810,2026-08-10T09:06:54.985461+00:00
ascending_sglang_q8kv8_l2-cold_shared_contiguous_n256_h2048,ok,,ascending,sglang_q8kv8,l2-cold,shared_contiguous,shared,256,2048,2048,10,30,0.11974400281906128,0.11923199892044067,0.12198399752378464,0.12005973334113756,0.0009091874659718325,609.7544955326756,524288,73014444032,2048,256.0,1.0,1179648,0.0225,576,304353792,40.0,134.54,1980.0,2619.0,40.0,134.54,1980.0,2619.0,20260810,2026-08-10T09:06:55.030167+00:00
ascending_sglang_q8kv8_l2-cold_independent_contiguous_n256_h2048,ok,,ascending,sglang_q8kv8,l2-cold,independent_contiguous,shared,256,2048,2048,10,30,0.12057600170373917,0.11952000111341476,0.12272000312805176,0.12082773347695669,0.0010596056292282705,605.5470657535973,524288,73014444032,2048,256.0,1.0,1179648,0.0225,576,304353792,40.0,142.45,1980.0,2619.0,40.0,142.45,1980.0,2619.0,20260810,2026-08-10T09:06:55.073459+00:00
ascending_sglang_q8kv8_steady_shared_contiguous_n256_h2048,ok,,ascending,sglang_q8kv8,steady,shared_contiguous,shared,256,2048,2048,10,30,0.11644800007343292,0.1159679964184761,0.11715199798345566,0.11658133293191592,0.0005659015426874775,627.0132933666235,524288,73014444032,2048,256.0,1.0,1179648,0.0225,576,304353792,40.0,142.45,1980.0,2619.0,40.0,142.45,1980.0,2619.0,20260810,2026-08-10T09:06:55.131450+00:00
ascending_sglang_q8kv8_steady_independent_dispersed_n256_h2048,ok,,ascending,sglang_q8kv8,steady,independent_dispersed,shared,256,2048,2048,10,30,0.11564800143241882,0.11510399729013443,0.11657600104808807,0.11575573359926541,0.0005412629584053771,631.3506772935235,524288,73014444032,2048,256.0,1.0,1179648,0.0225,576,304353792,41.0,152.53,1980.0,2619.0,41.0,152.53,1980.0,2619.0,20260810,2026-08-10T09:06:55.189574+00:00
ascending_sglang_q8kv8_l2-cold_independent_dispersed_n256_h2048,ok,,ascending,sglang_q8kv8,l2-cold,independent_dispersed,shared,256,2048,2048,10,30,0.12035199999809265,0.11907199770212173,0.12198399752378464,0.12048853288094202,0.0009396212863430202,606.674122849285,524288,73014444032,2048,256.0,1.0,1179648,0.0225,576,304353792,41.0,152.53,1980.0,2619.0,41.0,156.75,1980.0,2619.0,20260810,2026-08-10T09:06:55.253622+00:00
ascending_sglang_q8kv8_steady_independent_contiguous_n256_h2048,ok,,ascending,sglang_q8kv8,steady,independent_contiguous,shared,256,2048,2048,10,30,0.1157120019197464,0.115167997777462,0.11721599847078323,0.11588053355614344,0.0005785389177949041,631.0014762568894,524288,73014444032,2048,256.0,1.0,1179648,0.0225,576,304353792,41.0,156.75,1980.0,2619.0,41.0,158.28,1980.0,2619.0,20260810,2026-08-10T09:06:55.316156+00:00
ascending_sglang_q8kv8_l2-cold_shared_dispersed_n256_h2048,ok,,ascending,sglang_q8kv8,l2-cold,shared_dispersed,shared,256,2048,2048,10,30,0.11993599683046341,0.11919999867677689,0.12156800180673599,0.12011733328302701,0.0010295629076228709,608.778398158563,524288,73014444032,2048,256.0,1.0,1179648,0.0225,576,304353792,41.0,158.28,1980.0,2619.0,41.0,158.28,1980.0,2619.0,20260810,2026-08-10T09:06:55.417352+00:00
ascending_flashmla_bf16_steady_independent_dispersed_n64_h2048,ok,,ascending,flashmla_bf16,steady,independent_dispersed,shared,64,2048,2048,10,30,0.06918399780988693,0.06889600306749344,0.0703359991312027,0.06935573294758797,0.0007770346526608996,263.8415180654885,131072,18253611008,2048,64.0,1.0,2359296,0.045,1152,281838080,41.0,157.01,1980.0,2619.0,41.0,157.01,1980.0,2619.0,20260810,2026-08-10T09:06:55.598731+00:00
ascending_flashmla_bf16_steady_shared_dispersed_n64_h2048,ok,,ascending,flashmla_bf16,steady,shared_dispersed,shared,64,2048,2048,10,30,0.06876800209283829,0.06844799965620041,0.06931199878454208,0.06888853386044502,0.0004114358117580252,265.43756474642424,131072,18253611008,2048,64.0,1.0,2359296,0.045,1152,281838080,41.0,157.01,1980.0,2619.0,41.0,157.01,1980.0,2619.0,20260810,2026-08-10T09:06:55.634879+00:00
ascending_flashmla_bf16_steady_independent_contiguous_n64_h2048,ok,,ascending,flashmla_bf16,steady,independent_contiguous,shared,64,2048,2048,10,30,0.06934399902820587,0.06886400282382965,0.06969600170850754,0.0693695992231369,0.0005558181915274668,263.2327420369179,131072,18253611008,2048,64.0,1.0,2359296,0.045,1152,281838080,41.0,156.0,1980.0,2619.0,41.0,156.0,1980.0,2619.0,20260810,2026-08-10T09:06:55.688445+00:00
ascending_flashmla_bf16_steady_shared_contiguous_n64_h2048,ok,,ascending,flashmla_bf16,steady,shared_contiguous,shared,64,2048,2048,10,30,0.0687360018491745,0.06844799965620041,0.0692799985408783,0.06881600096821786,0.00045815100898890246,265.561139969319,131072,18253611008,2048,64.0,1.0,2359296,0.045,1152,281838080,41.0,156.0,1980.0,2619.0,41.0,156.0,1980.0,2619.0,20260810,2026-08-10T09:06:55.725012+00:00
ascending_flashmla_bf16_l2-cold_independent_contiguous_n64_h2048,ok,,ascending,flashmla_bf16,l2-cold,independent_contiguous,shared,64,2048,2048,10,30,0.07062400132417679,0.07004799693822861,0.07161600142717361,0.07085439984997113,0.0010300284490560251,258.4618637538344,131072,18253611008,2048,64.0,1.0,2359296,0.045,1152,281838592,41.0,156.54,1980.0,2619.0,41.0,156.54,1980.0,2619.0,20260810,2026-08-10T09:06:55.781206+00:00
ascending_flashmla_bf16_l2-cold_independent_dispersed_n64_h2048,ok,,ascending,flashmla_bf16,l2-cold,independent_dispersed,shared,64,2048,2048,10,30,0.07068800181150436,0.07036799937486649,0.07295999675989151,0.07093013425668081,0.0008843686666773568,258.22785395285075,131072,18253611008,2048,64.0,1.0,2359296,0.045,1152,281838592,41.0,156.54,1980.0,2619.0,41.0,156.54,1980.0,2619.0,20260810,2026-08-10T09:06:55.836738+00:00
ascending_flashmla_bf16_l2-cold_shared_contiguous_n64_h2048,ok,,ascending,flashmla_bf16,l2-cold,shared_contiguous,shared,64,2048,2048,10,30,0.07017599791288376,0.06960000097751617,0.07280000299215317,0.0704618660112222,0.0010871509873945277,260.1118837050236,131072,18253611008,2048,64.0,1.0,2359296,0.045,1152,281838592,41.0,158.12,1980.0,2619.0,41.0,158.12,1980.0,2619.0,20260810,2026-08-10T09:06:55.891921+00:00
ascending_flashmla_bf16_l2-cold_shared_dispersed_n64_h2048,ok,,ascending,flashmla_bf16,l2-cold,shared_dispersed,shared,64,2048,2048,10,30,0.0703359991312027,0.06998399645090103,0.07168000191450119,0.07053653274973233,0.0007215725575527791,259.52017790989584,131072,18253611008,2048,64.0,1.0,2359296,0.045,1152,281838592,41.0,158.12,1980.0,2619.0,41.0,160.73,1980.0,2619.0,20260810,2026-08-10T09:06:55.956324+00:00
ascending_sglang_q8kv8_steady_independent_dispersed_n64_h2048,ok,,ascending,sglang_q8kv8,steady,independent_dispersed,shared,64,2048,2048,10,30,0.0629120022058487,0.062431998550891876,0.06400000303983688,0.06304426702360312,0.0007519084601653913,290.1451291960794,131072,18253611008,2048,64.0,1.0,1179648,0.0225,576,278299648,41.0,157.63,1980.0,2619.0,41.0,154.16,1980.0,2619.0,20260810,2026-08-10T09:06:56.142556+00:00
ascending_sglang_q8kv8_steady_shared_dispersed_n64_h2048,ok,,ascending,sglang_q8kv8,steady,shared_dispersed,shared,64,2048,2048,10,30,0.06339199841022491,0.06281600147485733,0.06508799642324448,0.06365119988719622,0.0007384697535359431,287.9481869285218,131072,18253611008,2048,64.0,1.0,1179648,0.0225,576,278299648,41.0,154.16,1980.0,2619.0,41.0,153.06,1980.0,2619.0,20260810,2026-08-10T09:06:56.251253+00:00
ascending_sglang_q8kv8_steady_independent_contiguous_n64_h2048,ok,,ascending,sglang_q8kv8,steady,independent_contiguous,shared,64,2048,2048,10,30,0.0628800019621849,0.062272001057863235,0.06675200164318085,0.06324053381880125,0.001212343991885118,290.29278687009975,131072,18253611008,2048,64.0,1.0,1179648,0.0225,576,278299648,41.0,153.06,1980.0,2619.0,41.0,153.06,1980.0,2619.0,20260810,2026-08-10T09:06:56.304026+00:00
ascending_sglang_q8kv8_steady_shared_contiguous_n64_h2048,ok,,ascending,sglang_q8kv8,steady,shared_contiguous,shared,64,2048,2048,10,30,0.06364800035953522,0.06281600147485733,0.06675200164318085,0.06401386708021164,0.0020622118083930643,286.7900154739959,131072,18253611008,2048,64.0,1.0,1179648,0.0225,576,278299648,41.0,153.06,1980.0,2619.0,41.0,150.0,1980.0,2619.0,20260810,2026-08-10T09:06:56.340607+00:00
ascending_sglang_q8kv8_l2-cold_independent_contiguous_n64_h2048,ok,,ascending,sglang_q8kv8,l2-cold,independent_contiguous,shared,64,2048,2048,10,30,0.0658240020275116,0.06483200192451477,0.07043199986219406,0.06613226706782976,0.001410700014167695,277.3093468302152,131072,18253611008,2048,64.0,1.0,1179648,0.0225,576,278303232,41.0,150.0,1980.0,2619.0,41.0,150.0,1980.0,2619.0,20260810,2026-08-10T09:06:56.432430+00:00
ascending_sglang_q8kv8_l2-cold_independent_dispersed_n64_h2048,ok,,ascending,sglang_q8kv8,l2-cold,independent_dispersed,shared,64,2048,2048,10,30,0.06598400324583054,0.0650240033864975,0.0689919963479042,0.0663221334417661,0.0014836100131768342,276.63691364699713,131072,18253611008,2048,64.0,1.0,1179648,0.0225,576,278303232,41.0,150.0,1980.0,2619.0,41.0,149.95,1980.0,2619.0,20260810,2026-08-10T09:06:56.472525+00:00
ascending_sglang_q8kv8_l2-cold_shared_contiguous_n64_h2048,ok,,ascending,sglang_q8kv8,l2-cold,shared_contiguous,shared,64,2048,2048,10,30,0.06592000275850296,0.06521599739789963,0.06787200272083282,0.06635520060857138,0.0012418749340342497,276.9054952086677,131072,18253611008,2048,64.0,1.0,1179648,0.0225,576,278303232,41.0,149.95,1980.0,2619.0,41.0,151.16,1980.0,2619.0,20260810,2026-08-10T09:06:56.573786+00:00
ascending_sglang_q8kv8_l2-cold_shared_dispersed_n64_h2048,ok,,ascending,sglang_q8kv8,l2-cold,shared_dispersed,shared,64,2048,2048,10,30,0.06576000154018402,0.06470400094985962,0.06972800195217133,0.06614506592353185,0.0012638575883525674,277.5792363211207,131072,18253611008,2048,64.0,1.0,1179648,0.0225,576,278303232,41.0,151.16,1980.0,2619.0,41.0,152.42,1980.0,2619.0,20260810,2026-08-10T09:06:56.658473+00:00
ascending_sglang_q8kv8_steady_isolated_dispersed_n64_h2048,ok,,ascending,sglang_q8kv8,steady,isolated_dispersed,isolated,64,2048,2048,10,30,0.0740479975938797,0.07331199944019318,0.07763200253248215,0.07442240044474602,0.0015535921748275818,246.51052832127792,131072,18253611008,131072,1.0,0.0,75497472,1.44,576,351568896,41.0,152.42,1980.0,2619.0,41.0,152.42,1980.0,2619.0,20260810,2026-08-10T09:06:56.753505+00:00
ascending_sglang_q8kv8_l2-cold_isolated_dispersed_n64_h2048,ok,,ascending,sglang_q8kv8,l2-cold,isolated_dispersed,isolated,64,2048,2048,10,30,0.0729919970035553,0.07206399738788605,0.07823999971151352,0.07367146660884222,0.0016471491873710177,250.07688181364463,131072,18253611008,131072,1.0,0.0,75497472,1.44,576,351572480,41.0,152.86,1980.0,2619.0,41.0,152.86,1980.0,2619.0,20260810,2026-08-10T09:06:56.789773+00:00
ascending_sglang_q8kv8_steady_isolated_contiguous_n64_h2048,ok,,ascending,sglang_q8kv8,steady,isolated_contiguous,isolated,64,2048,2048,10,30,0.07414399832487106,0.07334399968385696,0.07526399940252304,0.07422400017579396,0.00069775399722059,246.19134954146327,131072,18253611008,131072,1.0,0.0,75497472,1.44,576,351572480,41.0,152.86,1980.0,2619.0,41.0,152.86,1980.0,2619.0,20260810,2026-08-10T09:06:56.829173+00:00
ascending_sglang_q8kv8_l2-cold_isolated_contiguous_n64_h2048,ok,,ascending,sglang_q8kv8,l2-cold,isolated_contiguous,isolated,64,2048,2048,10,30,0.07622399926185608,0.07417599856853485,0.1056319996714592,0.07943680062890053,0.008818953166268946,239.47327855748512,131072,18253611008,131072,1.0,0.0,75497472,1.44,576,351572480,41.0,153.04,1980.0,2619.0,41.0,153.04,1980.0,2619.0,20260810,2026-08-10T09:06:56.924141+00:00
ascending_flashmla_fp8_decode_steady_native_independent_dispersed_n64_h2048,ok,,ascending,flashmla_fp8_decode,steady,native_independent_dispersed,isolated,64,2048,2048,10,30,0.09136000275611877,0.09087999910116196,0.09372799843549728,0.091590399791797,0.0008032527529946712,199.79871341211705,131072,18253611008,131072,1.0,0.0,85983232,1.64,656,735584256,41.0,152.26,1980.0,2619.0,41.0,151.24,1980.0,2619.0,20260810,2026-08-10T09:06:57.016488+00:00
ascending_flashmla_fp8_decode_l2-cold_native_independent_dispersed_n64_h2048,ok,,ascending,flashmla_fp8_decode,l2-cold,native_independent_dispersed,isolated,64,2048,2048,10,30,0.08569599688053131,0.08470399677753448,0.08841600269079208,0.08590506662925085,0.001095651333164999,213.00424375070094,131072,18253611008,131072,1.0,0.0,85983232,1.64,656,735584256,41.0,152.8,1980.0,2619.0,41.0,152.8,1980.0,2619.0,20260810,2026-08-10T09:06:57.285875+00:00
ascending_flashmla_bf16_steady_independent_dispersed_n64_h32768,ok,,ascending,flashmla_bf16,steady,independent_dispersed,shared,64,32768,2048,10,30,0.07337599992752075,0.07286400347948074,0.07443200051784515,0.07355200052261353,0.000727827861500757,248.76813980089574,131072,18253611008,32768,4.0,0.0,37748736,0.72,1152,317227520,41.0,154.28,1980.0,2619.0,41.0,154.28,1980.0,2619.0,20260810,2026-08-10T09:06:57.541132+00:00
ascending_flashmla_bf16_l2-cold_shared_contiguous_n64_h32768,ok,,ascending,flashmla_bf16,l2-cold,shared_contiguous,shared,64,32768,2048,10,30,0.06988800317049026,0.06947200000286102,0.07337599992752075,0.07014400015274684,0.0010284229691917995,261.18375371908553,131072,18253611008,2048,64.0,1.0,2359296,0.045,1152,317228032,41.0,153.04,1980.0,2619.0,41.0,153.04,1980.0,2619.0,20260810,2026-08-10T09:06:57.594072+00:00
ascending_flashmla_bf16_l2-cold_shared_dispersed_n64_h32768,ok,,ascending,flashmla_bf16,l2-cold,shared_dispersed,shared,64,32768,2048,10,30,0.06992000341415405,0.0695360004901886,0.07222399860620499,0.07020053366820017,0.0008061488080532964,261.06421791599746,131072,18253611008,2048,64.0,1.0,2359296,0.045,1152,317228032,41.0,153.04,1980.0,2619.0,41.0,152.85,1980.0,2619.0,20260810,2026-08-10T09:06:57.672407+00:00
ascending_flashmla_bf16_l2-cold_independent_dispersed_n64_h32768,ok,,ascending,flashmla_bf16,l2-cold,independent_dispersed,shared,64,32768,2048,10,30,0.07427199929952621,0.07318399846553802,0.0772479996085167,0.0743946669002374,0.0014202405218175067,245.76706134415906,131072,18253611008,32768,4.0,0.0,37748736,0.72,1152,317228032,41.0,152.85,1980.0,2619.0,41.0,152.85,1980.0,2619.0,20260810,2026-08-10T09:06:57.711477+00:00
ascending_flashmla_bf16_steady_shared_contiguous_n64_h32768,ok,,ascending,flashmla_bf16,steady,shared_contiguous,shared,64,32768,2048,10,30,0.06876800209283829,0.06838399916887283,0.07078400254249573,0.06896853446960449,0.0008560192398284847,265.43756474642424,131072,18253611008,2048,64.0,1.0,2359296,0.045,1152,317228032,41.0,152.85,1980.0,2619.0,41.0,155.09,1980.0,2619.0,20260810,2026-08-10T09:06:57.777731+00:00
ascending_flashmla_bf16_l2-cold_independent_contiguous_n64_h32768,ok,,ascending,flashmla_bf16,l2-cold,independent_contiguous,shared,64,32768,2048,10,30,0.0756480023264885,0.07436800003051758,0.07625599950551987,0.07561706627408664,0.0010114045885659339,241.29666939808158,131072,18253611008,32768,4.0,0.75,37748736,0.72,1152,317228032,41.0,155.09,1980.0,2619.0,41.0,154.23,1980.0,2619.0,20260810,2026-08-10T09:06:57.856904+00:00
ascending_flashmla_bf16_steady_shared_dispersed_n64_h32768,ok,,ascending,flashmla_bf16,steady,shared_dispersed,shared,64,32768,2048,10,30,0.06883200258016586,0.06851200014352798,0.07027199864387512,0.0690357339878877,0.0006099324377368867,265.19075900400765,131072,18253611008,2048,64.0,1.0,2359296,0.045,1152,317228032,41.0,154.23,1980.0,2619.0,41.0,154.03,1980.0,2619.0,20260810,2026-08-10T09:06:57.962962+00:00
ascending_flashmla_bf16_steady_independent_contiguous_n64_h32768,ok,,ascending,flashmla_bf16,steady,independent_contiguous,shared,64,32768,2048,10,30,0.07443200051784515,0.07356800138950348,0.07548800110816956,0.07451520040631295,0.000816453725031887,245.23875323791248,131072,18253611008,32768,4.0,0.75,37748736,0.72,1152,317228032,41.0,154.03,1980.0,2619.0,41.0,154.03,1980.0,2619.0,20260810,2026-08-10T09:06:57.996808+00:00
ascending_flashmla_bf16_l2-cold_isolated_dispersed_n64_h32768,ok,,ascending,flashmla_bf16,l2-cold,isolated_dispersed,isolated,64,32768,2048,10,30,0.08284799754619598,0.08118399977684021,0.08483199775218964,0.08296213323871295,0.0011385493899624625,220.32652023752053,131072,18253611008,131072,1.0,0.0,150994944,2.88,1152,2694349824,41.0,155.41,1980.0,2619.0,41.0,155.95,1980.0,2619.0,20260810,2026-08-10T09:06:58.141512+00:00
ascending_flashmla_bf16_steady_isolated_contiguous_n64_h32768,ok,,ascending,flashmla_bf16,steady,isolated_contiguous,isolated,64,32768,2048,10,30,0.07971200346946716,0.07913599908351898,0.08179199695587158,0.08002346754074097,0.0008098353341654676,228.99450789731878,131072,18253611008,131072,1.0,0.0,150994944,2.88,1152,2694349824,41.0,155.95,1980.0,2619.0,41.0,155.95,1980.0,2619.0,20260810,2026-08-10T09:06:58.220075+00:00
ascending_flashmla_bf16_l2-cold_isolated_contiguous_n64_h32768,ok,,ascending,flashmla_bf16,l2-cold,isolated_contiguous,isolated,64,32768,2048,10,30,0.07923199981451035,0.07791999727487564,0.08160000294446945,0.07947199990351995,0.001106100171126077,230.38180344726172,131072,18253611008,131072,1.0,0.0,150994944,2.88,1152,2694349824,41.0,154.98,1980.0,2619.0,41.0,154.98,1980.0,2619.0,20260810,2026-08-10T09:06:58.300226+00:00
ascending_flashmla_bf16_steady_isolated_dispersed_n64_h32768,ok,,ascending,flashmla_bf16,steady,isolated_dispersed,isolated,64,32768,2048,10,30,0.08345600217580795,0.08211199939250946,0.08505599945783615,0.08349866668383281,0.000972552158858398,218.72136853077438,131072,18253611008,131072,1.0,0.0,150994944,2.88,1152,2694349824,41.0,154.98,1980.0,2619.0,41.0,152.66,1980.0,2619.0,20260810,2026-08-10T09:06:58.380431+00:00
ascending_sglang_q8kv8_steady_independent_dispersed_n64_h32768,ok,,ascending,sglang_q8kv8,steady,independent_dispersed,shared,64,32768,2048,10,30,0.06351999938488007,0.06284800171852112,0.06678400188684464,0.06383999983469645,0.0010246001799131025,287.36793426898214,131072,18253611008,32768,4.0,0.0,18874368,0.36,576,295994368,41.0,153.05,1980.0,2619.0,41.0,153.05,1980.0,2619.0,20260810,2026-08-10T09:06:58.644250+00:00
ascending_sglang_q8kv8_l2-cold_shared_contiguous_n64_h32768,ok,,ascending,sglang_q8kv8,l2-cold,shared_contiguous,shared,64,32768,2048,10,30,0.06563200056552887,0.06511999666690826,0.07062400132417679,0.06626666610439619,0.002058773679821548,278.12059438558595,131072,18253611008,2048,64.0,1.0,1179648,0.0225,576,295997952,41.0,151.47,1980.0,2619.0,41.0,151.47,1980.0,2619.0,20260810,2026-08-10T09:06:58.736350+00:00
ascending_sglang_q8kv8_l2-cold_shared_dispersed_n64_h32768,ok,,ascending,sglang_q8kv8,l2-cold,shared_dispersed,shared,64,32768,2048,10,30,0.06569600105285645,0.06489600241184235,0.06726399809122086,0.06603946636120478,0.001061349508031827,277.8496516601346,131072,18253611008,2048,64.0,1.0,1179648,0.0225,576,295997952,41.0,149.3,1980.0,2619.0,41.0,149.3,1980.0,2619.0,20260810,2026-08-10T09:06:58.800203+00:00
ascending_sglang_q8kv8_l2-cold_independent_dispersed_n64_h32768,ok,,ascending,sglang_q8kv8,l2-cold,independent_dispersed,shared,64,32768,2048,10,30,0.06800000369548798,0.06729599833488464,0.08153600245714188,0.07005546689033508,0.004213511438198533,268.43544141176545,131072,18253611008,32768,4.0,0.0,18874368,0.36,576,295997952,41.0,149.3,1980.0,2619.0,41.0,149.13,1980.0,2619.0,20260810,2026-08-10T09:06:58.866122+00:00
ascending_sglang_q8kv8_steady_shared_contiguous_n64_h32768,ok,,ascending,sglang_q8kv8,steady,shared_contiguous,shared,64,32768,2048,10,30,0.06326399743556976,0.06294400244951248,0.06480000168085098,0.06354666675130526,0.0009323327452048516,288.53078761882074,131072,18253611008,2048,64.0,1.0,1179648,0.0225,576,295997952,41.0,149.13,1980.0,2619.0,41.0,149.13,1980.0,2619.0,20260810,2026-08-10T09:06:58.926221+00:00
ascending_sglang_q8kv8_l2-cold_independent_contiguous_n64_h32768,ok,,ascending,sglang_q8kv8,l2-cold,independent_contiguous,shared,64,32768,2048,10,30,0.06755200028419495,0.06684800237417221,0.07199999690055847,0.06857173318664232,0.004259548982954693,270.21569947900974,131072,18253611008,32768,4.0,0.75,18874368,0.36,576,295997952,41.0,149.13,1980.0,2619.0,41.0,149.97,1980.0,2619.0,20260810,2026-08-10T09:06:58.966618+00:00
ascending_sglang_q8kv8_steady_shared_dispersed_n64_h32768,ok,,ascending,sglang_q8kv8,steady,shared_dispersed,shared,64,32768,2048,10,30,0.0631679967045784,0.06268800050020218,0.06457599997520447,0.06332906732956568,0.0006289435530384444,288.9692876183453,131072,18253611008,2048,64.0,1.0,1179648,0.0225,576,295997952,41.0,149.97,1980.0,2619.0,41.0,149.97,1980.0,2619.0,20260810,2026-08-10T09:06:59.007128+00:00
ascending_sglang_q8kv8_steady_independent_contiguous_n64_h32768,ok,,ascending,sglang_q8kv8,steady,independent_contiguous,shared,64,32768,2048,10,30,0.06361600011587143,0.06300800293684006,0.06543999910354614,0.06382186685999235,0.0008950732443114657,286.93427714336826,131072,18253611008,32768,4.0,0.75,18874368,0.36,576,295997952,41.0,149.97,1980.0,2619.0,41.0,149.97,1980.0,2619.0,20260810,2026-08-10T09:06:59.041686+00:00
ascending_sglang_q8kv8_steady_shared_dispersed_n256_h32768,ok,,ascending,sglang_q8kv8,steady,shared_dispersed,shared,256,32768,2048,10,30,0.11689600348472595,0.11648000031709671,0.11849600076675415,0.11731626788775126,0.0009410657664098533,624.6102677200622,524288,73014444032,2048,256.0,1.0,1179648,0.0225,576,322044928,41.0,147.02,1980.0,2619.0,41.0,147.12,1980.0,2619.0,20260810,2026-08-10T09:06:59.423816+00:00
ascending_sglang_q8kv8_l2-cold_independent_contiguous_n256_h32768,ok,,ascending,sglang_q8kv8,l2-cold,independent_contiguous,shared,256,32768,2048,10,30,0.12639999389648438,0.12467200309038162,0.12812800705432892,0.12646719987193744,0.0011092922308938839,577.6459458676508,524288,73014444032,32768,16.0,0.9375,18874368,0.36,576,322048512,41.0,147.12,1980.0,2619.0,41.0,147.12,1980.0,2619.0,20260810,2026-08-10T09:06:59.530263+00:00
ascending_sglang_q8kv8_l2-cold_shared_dispersed_n256_h32768,ok,,ascending,sglang_q8kv8,l2-cold,shared_dispersed,shared,256,32768,2048,10,30,0.12015999853610992,0.11935999989509583,0.12172800302505493,0.12032319953044256,0.0008712524086878938,607.6435163242619,524288,73014444032,2048,256.0,1.0,1179648,0.0225,576,322048512,41.0,147.12,1980.0,2619.0,41.0,149.93,1980.0,2619.0,20260810,2026-08-10T09:06:59.578460+00:00
ascending_sglang_q8kv8_l2-cold_shared_contiguous_n256_h32768,ok,,ascending,sglang_q8kv8,l2-cold,shared_contiguous,shared,256,32768,2048,10,30,0.12035199999809265,0.11926399916410446,0.12211199849843979,0.12049919987718265,0.0010890221941135842,606.674122849285,524288,73014444032,2048,256.0,1.0,1179648,0.0225,576,322048512,41.0,149.93,1980.0,2619.0,41.0,152.14,1980.0,2619.0,20260810,2026-08-10T09:06:59.641738+00:00
ascending_sglang_q8kv8_steady_shared_contiguous_n256_h32768,ok,,ascending,sglang_q8kv8,steady,shared_contiguous,shared,256,32768,2048,10,30,0.11695999652147293,0.1162559986114502,0.11878400295972824,0.11721493378281593,0.0008893649829366111,624.2685208920567,524288,73014444032,2048,256.0,1.0,1179648,0.0225,576,322048512,41.0,152.14,1980.0,2619.0,41.0,151.94,1980.0,2619.0,20260810,2026-08-10T09:06:59.768950+00:00
ascending_sglang_q8kv8_steady_independent_contiguous_n256_h32768,ok,,ascending,sglang_q8kv8,steady,independent_contiguous,shared,256,32768,2048,10,30,0.12969599664211273,0.12822400033473969,0.16979199647903442,0.14409813284873962,0.05437105727032379,562.9660584935276,524288,73014444032,32768,16.0,0.9375,18874368,0.36,576,322048512,41.0,151.94,1980.0,2619.0,41.0,151.94,1980.0,2619.0,20260810,2026-08-10T09:06:59.848709+00:00
ascending_sglang_q8kv8_l2-cold_independent_dispersed_n256_h32768,ok,,ascending,sglang_q8kv8,l2-cold,independent_dispersed,shared,256,32768,2048,10,30,0.1234240010380745,0.12230399996042252,0.12908799946308136,0.12394666721423467,0.001872065038287293,591.5741137696235,524288,73014444032,32768,16.0,0.0,18874368,0.36,576,322048512,41.0,152.68,1980.0,2619.0,41.0,154.18,1980.0,2619.0,20260810,2026-08-10T09:06:59.932194+00:00
ascending_sglang_q8kv8_steady_independent_dispersed_n256_h32768,ok,,ascending,sglang_q8kv8,steady,independent_dispersed,shared,256,32768,2048,10,30,0.12275200337171555,0.12144000083208084,0.1247360035777092,0.12297173415621122,0.001251652781504704,594.8126468526864,524288,73014444032,32768,16.0,0.0,18874368,0.36,576,322048512,41.0,154.18,1980.0,2619.0,41.0,154.63,1980.0,2619.0,20260810,2026-08-10T09:07:00.051447+00:00
ascending_sglang_q8kv8_l2-cold_isolated_dispersed_n64_h32768,ok,,ascending,sglang_q8kv8,l2-cold,isolated_dispersed,isolated,64,32768,2048,10,30,0.07664000242948532,0.07561600208282471,0.08230400085449219,0.07864960059523582,0.008522168356544837,238.17341374427437,131072,18253611008,131072,1.0,0.0,75497472,1.44,576,1484034560,41.0,154.63,1980.0,2619.0,41.0,154.72,1980.0,2619.0,20260810,2026-08-10T09:07:00.183223+00:00
ascending_sglang_q8kv8_steady_isolated_contiguous_n64_h32768,ok,,ascending,sglang_q8kv8,steady,isolated_contiguous,isolated,64,32768,2048,10,30,0.07465600222349167,0.07382400333881378,0.08009599894285202,0.07513920019070307,0.0015853916007041505,244.5029262798674,131072,18253611008,131072,1.0,0.0,75497472,1.44,576,1484034560,41.0,154.72,1980.0,2619.0,41.0,155.91,1980.0,2619.0,20260810,2026-08-10T09:07:00.288305+00:00
ascending_sglang_q8kv8_l2-cold_isolated_contiguous_n64_h32768,ok,,ascending,sglang_q8kv8,l2-cold,isolated_contiguous,isolated,64,32768,2048,10,30,0.07372800260782242,0.07267200201749802,0.07843200117349625,0.07425706684589387,0.0015351048194712851,247.5804356873127,131072,18253611008,131072,1.0,0.0,75497472,1.44,576,1484034560,41.0,155.91,1980.0,2619.0,41.0,155.91,1980.0,2619.0,20260810,2026-08-10T09:07:00.346116+00:00
ascending_sglang_q8kv8_steady_isolated_dispersed_n64_h32768,ok,,ascending,sglang_q8kv8,steady,isolated_dispersed,isolated,64,32768,2048,10,30,0.0777600035071373,0.0767040029168129,0.07999999821186066,0.07793920040130616,0.0008150718193021814,234.74292933030242,131072,18253611008,131072,1.0,0.0,75497472,1.44,576,1484034560,41.0,157.22,1980.0,2619.0,41.0,157.22,1980.0,2619.0,20260810,2026-08-10T09:07:00.388236+00:00
ascending_flashmla_fp8_decode_l2-cold_native_independent_dispersed_n64_h32768,ok,,ascending,flashmla_fp8_decode,l2-cold,native_independent_dispersed,isolated,64,32768,2048,10,30,0.08931200206279755,0.08857599645853043,0.0928959995508194,0.08958613301316896,0.0011461983266678824,204.38026901653618,131072,18253611008,131072,1.0,0.0,85983232,1.64,656,4636147712,41.0,157.22,1980.0,2619.0,41.0,157.27,1980.0,2619.0,20260810,2026-08-10T09:07:00.472119+00:00
ascending_flashmla_fp8_decode_steady_native_independent_dispersed_n64_h32768,ok,,ascending,flashmla_fp8_decode,steady,native_independent_dispersed,isolated,64,32768,2048,10,30,0.09574399888515472,0.09520000219345093,0.09699200093746185,0.09596053337057432,0.0008021595051708771,190.65018403811683,131072,18253611008,131072,1.0,0.0,85983232,1.64,656,4636147712,44.0,166.65,1980.0,2619.0,41.0,169.51,1980.0,2619.0,20260810,2026-08-10T09:07:00.638241+00:00
ascending_sglang_q8kv8_l2-cold_shared_contiguous_n64_h524288,ok,,ascending,sglang_q8kv8,l2-cold,shared_contiguous,shared,64,524288,2048,10,30,0.06604799628257751,0.06547199934720993,0.07142399996519089,0.06685120041171709,0.0017511409087342415,276.36888377210363,131072,18253611008,2048,64.0,1.0,1179648,0.0225,576,579113472,41.0,170.09,1980.0,2619.0,41.0,170.09,1980.0,2619.0,20260810,2026-08-10T09:07:00.991214+00:00
ascending_sglang_q8kv8_l2-cold_independent_contiguous_n64_h524288,ok,,ascending,sglang_q8kv8,l2-cold,independent_contiguous,shared,64,524288,2048,10,30,0.07407999783754349,0.07337599992752075,0.07654400169849396,0.07430399954319,0.0010500352914309622,246.40404347783516,131072,18253611008,131072,1.0,0.0,75497472,1.44,576,579113472,41.0,170.09,1980.0,2619.0,41.0,171.44,1980.0,2619.0,20260810,2026-08-10T09:07:01.073735+00:00
ascending_sglang_q8kv8_steady_shared_dispersed_n64_h524288,ok,,ascending,sglang_q8kv8,steady,shared_dispersed,shared,64,524288,2048,10,30,0.06355199962854385,0.06307200342416763,0.06505600363016129,0.0638144001364708,0.0005827988435067158,287.22323632129337,131072,18253611008,2048,64.0,1.0,1179648,0.0225,576,579113472,41.0,171.44,1980.0,2619.0,41.0,171.44,1980.0,2619.0,20260810,2026-08-10T09:07:01.113327+00:00
ascending_sglang_q8kv8_steady_independent_dispersed_n64_h524288,ok,,ascending,sglang_q8kv8,steady,independent_dispersed,shared,64,524288,2048,10,30,0.07747200131416321,0.07651200145483017,0.07900799810886383,0.07766720056533813,0.0007991611185991824,235.61558625519757,131072,18253611008,131072,1.0,0.0,75497472,1.44,576,579113472,41.0,171.44,1980.0,2619.0,42.0,171.74,1980.0,2619.0,20260810,2026-08-10T09:07:01.186029+00:00
ascending_sglang_q8kv8_l2-cold_shared_dispersed_n64_h524288,ok,,ascending,sglang_q8kv8,l2-cold,shared_dispersed,shared,64,524288,2048,10,30,0.06646399945020676,0.06563200056552887,0.07075200229883194,0.06703253313899041,0.0020606560929361563,274.6390701582015,131072,18253611008,2048,64.0,1.0,1179648,0.0225,576,579113472,42.0,171.74,1980.0,2619.0,41.0,172.73,1980.0,2619.0,20260810,2026-08-10T09:07:01.268735+00:00
ascending_sglang_q8kv8_steady_independent_contiguous_n64_h524288,ok,,ascending,sglang_q8kv8,steady,independent_contiguous,shared,64,524288,2048,10,30,0.07494399696588516,0.07420799881219864,0.07791999727487564,0.07527039969960848,0.00100207833527317,243.56335059510002,131072,18253611008,131072,1.0,0.0,75497472,1.44,576,579113472,41.0,172.73,1980.0,2619.0,41.0,172.73,1980.0,2619.0,20260810,2026-08-10T09:07:01.345616+00:00
ascending_sglang_q8kv8_steady_shared_contiguous_n64_h524288,ok,,ascending,sglang_q8kv8,steady,shared_contiguous,shared,64,524288,2048,10,30,0.06361600011587143,0.06313599646091461,0.06473600119352341,0.06384746630986532,0.0009586014074285186,286.93427714336826,131072,18253611008,2048,64.0,1.0,1179648,0.0225,576,579113472,41.0,172.73,1980.0,2619.0,41.0,171.37,1980.0,2619.0,20260810,2026-08-10T09:07:01.386256+00:00
ascending_sglang_q8kv8_l2-cold_independent_dispersed_n64_h524288,ok,,ascending,sglang_q8kv8,l2-cold,independent_dispersed,shared,64,524288,2048,10,30,0.07664000242948532,0.0756480023264885,0.08163200318813324,0.0769856000940005,0.0015508700494627577,238.17341374427437,131072,18253611008,131072,1.0,0.0,75497472,1.44,576,579113472,41.0,171.24,1980.0,2619.0,41.0,171.24,1980.0,2619.0,20260810,2026-08-10T09:07:01.491392+00:00
ascending_sglang_q8kv8_steady_isolated_dispersed_n64_h524288,ok,,ascending,sglang_q8kv8,steady,isolated_dispersed,isolated,64,524288,2048,10,30,0.07827199995517731,0.07734400033950806,0.0798719972372055,0.07835733344157537,0.0008008671636899829,233.20741795856736,131072,18253611008,131072,1.0,0.0,75497472,1.44,576,19603424256,41.0,162.31,1980.0,2619.0,41.0,162.31,1980.0,2619.0,20260810,2026-08-10T09:07:01.641377+00:00
ascending_sglang_q8kv8_l2-cold_isolated_contiguous_n64_h524288,ok,,ascending,sglang_q8kv8,l2-cold,isolated_contiguous,isolated,64,524288,2048,10,30,0.07311999797821045,0.07225599884986877,0.07452800124883652,0.07337173347671827,0.0011249188007130591,249.63910712141328,131072,18253611008,131072,1.0,0.0,75497472,1.44,576,19603427840,41.0,162.44,1980.0,2619.0,41.0,153.32,1980.0,2619.0,20260810,2026-08-10T09:07:01.713784+00:00
ascending_sglang_q8kv8_steady_isolated_contiguous_n64_h524288,ok,,ascending,sglang_q8kv8,steady,isolated_contiguous,isolated,64,524288,2048,10,30,0.07500799745321274,0.07407999783754349,0.07865600287914276,0.07548480009039243,0.0014106732418239184,243.3555304470825,131072,18253611008,131072,1.0,0.0,75497472,1.44,576,19603427840,41.0,153.32,1980.0,2619.0,41.0,153.91,1980.0,2619.0,20260810,2026-08-10T09:07:01.857067+00:00
ascending_sglang_q8kv8_l2-cold_isolated_dispersed_n64_h524288,ok,,ascending,sglang_q8kv8,l2-cold,isolated_dispersed,isolated,64,524288,2048,10,30,0.07744000107049942,0.07555200159549713,0.08297599852085114,0.07986773401498795,0.011837260388343,235.7129488077147,131072,18253611008,131072,1.0,0.0,75497472,1.44,576,19603427840,41.0,153.91,1980.0,2619.0,41.0,155.47,1980.0,2619.0,20260810,2026-08-10T09:07:01.949448+00:00
ascending_sglang_q8kv8_l2-cold_independent_dispersed_n256_h524288,ok,,ascending,sglang_q8kv8,l2-cold,independent_dispersed,shared,256,524288,2048,10,30,0.17148800194263458,0.16841599345207214,0.1743360012769699,0.17142613381147384,0.0021298626002362398,425.7699851003248,524288,73014444032,411392,1.2744243932794026,0.0,236961792,4.5196875,576,605164032,41.0,152.57,1980.0,2619.0,41.0,154.16,1980.0,2619.0,20260810,2026-08-10T09:07:02.346120+00:00
ascending_sglang_q8kv8_steady_independent_contiguous_n256_h524288,ok,,ascending,sglang_q8kv8,steady,independent_contiguous,shared,256,524288,2048,10,30,0.15532800555229187,0.15254400670528412,0.15967999398708344,0.15581226746241253,0.0020660657832374803,470.06619168504903,524288,73014444032,524288,1.0,0.0,301989888,5.76,576,605164032,41.0,154.15,1980.0,2619.0,41.0,154.15,1980.0,2619.0,20260810,2026-08-10T09:07:02.508339+00:00
ascending_sglang_q8kv8_l2-cold_shared_contiguous_n256_h524288,ok,,ascending,sglang_q8kv8,l2-cold,shared_contiguous,shared,256,524288,2048,10,30,0.1202239990234375,0.11945600062608719,0.12198399752378464,0.12054293354352315,0.0011979427825970041,607.3200411322696,524288,73014444032,2048,256.0,1.0,1179648,0.0225,576,605164032,41.0,154.15,1980.0,2619.0,42.0,154.62,1980.0,2619.0,20260810,2026-08-10T09:07:02.573096+00:00
ascending_sglang_q8kv8_l2-cold_independent_contiguous_n256_h524288,ok,,ascending,sglang_q8kv8,l2-cold,independent_contiguous,shared,256,524288,2048,10,30,0.1557759940624237,0.15251199901103973,0.1616320013999939,0.1561311994989713,0.0024801878506972236,468.71435147280204,524288,73014444032,524288,1.0,0.0,301989888,5.76,576,605164032,42.0,154.62,1980.0,2619.0,42.0,154.62,1980.0,2619.0,20260810,2026-08-10T09:07:02.661741+00:00
ascending_sglang_q8kv8_l2-cold_shared_dispersed_n256_h524288,ok,,ascending,sglang_q8kv8,l2-cold,shared_dispersed,shared,256,524288,2048,10,30,0.11990399658679962,0.11939200013875961,0.1226240023970604,0.12025386616587638,0.000994849418367969,608.9408702832033,524288,73014444032,2048,256.0,1.0,1179648,0.0225,576,605164032,41.0,156.55,1980.0,2619.0,41.0,156.55,1980.0,2619.0,20260810,2026-08-10T09:07:02.748344+00:00
ascending_sglang_q8kv8_steady_shared_contiguous_n256_h524288,ok,,ascending,sglang_q8kv8,steady,shared_contiguous,shared,256,524288,2048,10,30,0.11628799885511398,0.11542399972677231,0.11807999759912491,0.11641706600785255,0.0007101057677577363,627.8760039801739,524288,73014444032,2048,256.0,1.0,1179648,0.0225,576,605164032,41.0,157.43,1980.0,2619.0,42.0,158.66,1980.0,2619.0,20260810,2026-08-10T09:07:02.813938+00:00
ascending_sglang_q8kv8_steady_shared_dispersed_n256_h524288,ok,,ascending,sglang_q8kv8,steady,shared_dispersed,shared,256,524288,2048,10,30,0.1165120005607605,0.1159679964184761,0.11868800222873688,0.11679786667227746,0.0008671134585671413,626.6688725675367,524288,73014444032,2048,256.0,1.0,1179648,0.0225,576,605164032,42.0,158.66,1980.0,2619.0,42.0,158.66,1980.0,2619.0,20260810,2026-08-10T09:07:02.921130+00:00
ascending_sglang_q8kv8_steady_independent_dispersed_n256_h524288,ok,,ascending,sglang_q8kv8,steady,independent_dispersed,shared,256,524288,2048,10,30,0.17027199268341064,0.16867199540138245,0.1738239973783493,0.17064000020424525,0.0018088313724210624,428.81065101385695,524288,73014444032,411392,1.2744243932794026,0.0,236961792,4.5196875,576,605164032,41.0,157.91,1980.0,2619.0,41.0,157.91,1980.0,2619.0,20260810,2026-08-10T09:07:03.009513+00:00
ascending_flashmla_bf16_l2-cold_shared_contiguous_n64_h524288,ok,,ascending,flashmla_bf16,l2-cold,shared_contiguous,shared,64,524288,2048,10,30,0.06995200365781784,0.06956800073385239,0.07145600020885468,0.07022186741232872,0.0009428398345064074,260.94479147860653,131072,18253611008,2048,64.0,1.0,2359296,0.045,1152,883459072,41.0,159.28,1980.0,2619.0,41.0,159.28,1980.0,2619.0,20260810,2026-08-10T09:07:03.209225+00:00
ascending_flashmla_bf16_l2-cold_independent_contiguous_n64_h524288,ok,,ascending,flashmla_bf16,l2-cold,independent_contiguous,shared,64,524288,2048,10,30,0.07993599772453308,0.07804799824953079,0.08313599973917007,0.0802325335641702,0.0015203178752777392,228.35282635620126,131072,18253611008,131072,1.0,0.0,150994944,2.88,1152,883459072,41.0,159.28,1980.0,2619.0,41.0,161.97,1980.0,2619.0,20260810,2026-08-10T09:07:03.275505+00:00
ascending_flashmla_bf16_steady_shared_dispersed_n64_h524288,ok,,ascending,flashmla_bf16,steady,shared_dispersed,shared,64,524288,2048,10,30,0.06864000111818314,0.06835199892520905,0.07135999947786331,0.06898240024844805,0.0010070310722216814,265.93255697317454,131072,18253611008,2048,64.0,1.0,2359296,0.045,1152,883459072,41.0,161.97,1980.0,2619.0,41.0,160.1,1980.0,2619.0,20260810,2026-08-10T09:07:03.333555+00:00
ascending_flashmla_bf16_steady_independent_dispersed_n64_h524288,ok,,ascending,flashmla_bf16,steady,independent_dispersed,shared,64,524288,2048,10,30,0.08419200032949448,0.08262400329113007,0.08560000360012054,0.0843018668393294,0.0009237481903480843,216.80932792382322,131072,18253611008,131072,1.0,0.0,150994944,2.88,1152,883459072,41.0,160.1,1980.0,2619.0,41.0,160.47,1980.0,2619.0,20260810,2026-08-10T09:07:03.459486+00:00
ascending_flashmla_bf16_l2-cold_shared_dispersed_n64_h524288,ok,,ascending,flashmla_bf16,l2-cold,shared_dispersed,shared,64,524288,2048,10,30,0.06988800317049026,0.06931199878454208,0.07152000069618225,0.07012266740202903,0.0009564856611663883,261.18375371908553,131072,18253611008,2048,64.0,1.0,2359296,0.045,1152,883459072,41.0,160.47,1980.0,2619.0,41.0,160.47,1980.0,2619.0,20260810,2026-08-10T09:07:03.564661+00:00
ascending_flashmla_bf16_steady_independent_contiguous_n64_h524288,ok,,ascending,flashmla_bf16,steady,independent_contiguous,shared,64,524288,2048,10,30,0.08099199831485748,0.08032000064849854,0.0822720006108284,0.08110826636354128,0.000589673988923731,225.37548631704138,131072,18253611008,131072,1.0,0.0,150994944,2.88,1152,883459072,41.0,158.87,1980.0,2619.0,41.0,158.87,1980.0,2619.0,20260810,2026-08-10T09:07:03.603841+00:00
ascending_flashmla_bf16_steady_shared_contiguous_n64_h524288,ok,,ascending,flashmla_bf16,steady,shared_contiguous,shared,64,524288,2048,10,30,0.06876800209283829,0.06841599941253662,0.06947200000286102,0.06886933421095212,0.0005271802015226622,265.43756474642424,131072,18253611008,2048,64.0,1.0,2359296,0.045,1152,883459072,41.0,157.26,1980.0,2619.0,41.0,157.26,1980.0,2619.0,20260810,2026-08-10T09:07:03.704756+00:00
ascending_flashmla_bf16_l2-cold_independent_dispersed_n64_h524288,ok,,ascending,flashmla_bf16,l2-cold,independent_dispersed,shared,64,524288,2048,10,30,0.08339200168848038,0.08249600231647491,0.08643200248479843,0.0838389329612255,0.0015798294323469445,218.88922964324914,131072,18253611008,131072,1.0,0.0,150994944,2.88,1152,883459072,41.0,157.26,1980.0,2619.0,41.0,157.26,1980.0,2619.0,20260810,2026-08-10T09:07:03.741151+00:00
ascending_flashmla_bf16_steady_isolated_dispersed_n64_h524288,ok,,ascending,flashmla_bf16,steady,isolated_dispersed,isolated,64,524288,2048,10,30,0.08396799862384796,0.08313599973917007,0.08550400286912918,0.08426666681965192,0.0007981350264362998,217.38771087984162,131072,18253611008,131072,1.0,0.0,150994944,2.88,1152,38933135872,41.0,154.87,1980.0,2619.0,41.0,155.23,1980.0,2619.0,20260810,2026-08-10T09:07:03.866552+00:00
ascending_flashmla_bf16_l2-cold_isolated_contiguous_n64_h524288,ok,,ascending,flashmla_bf16,l2-cold,isolated_contiguous,isolated,64,524288,2048,10,30,0.07923199981451035,0.078015998005867,0.08144000172615051,0.07950186630090078,0.0012092072053801854,230.38180344726172,131072,18253611008,131072,1.0,0.0,150994944,2.88,1152,38933136384,41.0,155.23,1980.0,2619.0,41.0,155.81,1980.0,2619.0,20260810,2026-08-10T09:07:03.965041+00:00
ascending_flashmla_bf16_steady_isolated_contiguous_n64_h524288,ok,,ascending,flashmla_bf16,steady,isolated_contiguous,isolated,64,524288,2048,10,30,0.0801599994301796,0.07859200239181519,0.08115199953317642,0.07999146655201912,0.0007933551523369687,227.7147098023514,131072,18253611008,131072,1.0,0.0,150994944,2.88,1152,38933136384,41.0,155.81,1980.0,2619.0,41.0,152.96,1980.0,2619.0,20260810,2026-08-10T09:07:04.084844+00:00
ascending_flashmla_bf16_l2-cold_isolated_dispersed_n64_h524288,ok,,ascending,flashmla_bf16,l2-cold,isolated_dispersed,isolated,64,524288,2048,10,30,0.08342400193214417,0.08214399963617325,0.08489599823951721,0.08354559962948163,0.0010668503850516293,218.8052668924612,131072,18253611008,131072,1.0,0.0,150994944,2.88,1152,38933136384,41.0,152.96,1980.0,2619.0,41.0,153.36,1980.0,2619.0,20260810,2026-08-10T09:07:04.184262+00:00
ascending_flashmla_fp8_decode_steady_native_independent_dispersed_n64_h524288,ok,,ascending,flashmla_fp8_decode,steady,native_independent_dispersed,isolated,64,524288,2048,10,30,0.09510400146245956,0.09440000355243683,0.09705600142478943,0.09543786694606145,0.0008776284874727503,191.93315451826973,131072,18253611008,131072,1.0,0.0,85983232,1.64,656,25274089472,41.0,153.36,1980.0,2619.0,50.0,301.85,1980.0,2619.0,20260810,2026-08-10T09:07:04.266824+00:00
ascending_flashmla_fp8_decode_l2-cold_native_independent_dispersed_n64_h524288,ok,,ascending,flashmla_fp8_decode,l2-cold,native_independent_dispersed,isolated,64,524288,2048,10,30,0.08937600255012512,0.0883840024471283,0.09116800129413605,0.08956800028681755,0.0011288036289795259,204.23391612041218,131072,18253611008,131072,1.0,0.0,85983232,1.64,656,25274089472,50.0,301.85,1980.0,2619.0,51.0,429.17,1980.0,2619.0,20260810,2026-08-10T09:07:04.885015+00:00
descending_sglang_q8kv8_steady_independent_dispersed_n64_h524288,ok,,descending,sglang_q8kv8,steady,independent_dispersed,shared,64,524288,2048,10,30,0.07715199887752533,0.07603199779987335,0.07971200346946716,0.07725226630767186,0.0009919914158885667,236.59284624597518,131072,18253611008,131072,1.0,0.0,75497472,1.44,576,579109888,51.0,434.82,1980.0,2619.0,46.0,399.51,1980.0,2619.0,20260810,2026-08-10T09:07:05.503503+00:00
descending_sglang_q8kv8_steady_independent_contiguous_n64_h524288,ok,,descending,sglang_q8kv8,steady,independent_contiguous,shared,64,524288,2048,10,30,0.07446400076150894,0.07360000163316727,0.07683199644088745,0.07472960005203882,0.0009310164992875484,245.13336405952882,131072,18253611008,131072,1.0,0.0,75497472,1.44,576,579109888,46.0,399.51,1980.0,2619.0,45.0,361.11,1980.0,2619.0,20260810,2026-08-10T09:07:05.581671+00:00
descending_sglang_q8kv8_l2-cold_independent_dispersed_n64_h524288,ok,,descending,sglang_q8kv8,l2-cold,independent_dispersed,shared,64,524288,2048,10,30,0.07583999633789062,0.07481600344181061,0.07891199737787247,0.07608853330214818,0.001161344879080355,240.6858107781878,131072,18253611008,131072,1.0,0.0,75497472,1.44,576,579113472,45.0,361.11,1980.0,2619.0,45.0,316.57,1980.0,2619.0,20260810,2026-08-10T09:07:05.703631+00:00
descending_sglang_q8kv8_steady_shared_dispersed_n64_h524288,ok,,descending,sglang_q8kv8,steady,shared_dispersed,shared,64,524288,2048,10,30,0.06326399743556976,0.06281600147485733,0.06451199948787689,0.06344319979349772,0.0006375197202689527,288.53078761882074,131072,18253611008,2048,64.0,1.0,1179648,0.0225,576,579113472,44.0,301.81,1980.0,2619.0,44.0,301.81,1980.0,2619.0,20260810,2026-08-10T09:07:05.810542+00:00
descending_sglang_q8kv8_l2-cold_independent_contiguous_n64_h524288,ok,,descending,sglang_q8kv8,l2-cold,independent_contiguous,shared,64,524288,2048,10,30,0.07347200065851212,0.07260800153017044,0.07692799717187881,0.07404693389932314,0.0024245002393616408,248.4430918499185,131072,18253611008,131072,1.0,0.0,75497472,1.44,576,579113472,44.0,301.81,1980.0,2619.0,44.0,302.19,1980.0,2619.0,20260810,2026-08-10T09:07:05.871359+00:00
descending_sglang_q8kv8_steady_shared_contiguous_n64_h524288,ok,,descending,sglang_q8kv8,steady,shared_contiguous,shared,64,524288,2048,10,30,0.06323199719190598,0.06272000074386597,0.06457599997520447,0.06341013287504514,0.0009022143832079199,288.6768063422257,131072,18253611008,2048,64.0,1.0,1179648,0.0225,576,579113472,43.0,281.87,1980.0,2619.0,43.0,281.87,1980.0,2619.0,20260810,2026-08-10T09:07:06.012560+00:00
descending_sglang_q8kv8_l2-cold_shared_dispersed_n64_h524288,ok,,descending,sglang_q8kv8,l2-cold,shared_dispersed,shared,64,524288,2048,10,30,0.0658240020275116,0.06524799764156342,0.069023996591568,0.06631040051579476,0.0013169956483800322,277.3093468302152,131072,18253611008,2048,64.0,1.0,1179648,0.0225,576,579113472,43.0,245.48,1980.0,2619.0,43.0,245.48,1980.0,2619.0,20260810,2026-08-10T09:07:06.109376+00:00
descending_sglang_q8kv8_l2-cold_shared_contiguous_n64_h524288,ok,,descending,sglang_q8kv8,l2-cold,shared_contiguous,shared,64,524288,2048,10,30,0.06540799885988235,0.06492800265550613,0.06716799736022949,0.06561173374454181,0.0006400255845430232,279.07306944373977,131072,18253611008,2048,64.0,1.0,1179648,0.0225,576,579113472,43.0,245.48,1980.0,2619.0,43.0,245.48,1980.0,2619.0,20260810,2026-08-10T09:07:06.166381+00:00
descending_sglang_q8kv8_steady_isolated_dispersed_n64_h524288,ok,,descending,sglang_q8kv8,steady,isolated_dispersed,isolated,64,524288,2048,10,30,0.07807999849319458,0.07705599814653397,0.07939200103282928,0.07816639939943949,0.0009054420666715944,233.78088320008072,131072,18253611008,131072,1.0,0.0,75497472,1.44,576,19603424256,43.0,204.88,1980.0,2619.0,43.0,168.46,1980.0,2619.0,20260810,2026-08-10T09:07:06.278576+00:00
descending_sglang_q8kv8_l2-cold_isolated_dispersed_n64_h524288,ok,,descending,sglang_q8kv8,l2-cold,isolated_dispersed,isolated,64,524288,2048,10,30,0.07734400033950806,0.07593599706888199,0.07894399762153625,0.07748053347071011,0.0012332790717863285,236.00551985770358,131072,18253611008,131072,1.0,0.0,75497472,1.44,576,19603427840,43.0,168.46,1980.0,2619.0,43.0,168.46,1980.0,2619.0,20260810,2026-08-10T09:07:06.377455+00:00
descending_sglang_q8kv8_l2-cold_isolated_contiguous_n64_h524288,ok,,descending,sglang_q8kv8,l2-cold,isolated_contiguous,isolated,64,524288,2048,10,30,0.07318399846553802,0.07264000177383423,0.07507199794054031,0.0734197328488032,0.0008788635880657636,249.42079403594673,131072,18253611008,131072,1.0,0.0,75497472,1.44,576,19603427840,43.0,155.75,1980.0,2619.0,42.0,155.72,1980.0,2619.0,20260810,2026-08-10T09:07:06.459959+00:00
descending_sglang_q8kv8_steady_isolated_contiguous_n64_h524288,ok,,descending,sglang_q8kv8,steady,isolated_contiguous,isolated,64,524288,2048,10,30,0.07478400319814682,0.07363200187683105,0.07744000107049942,0.07506133367617925,0.0013057494255003103,244.08443286508006,131072,18253611008,131072,1.0,0.0,75497472,1.44,576,19603427840,42.0,155.72,1980.0,2619.0,42.0,155.41,1980.0,2619.0,20260810,2026-08-10T09:07:06.588402+00:00
descending_sglang_q8kv8_l2-cold_shared_contiguous_n256_h524288,ok,,descending,sglang_q8kv8,l2-cold,shared_contiguous,shared,256,524288,2048,10,30,0.11932799965143204,0.11875200271606445,0.12470400333404541,0.11986239974697431,0.0016308943470070615,611.8802313395166,524288,73014444032,2048,256.0,1.0,1179648,0.0225,576,605164032,42.0,153.64,1980.0,2619.0,42.0,154.5,1980.0,2619.0,20260810,2026-08-10T09:07:06.985554+00:00
descending_sglang_q8kv8_steady_shared_dispersed_n256_h524288,ok,,descending,sglang_q8kv8,steady,shared_dispersed,shared,256,524288,2048,10,30,0.11644800007343292,0.11568000167608261,0.11961600184440613,0.11674666677912077,0.001144727826254178,627.0132933666235,524288,73014444032,2048,256.0,1.0,1179648,0.0225,576,605164032,42.0,154.5,1980.0,2619.0,42.0,154.62,1980.0,2619.0,20260810,2026-08-10T09:07:07.102234+00:00
descending_sglang_q8kv8_l2-cold_independent_contiguous_n256_h524288,ok,,descending,sglang_q8kv8,l2-cold,independent_contiguous,shared,256,524288,2048,10,30,0.15587200224399567,0.15263999998569489,0.16070400178432465,0.15599573304255804,0.002121508939389629,468.4256504109453,524288,73014444032,524288,1.0,0.0,301989888,5.76,576,605164032,42.0,153.07,1980.0,2619.0,42.0,153.07,1980.0,2619.0,20260810,2026-08-10T09:07:07.226729+00:00
descending_sglang_q8kv8_steady_independent_dispersed_n256_h524288,ok,,descending,sglang_q8kv8,steady,independent_dispersed,shared,256,524288,2048,10,30,0.17020800709724426,0.1671680063009262,0.1863040030002594,0.17119573454062145,0.004402210352382357,428.971852013313,524288,73014444032,411392,1.2744243932794026,0.0,236961792,4.5196875,576,605164032,42.0,154.6,1980.0,2619.0,42.0,156.14,1980.0,2619.0,20260810,2026-08-10T09:07:07.336611+00:00
descending_sglang_q8kv8_l2-cold_independent_dispersed_n256_h524288,ok,,descending,sglang_q8kv8,l2-cold,independent_dispersed,shared,256,524288,2048,10,30,0.171424001455307,0.1682559996843338,0.17404800653457642,0.17137386749188105,0.0015621261066830563,425.9289446760233,524288,73014444032,411392,1.2744243932794026,0.0,236961792,4.5196875,576,605164032,42.0,156.14,1980.0,2619.0,42.0,156.14,1980.0,2619.0,20260810,2026-08-10T09:07:07.446265+00:00
descending_sglang_q8kv8_steady_independent_contiguous_n256_h524288,ok,,descending,sglang_q8kv8,steady,independent_contiguous,shared,256,524288,2048,10,30,0.15510399639606476,0.15251199901103973,0.1586879938840866,0.15541013330221176,0.0018790611984240064,470.745085417106,524288,73014444032,524288,1.0,0.0,301989888,5.76,576,605164032,42.0,157.86,1980.0,2619.0,42.0,158.73,1980.0,2619.0,20260810,2026-08-10T09:07:07.560135+00:00
descending_sglang_q8kv8_steady_shared_contiguous_n256_h524288,ok,,descending,sglang_q8kv8,steady,shared_contiguous,shared,256,524288,2048,10,30,0.11603199690580368,0.11532799899578094,0.11807999759912491,0.11627306615312895,0.0008551339422637228,629.2612898084836,524288,73014444032,2048,256.0,1.0,1179648,0.0225,576,605164032,42.0,158.73,1980.0,2619.0,42.0,157.93,1980.0,2619.0,20260810,2026-08-10T09:07:07.645283+00:00
descending_sglang_q8kv8_l2-cold_shared_dispersed_n256_h524288,ok,,descending,sglang_q8kv8,l2-cold,shared_dispersed,shared,256,524288,2048,10,30,0.11999999731779099,0.11910399794578552,0.12204799801111221,0.12019306644797326,0.0009978138930148172,608.453713866667,524288,73014444032,2048,256.0,1.0,1179648,0.0225,576,605164032,42.0,157.93,1980.0,2619.0,42.0,159.34,1980.0,2619.0,20260810,2026-08-10T09:07:07.744164+00:00
descending_flashmla_bf16_steady_independent_dispersed_n64_h524288,ok,,descending,flashmla_bf16,steady,independent_dispersed,shared,64,524288,2048,10,30,0.08416000008583069,0.08278399705886841,0.0859839990735054,0.08433173274000486,0.0012760601468276146,216.89176555827035,131072,18253611008,131072,1.0,0.0,150994944,2.88,1152,883458560,42.0,157.93,1980.0,2619.0,42.0,157.93,1980.0,2619.0,20260810,2026-08-10T09:07:08.045604+00:00
descending_flashmla_bf16_steady_independent_contiguous_n64_h524288,ok,,descending,flashmla_bf16,steady,independent_contiguous,shared,64,524288,2048,10,30,0.08089599758386612,0.07974400371313095,0.0822720006108284,0.08099733342727025,0.000841913502306748,225.64294344817498,131072,18253611008,131072,1.0,0.0,150994944,2.88,1152,883458560,41.0,157.86,1980.0,2619.0,41.0,157.86,1980.0,2619.0,20260810,2026-08-10T09:07:08.111651+00:00
descending_flashmla_bf16_l2-cold_independent_dispersed_n64_h524288,ok,,descending,flashmla_bf16,l2-cold,independent_dispersed,shared,64,524288,2048,10,30,0.08342400193214417,0.08211199939250946,0.08460800349712372,0.08355093424518903,0.0011668227333080186,218.8052668924612,131072,18253611008,131072,1.0,0.0,150994944,2.88,1152,883459072,41.0,157.86,1980.0,2619.0,42.0,159.45,1980.0,2619.0,20260810,2026-08-10T09:07:08.189082+00:00
descending_flashmla_bf16_steady_shared_dispersed_n64_h524288,ok,,descending,flashmla_bf16,steady,shared_dispersed,shared,64,524288,2048,10,30,0.06867200136184692,0.06835199892520905,0.07135999947786331,0.06907413353522619,0.001301988755795296,265.8086359216177,131072,18253611008,2048,64.0,1.0,2359296,0.045,1152,883459072,42.0,156.82,1980.0,2619.0,42.0,156.82,1980.0,2619.0,20260810,2026-08-10T09:07:08.312312+00:00
descending_flashmla_bf16_l2-cold_independent_contiguous_n64_h524288,ok,,descending,flashmla_bf16,l2-cold,independent_contiguous,shared,64,524288,2048,10,30,0.07968000322580338,0.07820799946784973,0.08217599987983704,0.08006826713681221,0.0013931266856281675,229.08647425968974,131072,18253611008,131072,1.0,0.0,150994944,2.88,1152,883459072,42.0,156.82,1980.0,2619.0,42.0,156.82,1980.0,2619.0,20260810,2026-08-10T09:07:08.366137+00:00
descending_flashmla_bf16_steady_shared_contiguous_n64_h524288,ok,,descending,flashmla_bf16,steady,shared_contiguous,shared,64,524288,2048,10,30,0.06860800087451935,0.06825599819421768,0.06921599805355072,0.06871573353807131,0.0004616207288022363,266.056593623606,131072,18253611008,2048,64.0,1.0,2359296,0.045,1152,883459072,42.0,156.43,1980.0,2619.0,42.0,156.43,1980.0,2619.0,20260810,2026-08-10T09:07:08.412366+00:00
descending_flashmla_bf16_l2-cold_shared_dispersed_n64_h524288,ok,,descending,flashmla_bf16,l2-cold,shared_dispersed,shared,64,524288,2048,10,30,0.0697920024394989,0.0692799985408783,0.07135999947786331,0.06999146739641825,0.0010347985063123616,261.5430188268869,131072,18253611008,2048,64.0,1.0,2359296,0.045,1152,883459072,42.0,156.43,1980.0,2619.0,42.0,154.62,1980.0,2619.0,20260810,2026-08-10T09:07:08.485643+00:00
descending_flashmla_bf16_l2-cold_shared_contiguous_n64_h524288,ok,,descending,flashmla_bf16,l2-cold,shared_contiguous,shared,64,524288,2048,10,30,0.06998399645090103,0.06931199878454208,0.07088000327348709,0.07014186680316925,0.00105282534890605,260.82550202468445,131072,18253611008,2048,64.0,1.0,2359296,0.045,1152,883459072,42.0,154.62,1980.0,2619.0,42.0,154.62,1980.0,2619.0,20260810,2026-08-10T09:07:08.564639+00:00
descending_flashmla_bf16_steady_isolated_dispersed_n64_h524288,ok,,descending,flashmla_bf16,steady,isolated_dispersed,isolated,64,524288,2048,10,30,0.08291199803352356,0.08204799890518188,0.08566399663686752,0.08329706639051437,0.0011796241234949309,220.15644829376288,131072,18253611008,131072,1.0,0.0,150994944,2.88,1152,38933135872,41.0,156.43,1980.0,2619.0,42.0,156.9,1980.0,2619.0,20260810,2026-08-10T09:07:08.707692+00:00
descending_flashmla_bf16_l2-cold_isolated_dispersed_n64_h524288,ok,,descending,flashmla_bf16,l2-cold,isolated_dispersed,isolated,64,524288,2048,10,30,0.08265600353479385,0.08163200318813324,0.08422400057315826,0.08298560033241907,0.0012436195232528218,220.8382964017391,131072,18253611008,131072,1.0,0.0,150994944,2.88,1152,38933136384,42.0,156.9,1980.0,2619.0,42.0,157.51,1980.0,2619.0,20260810,2026-08-10T09:07:08.765489+00:00
descending_flashmla_bf16_l2-cold_isolated_contiguous_n64_h524288,ok,,descending,flashmla_bf16,l2-cold,isolated_contiguous,isolated,64,524288,2048,10,30,0.07964800298213959,0.07865600287914276,0.08428800106048584,0.07994240075349808,0.0015213166658250648,229.1785145208628,131072,18253611008,131072,1.0,0.0,150994944,2.88,1152,38933136384,42.0,157.51,1980.0,2619.0,42.0,157.51,1980.0,2619.0,20260810,2026-08-10T09:07:08.829554+00:00
descending_flashmla_bf16_steady_isolated_contiguous_n64_h524288,ok,,descending,flashmla_bf16,steady,isolated_contiguous,isolated,64,524288,2048,10,30,0.07929600030183792,0.07859200239181519,0.0814720019698143,0.07959359933932622,0.0009929676543045192,230.19586030213577,131072,18253611008,131072,1.0,0.0,150994944,2.88,1152,38933136384,42.0,157.51,1980.0,2619.0,42.0,157.51,1980.0,2619.0,20260810,2026-08-10T09:07:08.869675+00:00
descending_flashmla_fp8_decode_steady_native_independent_dispersed_n64_h524288,ok,,descending,flashmla_fp8_decode,steady,native_independent_dispersed,isolated,64,524288,2048,10,30,0.09491200000047684,0.09414400160312653,0.09824000298976898,0.09530986646811167,0.001092936264290089,192.32142413929003,131072,18253611008,131072,1.0,0.0,85983232,1.64,656,25274089472,41.0,159.9,1980.0,2619.0,50.0,309.52,1980.0,2619.0,20260810,2026-08-10T09:07:08.925392+00:00
descending_flashmla_fp8_decode_l2-cold_native_independent_dispersed_n64_h524288,ok,,descending,flashmla_fp8_decode,l2-cold,native_independent_dispersed,isolated,64,524288,2048,10,30,0.08870399743318558,0.08806400001049042,0.09065599739551544,0.08902826632062594,0.0010878657924164275,205.78115458380722,131072,18253611008,131072,1.0,0.0,85983232,1.64,656,25274089472,50.0,309.52,1980.0,2619.0,52.0,449.15,1980.0,2619.0,20260810,2026-08-10T09:07:09.452063+00:00
descending_flashmla_bf16_l2-cold_independent_dispersed_n64_h32768,ok,,descending,flashmla_bf16,l2-cold,independent_dispersed,shared,64,32768,2048,10,30,0.07372800260782242,0.07311999797821045,0.0745600014925003,0.07389653374751409,0.0008884221683152434,247.5804356873127,131072,18253611008,32768,4.0,0.0,37748736,0.72,1152,317228032,46.0,411.48,1980.0,2619.0,46.0,411.48,1980.0,2619.0,20260810,2026-08-10T09:07:10.137467+00:00
descending_flashmla_bf16_steady_shared_contiguous_n64_h32768,ok,,descending,flashmla_bf16,steady,shared_contiguous,shared,64,32768,2048,10,30,0.06835199892520905,0.06815999746322632,0.06892800331115723,0.06848213250438372,0.0006458904657686286,267.0530678696486,131072,18253611008,2048,64.0,1.0,2359296,0.045,1152,317228032,46.0,411.48,1980.0,2619.0,45.0,376.29,1980.0,2619.0,20260810,2026-08-10T09:07:10.201725+00:00
descending_flashmla_bf16_l2-cold_independent_contiguous_n64_h32768,ok,,descending,flashmla_bf16,l2-cold,independent_contiguous,shared,64,32768,2048,10,30,0.0751039981842041,0.07449600100517273,0.08003199845552444,0.07549653326471646,0.0013595527766039537,243.04446433371245,131072,18253611008,32768,4.0,0.75,37748736,0.72,1152,317228032,45.0,376.29,1980.0,2619.0,45.0,337.41,1980.0,2619.0,20260810,2026-08-10T09:07:10.293342+00:00
descending_flashmla_bf16_steady_independent_dispersed_n64_h32768,ok,,descending,flashmla_bf16,steady,independent_dispersed,shared,64,32768,2048,10,30,0.07395199686288834,0.07321599870920181,0.07500799745321274,0.07406719997525216,0.0006638028307076113,246.8305357844947,131072,18253611008,32768,4.0,0.0,37748736,0.72,1152,317228032,45.0,337.41,1980.0,2619.0,44.0,306.89,1980.0,2619.0,20260810,2026-08-10T09:07:10.412582+00:00
descending_flashmla_bf16_l2-cold_shared_contiguous_n64_h32768,ok,,descending,flashmla_bf16,l2-cold,shared_contiguous,shared,64,32768,2048,10,30,0.06940799951553345,0.06911999732255936,0.07129599899053574,0.06967679957548777,0.000967988460051167,262.9900175110919,131072,18253611008,2048,64.0,1.0,2359296,0.045,1152,317228032,44.0,306.89,1980.0,2619.0,44.0,306.89,1980.0,2619.0,20260810,2026-08-10T09:07:10.469309+00:00
descending_flashmla_bf16_steady_shared_dispersed_n64_h32768,ok,,descending,flashmla_bf16,steady,shared_dispersed,shared,64,32768,2048,10,30,0.0684799998998642,0.06803199648857117,0.06943999975919724,0.0685311995446682,0.000540449659068627,266.5538994551926,131072,18253611008,2048,64.0,1.0,2359296,0.045,1152,317228032,44.0,299.65,1980.0,2619.0,44.0,299.65,1980.0,2619.0,20260810,2026-08-10T09:07:10.527530+00:00
descending_flashmla_bf16_steady_independent_contiguous_n64_h32768,ok,,descending,flashmla_bf16,steady,independent_contiguous,shared,64,32768,2048,10,30,0.07414399832487106,0.07366400212049484,0.07574400305747986,0.07428053319454193,0.0007975609201356238,246.19134954146327,131072,18253611008,32768,4.0,0.75,37748736,0.72,1152,317228032,44.0,299.65,1980.0,2619.0,44.0,299.65,1980.0,2619.0,20260810,2026-08-10T09:07:10.563823+00:00
descending_flashmla_bf16_l2-cold_shared_dispersed_n64_h32768,ok,,descending,flashmla_bf16,l2-cold,shared_dispersed,shared,64,32768,2048,10,30,0.06940799951553345,0.069023996591568,0.07401599735021591,0.07101759935418765,0.007361108828841102,262.9900175110919,131072,18253611008,2048,64.0,1.0,2359296,0.045,1152,317228032,44.0,299.65,1980.0,2619.0,43.0,263.6,1980.0,2619.0,20260810,2026-08-10T09:07:10.599179+00:00
descending_flashmla_bf16_steady_isolated_contiguous_n64_h32768,ok,,descending,flashmla_bf16,steady,isolated_contiguous,isolated,64,32768,2048,10,30,0.07993599772453308,0.0785600021481514,0.08166400343179703,0.08005120058854422,0.0008872565596425192,228.35282635620126,131072,18253611008,131072,1.0,0.0,150994944,2.88,1152,2694349312,43.0,232.71,1980.0,2619.0,43.0,232.71,1980.0,2619.0,20260810,2026-08-10T09:07:10.741957+00:00
descending_flashmla_bf16_l2-cold_isolated_dispersed_n64_h32768,ok,,descending,flashmla_bf16,l2-cold,isolated_dispersed,isolated,64,32768,2048,10,30,0.08284799754619598,0.08156800270080566,0.08479999750852585,0.08310399999221166,0.0013932562173667063,220.32652023752053,131072,18253611008,131072,1.0,0.0,150994944,2.88,1152,2694349824,43.0,196.37,1980.0,2619.0,43.0,196.37,1980.0,2619.0,20260810,2026-08-10T09:07:10.855254+00:00
descending_flashmla_bf16_steady_isolated_dispersed_n64_h32768,ok,,descending,flashmla_bf16,steady,isolated_dispersed,isolated,64,32768,2048,10,30,0.08291199803352356,0.0820159986615181,0.08531200140714645,0.08323306689659754,0.0010898652906250075,220.15644829376288,131072,18253611008,131072,1.0,0.0,150994944,2.88,1152,2694349824,43.0,196.37,1980.0,2619.0,43.0,159.01,1980.0,2619.0,20260810,2026-08-10T09:07:10.896499+00:00
descending_flashmla_bf16_l2-cold_isolated_contiguous_n64_h32768,ok,,descending,flashmla_bf16,l2-cold,isolated_contiguous,isolated,64,32768,2048,10,30,0.0791039988398552,0.07814399898052216,0.0822720006108284,0.0794730673233668,0.001507054323652045,230.75459238102678,131072,18253611008,131072,1.0,0.0,150994944,2.88,1152,2694349824,43.0,159.01,1980.0,2619.0,43.0,159.01,1980.0,2619.0,20260810,2026-08-10T09:07:10.949906+00:00
descending_sglang_q8kv8_l2-cold_independent_dispersed_n64_h32768,ok,,descending,sglang_q8kv8,l2-cold,independent_dispersed,shared,64,32768,2048,10,30,0.0671359971165657,0.0663679987192154,0.06864000111818314,0.06741226663192114,0.0011087434067449965,271.89007078135654,131072,18253611008,32768,4.0,0.0,18874368,0.36,576,295997952,42.0,158.21,1980.0,2619.0,42.0,158.21,1980.0,2619.0,20260810,2026-08-10T09:07:11.141838+00:00
descending_sglang_q8kv8_steady_shared_contiguous_n64_h32768,ok,,descending,sglang_q8kv8,steady,shared_contiguous,shared,64,32768,2048,10,30,0.06297600269317627,0.06252799928188324,0.0658240020275116,0.06329813425739607,0.0008896127128858965,289.8502640272826,131072,18253611008,2048,64.0,1.0,1179648,0.0225,576,295997952,42.0,158.21,1980.0,2619.0,42.0,157.78,1980.0,2619.0,20260810,2026-08-10T09:07:11.182172+00:00
descending_sglang_q8kv8_l2-cold_independent_contiguous_n64_h32768,ok,,descending,sglang_q8kv8,l2-cold,independent_contiguous,shared,64,32768,2048,10,30,0.066880002617836,0.0663359984755516,0.07187200337648392,0.0674272005756696,0.001443938157312313,272.9307759197367,131072,18253611008,32768,4.0,0.75,18874368,0.36,576,295997952,42.0,157.78,1980.0,2619.0,42.0,157.78,1980.0,2619.0,20260810,2026-08-10T09:07:11.236549+00:00
descending_sglang_q8kv8_steady_independent_dispersed_n64_h32768,ok,,descending,sglang_q8kv8,steady,independent_dispersed,shared,64,32768,2048,10,30,0.06300800293684006,0.0626240000128746,0.06384000182151794,0.0631658673286438,0.0006106840942254884,289.70305607523585,131072,18253611008,32768,4.0,0.0,18874368,0.36,576,295997952,42.0,157.0,1980.0,2619.0,42.0,157.0,1980.0,2619.0,20260810,2026-08-10T09:07:11.338912+00:00
descending_sglang_q8kv8_l2-cold_shared_contiguous_n64_h32768,ok,,descending,sglang_q8kv8,l2-cold,shared_contiguous,shared,64,32768,2048,10,30,0.06515199691057205,0.06451199948787689,0.06707199662923813,0.06544533347090085,0.0010388281019101239,280.1696321458112,131072,18253611008,2048,64.0,1.0,1179648,0.0225,576,295997952,42.0,157.0,1980.0,2619.0,42.0,157.66,1980.0,2619.0,20260810,2026-08-10T09:07:11.394228+00:00
descending_sglang_q8kv8_steady_shared_dispersed_n64_h32768,ok,,descending,sglang_q8kv8,steady,shared_dispersed,shared,64,32768,2048,10,30,0.06284800171852112,0.06249599903821945,0.06592000275850296,0.06337920054793358,0.001930647606332079,290.4405949094912,131072,18253611008,2048,64.0,1.0,1179648,0.0225,576,295997952,42.0,157.66,1980.0,2619.0,42.0,156.27,1980.0,2619.0,20260810,2026-08-10T09:07:11.468057+00:00
descending_sglang_q8kv8_steady_independent_contiguous_n64_h32768,ok,,descending,sglang_q8kv8,steady,independent_contiguous,shared,64,32768,2048,10,30,0.06332799792289734,0.0628800019621849,0.06464000046253204,0.06343466738859813,0.000663994008005067,288.23919287996455,131072,18253611008,32768,4.0,0.75,18874368,0.36,576,295997952,42.0,156.27,1980.0,2619.0,42.0,155.59,1980.0,2619.0,20260810,2026-08-10T09:07:11.560733+00:00
descending_sglang_q8kv8_l2-cold_shared_dispersed_n64_h32768,ok,,descending,sglang_q8kv8,l2-cold,shared_dispersed,shared,64,32768,2048,10,30,0.0655359998345375,0.06483200192451477,0.06707199662923813,0.06572479928533236,0.0008915836218352895,278.5280007032156,131072,18253611008,2048,64.0,1.0,1179648,0.0225,576,295997952,42.0,155.59,1980.0,2619.0,42.0,155.59,1980.0,2619.0,20260810,2026-08-10T09:07:11.638292+00:00
descending_sglang_q8kv8_steady_shared_contiguous_n256_h32768,ok,,descending,sglang_q8kv8,steady,shared_contiguous,shared,256,32768,2048,10,30,0.11574400216341019,0.11523199826478958,0.11798399686813354,0.11597333351771037,0.0010080790973027891,630.8270205562483,524288,73014444032,2048,256.0,1.0,1179648,0.0225,576,322044928,42.0,149.97,1980.0,2619.0,42.0,150.99,1980.0,2619.0,20260810,2026-08-10T09:07:12.057055+00:00
descending_sglang_q8kv8_steady_independent_dispersed_n256_h32768,ok,,descending,sglang_q8kv8,steady,independent_dispersed,shared,256,32768,2048,10,30,0.12166400253772736,0.12067200243473053,0.12329600006341934,0.12168426637848219,0.0007861624687298738,600.1318591286572,524288,73014444032,32768,16.0,0.0,18874368,0.36,576,322044928,42.0,150.99,1980.0,2619.0,42.0,151.05,1980.0,2619.0,20260810,2026-08-10T09:07:12.185487+00:00
descending_sglang_q8kv8_l2-cold_independent_contiguous_n256_h32768,ok,,descending,sglang_q8kv8,l2-cold,independent_contiguous,shared,256,32768,2048,10,30,0.12492799758911133,0.12358400225639343,0.1271039992570877,0.1251370665927728,0.0011916645865917828,584.4522080002017,524288,73014444032,32768,16.0,0.9375,18874368,0.36,576,322048512,42.0,151.05,1980.0,2619.0,42.0,151.84,1980.0,2619.0,20260810,2026-08-10T09:07:12.307625+00:00
descending_sglang_q8kv8_steady_shared_dispersed_n256_h32768,ok,,descending,sglang_q8kv8,steady,shared_dispersed,shared,256,32768,2048,10,30,0.11615999788045883,0.11535999923944473,0.11801599711179733,0.1162783995270729,0.0007270479215393385,628.5678836456225,524288,73014444032,2048,256.0,1.0,1179648,0.0225,576,322048512,42.0,151.84,1980.0,2619.0,42.0,151.84,1980.0,2619.0,20260810,2026-08-10T09:07:12.372051+00:00
descending_sglang_q8kv8_l2-cold_independent_dispersed_n256_h32768,ok,,descending,sglang_q8kv8,l2-cold,independent_dispersed,shared,256,32768,2048,10,30,0.12256000190973282,0.12108799815177917,0.1268160045146942,0.12303466647863388,0.0018509754667914097,595.7444753123957,524288,73014444032,32768,16.0,0.0,18874368,0.36,576,322048512,42.0,152.05,1980.0,2619.0,42.0,152.05,1980.0,2619.0,20260810,2026-08-10T09:07:12.451912+00:00
descending_sglang_q8kv8_l2-cold_shared_dispersed_n256_h32768,ok,,descending,sglang_q8kv8,l2-cold,shared_dispersed,shared,256,32768,2048,10,30,0.11907199770212173,0.11833599954843521,0.12332800030708313,0.1195189336935679,0.0015075245771034556,613.1957592133265,524288,73014444032,2048,256.0,1.0,1179648,0.0225,576,322048512,42.0,154.05,1980.0,2619.0,42.0,154.05,1980.0,2619.0,20260810,2026-08-10T09:07:12.532094+00:00
descending_sglang_q8kv8_steady_independent_contiguous_n256_h32768,ok,,descending,sglang_q8kv8,steady,independent_contiguous,shared,256,32768,2048,10,30,0.12671999633312225,0.12531200051307678,0.12812800705432892,0.1268682671089967,0.0012770220745482788,576.1872328346602,524288,73014444032,32768,16.0,0.9375,18874368,0.36,576,322048512,42.0,156.25,1980.0,2619.0,42.0,156.25,1980.0,2619.0,20260810,2026-08-10T09:07:12.629097+00:00
descending_sglang_q8kv8_l2-cold_shared_contiguous_n256_h32768,ok,,descending,sglang_q8kv8,l2-cold,shared_contiguous,shared,256,32768,2048,10,30,0.11913599818944931,0.11830399930477142,0.12495999783277512,0.12859520067771277,0.04822291043893668,612.8663472134837,524288,73014444032,2048,256.0,1.0,1179648,0.0225,576,322048512,42.0,156.25,1980.0,2619.0,42.0,156.25,1980.0,2619.0,20260810,2026-08-10T09:07:12.685114+00:00
descending_sglang_q8kv8_steady_isolated_contiguous_n64_h32768,ok,,descending,sglang_q8kv8,steady,isolated_contiguous,isolated,64,32768,2048,10,30,0.07420799881219864,0.0732479989528656,0.07894399762153625,0.07459733287493388,0.00149635663001366,245.97902247970862,131072,18253611008,131072,1.0,0.0,75497472,1.44,576,1484030976,41.0,158.3,1980.0,2619.0,41.0,158.3,1980.0,2619.0,20260810,2026-08-10T09:07:12.869635+00:00
descending_sglang_q8kv8_l2-cold_isolated_dispersed_n64_h32768,ok,,descending,sglang_q8kv8,l2-cold,isolated_dispersed,isolated,64,32768,2048,10,30,0.07648000121116638,0.07529599964618683,0.07894399762153625,0.07677333354949951,0.0011291078017272164,238.67168827051353,131072,18253611008,131072,1.0,0.0,75497472,1.44,576,1484034560,41.0,158.78,1980.0,2619.0,42.0,160.88,1980.0,2619.0,20260810,2026-08-10T09:07:12.992477+00:00
descending_sglang_q8kv8_steady_isolated_dispersed_n64_h32768,ok,,descending,sglang_q8kv8,steady,isolated_dispersed,isolated,64,32768,2048,10,30,0.07702399790287018,0.0764160007238388,0.07840000092983246,0.07730346669753392,0.000729569278458457,236.98602390151714,131072,18253611008,131072,1.0,0.0,75497472,1.44,576,1484034560,42.0,160.88,1980.0,2619.0,42.0,160.51,1980.0,2619.0,20260810,2026-08-10T09:07:13.096278+00:00
descending_sglang_q8kv8_l2-cold_isolated_contiguous_n64_h32768,ok,,descending,sglang_q8kv8,l2-cold,isolated_contiguous,isolated,64,32768,2048,10,30,0.0735040009021759,0.07235199958086014,0.0753600001335144,0.0736330675582091,0.0010013995664828693,248.3349312140592,131072,18253611008,131072,1.0,0.0,75497472,1.44,576,1484034560,42.0,160.51,1980.0,2619.0,42.0,160.51,1980.0,2619.0,20260810,2026-08-10T09:07:13.152050+00:00
descending_flashmla_fp8_decode_l2-cold_native_independent_dispersed_n64_h32768,ok,,descending,flashmla_fp8_decode,l2-cold,native_independent_dispersed,isolated,64,32768,2048,10,30,0.08816000074148178,0.08761599659919739,0.08966399729251862,0.08843306650718054,0.0008628829268248738,207.05093981936818,131072,18253611008,131072,1.0,0.0,85983232,1.64,656,4636147712,42.0,160.51,1980.0,2619.0,42.0,165.21,1980.0,2619.0,20260810,2026-08-10T09:07:13.188936+00:00
descending_flashmla_fp8_decode_steady_native_independent_dispersed_n64_h32768,ok,,descending,flashmla_fp8_decode,steady,native_independent_dispersed,isolated,64,32768,2048,10,30,0.0947519987821579,0.09375999867916107,0.09743999689817429,0.09514559979240099,0.0017811890108291224,192.6461841714437,131072,18253611008,131072,1.0,0.0,85983232,1.64,656,4636147712,42.0,165.21,1980.0,2619.0,45.0,180.74,1980.0,2619.0,20260810,2026-08-10T09:07:13.277445+00:00
descending_flashmla_bf16_l2-cold_isolated_dispersed_n64_h2048,ok,,descending,flashmla_bf16,l2-cold,isolated_dispersed,isolated,64,2048,2048,10,30,0.07887999713420868,0.07785599678754807,0.08224000036716461,0.07927466680606206,0.0012022044044556872,231.40988426942747,131072,18253611008,131072,1.0,0.0,150994944,2.88,1152,429425664,42.0,180.81,1980.0,2619.0,42.0,180.81,1980.0,2619.0,20260810,2026-08-10T09:07:13.440269+00:00
descending_flashmla_bf16_steady_isolated_dispersed_n64_h2048,ok,,descending,flashmla_bf16,steady,isolated_dispersed,isolated,64,2048,2048,10,30,0.08019199967384338,0.07945600152015686,0.08169600367546082,0.08036800026893616,0.0007529078941366633,227.62384130887148,131072,18253611008,131072,1.0,0.0,150994944,2.88,1152,429425664,42.0,180.81,1980.0,2619.0,42.0,180.81,1980.0,2619.0,20260810,2026-08-10T09:07:13.499779+00:00
descending_flashmla_bf16_steady_isolated_contiguous_n64_h2048,ok,,descending,flashmla_bf16,steady,isolated_contiguous,isolated,64,2048,2048,10,30,0.08044800162315369,0.07945600152015686,0.08163200318813324,0.0804917333026727,0.0006713640713262121,226.89949581974997,131072,18253611008,131072,1.0,0.0,150994944,2.88,1152,429425664,42.0,179.61,1980.0,2619.0,42.0,179.61,1980.0,2619.0,20260810,2026-08-10T09:07:13.540649+00:00
descending_flashmla_bf16_l2-cold_isolated_contiguous_n64_h2048,ok,,descending,flashmla_bf16,l2-cold,isolated_contiguous,isolated,64,2048,2048,10,30,0.0788159966468811,0.07756800204515457,0.0804160013794899,0.07898453399538993,0.0010297480789493911,231.59779466827726,131072,18253611008,131072,1.0,0.0,150994944,2.88,1152,429425664,42.0,179.61,1980.0,2619.0,42.0,179.61,1980.0,2619.0,20260810,2026-08-10T09:07:13.575363+00:00
descending_sglang_q8kv8_l2-cold_shared_dispersed_n256_h2048,ok,,descending,sglang_q8kv8,l2-cold,shared_dispersed,shared,256,2048,2048,10,30,0.11926399916410446,0.11859200149774551,0.1215360015630722,0.11959466636180878,0.0011266649037790283,612.2085838454389,524288,73014444032,2048,256.0,1.0,1179648,0.0225,576,304353792,41.0,176.63,1980.0,2619.0,41.0,176.63,1980.0,2619.0,20260810,2026-08-10T09:07:13.933270+00:00
descending_sglang_q8kv8_l2-cold_independent_contiguous_n256_h2048,ok,,descending,sglang_q8kv8,l2-cold,independent_contiguous,shared,256,2048,2048,10,30,0.1202239990234375,0.11948800086975098,0.12211199849843979,0.12036373366912206,0.000868786202657355,607.3200411322696,524288,73014444032,2048,256.0,1.0,1179648,0.0225,576,304353792,41.0,176.63,1980.0,2619.0,42.0,179.18,1980.0,2619.0,20260810,2026-08-10T09:07:13.991217+00:00
descending_sglang_q8kv8_steady_shared_dispersed_n256_h2048,ok,,descending,sglang_q8kv8,steady,shared_dispersed,shared,256,2048,2048,10,30,0.1157120019197464,0.11513599753379822,0.11727999895811081,0.1158720001578331,0.0005804857654872242,631.0014762568894,524288,73014444032,2048,256.0,1.0,1179648,0.0225,576,304353792,41.0,178.27,1980.0,2619.0,41.0,178.27,1980.0,2619.0,20260810,2026-08-10T09:07:14.144603+00:00
descending_sglang_q8kv8_steady_independent_contiguous_n256_h2048,ok,,descending,sglang_q8kv8,steady,independent_contiguous,shared,256,2048,2048,10,30,0.11510399729013443,0.11443199962377548,0.1159679964184761,0.11523733238379161,0.0007859273367664244,634.3345648366816,524288,73014444032,2048,256.0,1.0,1179648,0.0225,576,304353792,41.0,178.27,1980.0,2619.0,42.0,177.53,1980.0,2619.0,20260810,2026-08-10T09:07:14.205860+00:00
descending_sglang_q8kv8_steady_independent_dispersed_n256_h2048,ok,,descending,sglang_q8kv8,steady,independent_dispersed,shared,256,2048,2048,10,30,0.11513599753379822,0.11459200084209442,0.11695999652147293,0.11529386639595032,0.0007748994166811686,634.1582614991162,524288,73014444032,2048,256.0,1.0,1179648,0.0225,576,304353792,42.0,177.53,1980.0,2619.0,42.0,177.53,1980.0,2619.0,20260810,2026-08-10T09:07:14.277124+00:00
descending_sglang_q8kv8_l2-cold_shared_contiguous_n256_h2048,ok,,descending,sglang_q8kv8,l2-cold,shared_contiguous,shared,256,2048,2048,10,30,0.11929599940776825,0.11868800222873688,0.12054400146007538,0.11955733299255371,0.0008726123191249431,612.0443635534477,524288,73014444032,2048,256.0,1.0,1179648,0.0225,576,304353792,42.0,177.53,1980.0,2619.0,42.0,161.37,1980.0,2619.0,20260810,2026-08-10T09:07:14.313292+00:00
descending_sglang_q8kv8_steady_shared_contiguous_n256_h2048,ok,,descending,sglang_q8kv8,steady,shared_contiguous,shared,256,2048,2048,10,30,0.11590400338172913,0.11532799899578094,0.11711999773979187,0.1159402663509051,0.00047934042292990987,629.9561870311535,524288,73014444032,2048,256.0,1.0,1179648,0.0225,576,304353792,42.0,161.37,1980.0,2619.0,42.0,161.37,1980.0,2619.0,20260810,2026-08-10T09:07:14.352821+00:00
descending_sglang_q8kv8_l2-cold_independent_dispersed_n256_h2048,ok,,descending,sglang_q8kv8,l2-cold,independent_dispersed,shared,256,2048,2048,10,30,0.11977600306272507,0.11900799721479416,0.1212799996137619,0.11992319996158282,0.0007928682246217391,609.5915890077191,524288,73014444032,2048,256.0,1.0,1179648,0.0225,576,304353792,42.0,161.37,1980.0,2619.0,42.0,161.78,1980.0,2619.0,20260810,2026-08-10T09:07:14.408197+00:00
descending_flashmla_bf16_l2-cold_independent_dispersed_n64_h2048,ok,,descending,flashmla_bf16,l2-cold,independent_dispersed,shared,64,2048,2048,10,30,0.07017599791288376,0.06995200365781784,0.07145600020885468,0.07039466574788093,0.0006907900972484178,260.1118837050236,131072,18253611008,2048,64.0,1.0,2359296,0.045,1152,281838592,42.0,160.82,1980.0,2619.0,42.0,159.43,1980.0,2619.0,20260810,2026-08-10T09:07:14.597417+00:00
descending_flashmla_bf16_steady_independent_contiguous_n64_h2048,ok,,descending,flashmla_bf16,steady,independent_contiguous,shared,64,2048,2048,10,30,0.0689919963479042,0.06864000111818314,0.06943999975919724,0.06902719959616661,0.00048059278421501417,264.5757765285262,131072,18253611008,2048,64.0,1.0,2359296,0.045,1152,281838592,42.0,159.43,1980.0,2619.0,42.0,159.31,1980.0,2619.0,20260810,2026-08-10T09:07:14.700398+00:00
descending_flashmla_bf16_l2-cold_independent_contiguous_n64_h2048,ok,,descending,flashmla_bf16,l2-cold,independent_contiguous,shared,64,2048,2048,10,30,0.07027199864387512,0.06995200365781784,0.0711359977722168,0.07049386550982793,0.0008433258683709345,259.7565368889786,131072,18253611008,2048,64.0,1.0,2359296,0.045,1152,281838592,42.0,159.31,1980.0,2619.0,42.0,159.31,1980.0,2619.0,20260810,2026-08-10T09:07:14.777483+00:00
descending_flashmla_bf16_steady_shared_dispersed_n64_h2048,ok,,descending,flashmla_bf16,steady,shared_dispersed,shared,64,2048,2048,10,30,0.06831999868154526,0.06803199648857117,0.07148800045251846,0.06861013223727544,0.001160705858271335,267.1781522286637,131072,18253611008,2048,64.0,1.0,2359296,0.045,1152,281838592,41.0,160.24,1980.0,2619.0,41.0,160.24,1980.0,2619.0,20260810,2026-08-10T09:07:14.857009+00:00
descending_flashmla_bf16_steady_shared_contiguous_n64_h2048,ok,,descending,flashmla_bf16,steady,shared_contiguous,shared,64,2048,2048,10,30,0.06831999868154526,0.06800000369548798,0.06921599805355072,0.06840853244066239,0.0005244288446594473,267.1781522286637,131072,18253611008,2048,64.0,1.0,2359296,0.045,1152,281838592,41.0,160.24,1980.0,2619.0,41.0,160.99,1980.0,2619.0,20260810,2026-08-10T09:07:14.892115+00:00
descending_flashmla_bf16_steady_independent_dispersed_n64_h2048,ok,,descending,flashmla_bf16,steady,independent_dispersed,shared,64,2048,2048,10,30,0.06886400282382965,0.0684799998998642,0.0695360004901886,0.06896426702539125,0.0004459167068298896,265.06752816412717,131072,18253611008,2048,64.0,1.0,2359296,0.045,1152,281838592,41.0,160.99,1980.0,2619.0,41.0,156.89,1980.0,2619.0,20260810,2026-08-10T09:07:15.015469+00:00
descending_flashmla_bf16_l2-cold_shared_contiguous_n64_h2048,ok,,descending,flashmla_bf16,l2-cold,shared_contiguous,shared,64,2048,2048,10,30,0.06934399902820587,0.06896000355482101,0.07088000327348709,0.06964373315374056,0.0010207784362399929,263.2327420369179,131072,18253611008,2048,64.0,1.0,2359296,0.045,1152,281838592,41.0,156.89,1980.0,2619.0,42.0,158.13,1980.0,2619.0,20260810,2026-08-10T09:07:15.112720+00:00
descending_flashmla_bf16_l2-cold_shared_dispersed_n64_h2048,ok,,descending,flashmla_bf16,l2-cold,shared_dispersed,shared,64,2048,2048,10,30,0.06918399780988693,0.06892800331115723,0.07001599669456482,0.06937386592229207,0.0008208042709633135,263.8415180654885,131072,18253611008,2048,64.0,1.0,2359296,0.045,1152,281838592,42.0,158.13,1980.0,2619.0,42.0,158.13,1980.0,2619.0,20260810,2026-08-10T09:07:15.154989+00:00
descending_sglang_q8kv8_l2-cold_independent_dispersed_n64_h2048,ok,,descending,sglang_q8kv8,l2-cold,independent_dispersed,shared,64,2048,2048,10,30,0.06537599861621857,0.06451199948787689,0.06831999868154526,0.06553919985890388,0.001151714024095222,279.2096701291783,131072,18253611008,2048,64.0,1.0,1179648,0.0225,576,278303232,41.0,156.78,1980.0,2619.0,41.0,156.78,1980.0,2619.0,20260810,2026-08-10T09:07:15.341943+00:00
descending_sglang_q8kv8_steady_independent_contiguous_n64_h2048,ok,,descending,sglang_q8kv8,steady,independent_contiguous,shared,64,2048,2048,10,30,0.062463998794555664,0.061983998864889145,0.06441599875688553,0.06260266651709874,0.0005869381470546499,292.22610400010086,131072,18253611008,2048,64.0,1.0,1179648,0.0225,576,278303232,41.0,156.78,1980.0,2619.0,41.0,156.78,1980.0,2619.0,20260810,2026-08-10T09:07:15.381607+00:00
descending_sglang_q8kv8_l2-cold_independent_contiguous_n64_h2048,ok,,descending,sglang_q8kv8,l2-cold,independent_contiguous,shared,64,2048,2048,10,30,0.06524799764156342,0.06467200070619583,0.06703999638557434,0.06551039988795916,0.000990773649438623,279.7574127603929,131072,18253611008,2048,64.0,1.0,1179648,0.0225,576,278303232,41.0,153.64,1980.0,2619.0,41.0,153.64,1980.0,2619.0,20260810,2026-08-10T09:07:15.460872+00:00
descending_sglang_q8kv8_steady_shared_dispersed_n64_h2048,ok,,descending,sglang_q8kv8,steady,shared_dispersed,shared,64,2048,2048,10,30,0.06304000318050385,0.06259199976921082,0.06950400024652481,0.06416106720765431,0.002551284510338574,289.5559975740171,131072,18253611008,2048,64.0,1.0,1179648,0.0225,576,278303232,41.0,153.64,1980.0,2619.0,41.0,152.35,1980.0,2619.0,20260810,2026-08-10T09:07:15.519916+00:00
descending_sglang_q8kv8_steady_shared_contiguous_n64_h2048,ok,,descending,sglang_q8kv8,steady,shared_contiguous,shared,64,2048,2048,10,30,0.0629120022058487,0.06252799928188324,0.0658240020275116,0.06312106748421988,0.0008068289984188395,290.1451291960794,131072,18253611008,2048,64.0,1.0,1179648,0.0225,576,278303232,41.0,152.35,1980.0,2619.0,41.0,152.35,1980.0,2619.0,20260810,2026-08-10T09:07:15.556251+00:00
descending_sglang_q8kv8_steady_independent_dispersed_n64_h2048,ok,,descending,sglang_q8kv8,steady,independent_dispersed,shared,64,2048,2048,10,30,0.062431998550891876,0.06204799935221672,0.06374400109052658,0.06260693371295929,0.0006308534653209192,292.3758878729542,131072,18253611008,2048,64.0,1.0,1179648,0.0225,576,278303232,41.0,152.29,1980.0,2619.0,41.0,152.29,1980.0,2619.0,20260810,2026-08-10T09:07:15.652410+00:00
descending_sglang_q8kv8_l2-cold_shared_contiguous_n64_h2048,ok,,descending,sglang_q8kv8,l2-cold,shared_contiguous,shared,64,2048,2048,10,30,0.06508799642324448,0.06470400094985962,0.06649599969387054,0.06537813370426496,0.001017510130322447,280.44512062259764,131072,18253611008,2048,64.0,1.0,1179648,0.0225,576,278303232,41.0,152.29,1980.0,2619.0,41.0,152.29,1980.0,2619.0,20260810,2026-08-10T09:07:15.686805+00:00
descending_sglang_q8kv8_l2-cold_shared_dispersed_n64_h2048,ok,,descending,sglang_q8kv8,l2-cold,shared_dispersed,shared,64,2048,2048,10,30,0.06508799642324448,0.06454399973154068,0.06784000247716904,0.06540160005291303,0.0010947057134290143,280.44512062259764,131072,18253611008,2048,64.0,1.0,1179648,0.0225,576,278303232,41.0,152.29,1980.0,2619.0,41.0,153.04,1980.0,2619.0,20260810,2026-08-10T09:07:15.734346+00:00
descending_sglang_q8kv8_l2-cold_isolated_dispersed_n64_h2048,ok,,descending,sglang_q8kv8,l2-cold,isolated_dispersed,isolated,64,2048,2048,10,30,0.07257600128650665,0.07206399738788605,0.07414399832487106,0.07285013323028883,0.0008726362330526797,251.51028831060322,131072,18253611008,131072,1.0,0.0,75497472,1.44,576,351572480,41.0,153.34,1980.0,2619.0,41.0,153.34,1980.0,2619.0,20260810,2026-08-10T09:07:15.841479+00:00
descending_sglang_q8kv8_steady_isolated_dispersed_n64_h2048,ok,,descending,sglang_q8kv8,steady,isolated_dispersed,isolated,64,2048,2048,10,30,0.0737600028514862,0.07295999675989151,0.07468800246715546,0.07375466749072075,0.0005095331700752097,247.47302470626468,131072,18253611008,131072,1.0,0.0,75497472,1.44,576,351572480,41.0,153.34,1980.0,2619.0,41.0,153.34,1980.0,2619.0,20260810,2026-08-10T09:07:15.880487+00:00
descending_sglang_q8kv8_steady_isolated_contiguous_n64_h2048,ok,,descending,sglang_q8kv8,steady,isolated_contiguous,isolated,64,2048,2048,10,30,0.07363200187683105,0.07315199822187424,0.07468800246715546,0.07382720038294792,0.0008752002795710012,247.90322879627774,131072,18253611008,131072,1.0,0.0,75497472,1.44,576,351572480,41.0,153.59,1980.0,2619.0,41.0,153.59,1980.0,2619.0,20260810,2026-08-10T09:07:15.956456+00:00
descending_sglang_q8kv8_l2-cold_isolated_contiguous_n64_h2048,ok,,descending,sglang_q8kv8,l2-cold,isolated_contiguous,isolated,64,2048,2048,10,30,0.07286400347948074,0.07155200093984604,0.07539200037717819,0.07311359991629919,0.0012184783297579408,250.51616897691335,131072,18253611008,131072,1.0,0.0,75497472,1.44,576,351572480,41.0,154.23,1980.0,2619.0,41.0,154.23,1980.0,2619.0,20260810,2026-08-10T09:07:16.041524+00:00
descending_flashmla_fp8_decode_steady_native_independent_dispersed_n64_h2048,ok,,descending,flashmla_fp8_decode,steady,native_independent_dispersed,isolated,64,2048,2048,10,30,0.09030400216579437,0.08979199826717377,0.09328000247478485,0.09072640041510265,0.0013817286587694906,202.13512768223865,131072,18253611008,131072,1.0,0.0,85983232,1.64,656,735584256,41.0,154.23,1980.0,2619.0,41.0,154.56,1980.0,2619.0,20260810,2026-08-10T09:07:16.100858+00:00
descending_flashmla_fp8_decode_l2-cold_native_independent_dispersed_n64_h2048,ok,,descending,flashmla_fp8_decode,l2-cold,native_independent_dispersed,isolated,64,2048,2048,10,30,0.08528000116348267,0.08409599959850311,0.08617600053548813,0.08528106634815534,0.0008672526056880666,214.0432781304451,131072,18253611008,131072,1.0,0.0,85983232,1.64,656,735584256,41.0,154.56,1980.0,2619.0,42.0,155.21,1980.0,2619.0,20260810,2026-08-10T09:07:16.186496+00:00
