history_bin,phase,layer_group,adjacent_overlap_count,adjacent_overlap_mean,adjacent_overlap_p10,adjacent_overlap_p50,adjacent_overlap_p90,consecutive_c4_fraction_count,consecutive_c4_fraction_mean,consecutive_c4_fraction_p10,consecutive_c4_fraction_p50,consecutive_c4_fraction_p90,within_128_tokens_mean,within_128_tokens_p50,within_512_tokens_mean,within_512_tokens_p50,within_2048_tokens_mean,within_2048_tokens_p50,within_8192_tokens_mean,within_8192_tokens_p50,within_32768_tokens_mean,within_32768_tokens_p50
16K-32K,assistant,all,13440,0.6427516392299107,0.349609375,0.6953125,0.84375,13440,0.488926649426894,0.3679060665362035,0.4911937377690802,0.6027397260273972,0.03835202171688988,0.0390625,0.11106363932291667,0.10546875,0.24553978329613096,0.228515625,0.5035066150483631,0.4990234375,1.0,1.0
16K-32K,assistant,early,4480,0.6588976178850446,0.421875,0.701171875,0.828125,4480,0.5220479801509645,0.4187866927592955,0.5244618395303327,0.6223091976516634,0.04634966169084821,0.05078125,0.13604561941964285,0.13671875,0.2916312081473214,0.28515625,0.5649121965680803,0.568359375,1.0,1.0
16K-32K,assistant,late,4480,0.6721888950892857,0.36894531250000007,0.73046875,0.869140625,4480,0.45864507618115746,0.3287671232876712,0.4598825831702544,0.5870841487279843,0.032289341517857145,0.03125,0.09175371442522322,0.083984375,0.2032684326171875,0.1875,0.43912876674107143,0.43359375,1.0,1.0
16K-32K,assistant,middle,4480,0.5971684047154018,0.279296875,0.64453125,0.8283203124999998,4480,0.4860868919485602,0.3816046966731898,0.48336594911937375,0.5929549902152642,0.036417061941964285,0.037109375,0.10539158412388393,0.099609375,0.24171970912388394,0.220703125,0.5064788818359375,0.5,1.0,1.0
16K-32K,prefill,all,13440,0.5598622639973958,0.21875,0.61328125,0.80859375,13440,0.47009947814742337,0.3561643835616438,0.47162426614481406,0.5812133072407045,0.036245291573660715,0.037109375,0.11587015787760417,0.115234375,0.2677464076450893,0.251953125,0.514532470703125,0.513671875,1.0,1.0
16K-32K,prefill,early,4480,0.6273537772042411,0.349609375,0.6787109375,0.810546875,4480,0.5078871959742801,0.4070450097847358,0.5088062622309197,0.6027397260273972,0.046402413504464286,0.052734375,0.1480442592075893,0.154296875,0.3270786830357143,0.32421875,0.5875876290457589,0.5966796875,1.0,1.0
16K-32K,prefill,late,4480,0.5712149483816964,0.248046875,0.6142578125,0.826171875,4480,0.4333829850433324,0.3150684931506849,0.4344422700587084,0.5499021526418787,0.030416434151785715,0.029296875,0.09487348284040178,0.091796875,0.2173191615513393,0.205078125,0.4412074497767857,0.439453125,1.0,1.0
16K-32K,prefill,middle,4480,0.48101806640625,0.142578125,0.49609375,0.78515625,4480,0.46902825342465754,0.3679060665362035,0.4657534246575342,0.5753424657534246,0.031917027064732144,0.03125,0.10469273158482142,0.1015625,0.2588413783482143,0.23046875,0.5148023332868303,0.513671875,1.0,1.0
2K-8K,assistant,all,21504,0.8111983707972935,0.62890625,0.84375,0.9453125,21504,0.713103028026279,0.5694716242661448,0.7045009784735812,0.87279843444227,0.04996590387253534,0.0546875,0.16481490362258183,0.171875,0.500227519444057,0.48046875,1.0,1.0,1.0,1.0
2K-8K,assistant,early,7168,0.8167702811104911,0.66015625,0.84375,0.94140625,7168,0.7334737887021247,0.6203522504892368,0.7162426614481409,0.8772994129158516,0.05453436715262277,0.060546875,0.18111964634486608,0.193359375,0.5304532732282367,0.515625,1.0,1.0,1.0,1.0
2K-8K,assistant,late,7168,0.8292808532714844,0.646484375,0.865234375,0.953125,7168,0.6954233427103718,0.5264187866927593,0.6966731898238747,0.87279843444227,0.04551669529506138,0.048828125,0.1478966304234096,0.15234375,0.4529664175851004,0.416015625,1.0,1.0,1.0,1.0
2K-8K,assistant,middle,7168,0.7875439780099052,0.576171875,0.82421875,0.9375,7168,0.7104119526663404,0.5772994129158513,0.6966731898238747,0.8688845401174168,0.049846649169921875,0.0546875,0.16542843409946986,0.171875,0.5172628675188337,0.5078125,1.0,1.0,1.0,1.0
2K-8K,prefill,all,21504,0.8135019029889788,0.6015625,0.857421875,0.953125,21504,0.7319524770524649,0.589041095890411,0.7279843444227005,0.8904109589041096,0.052768798101515996,0.05859375,0.1907117934454055,0.203125,0.5705333891369048,0.576171875,1.0,1.0,1.0,1.0
2K-8K,prefill,early,7168,0.8407764434814453,0.701171875,0.8671875,0.953125,7168,0.7552584764642158,0.6281800391389433,0.7514677103718199,0.8962818003913894,0.05758094787597656,0.0625,0.20837620326450892,0.220703125,0.602583476475307,0.607421875,1.0,1.0,1.0,1.0
2K-8K,prefill,late,7168,0.8168923514229911,0.6015625,0.861328125,0.955078125,7168,0.7104092225503216,0.5577299412915852,0.7025440313111546,0.8825831702544031,0.0488976069859096,0.052734375,0.17542975289481028,0.18359375,0.5270636422293526,0.5185546875,1.0,1.0,1.0,1.0
2K-8K,prefill,middle,7168,0.7828369140625,0.5267578125000001,0.8359375,0.947265625,7168,0.7301897321428571,0.5870841487279843,0.7240704500978473,0.8904109589041096,0.05182783944266183,0.056640625,0.18832942417689733,0.19921875,0.5819530487060547,0.59375,1.0,1.0,1.0,1.0
32K-64K,assistant,all,8064,0.6339128282335069,0.34375,0.681640625,0.833984375,8064,0.4394960181561208,0.31898238747553814,0.44031311154598823,0.5557729941291585,0.03739347912016369,0.037109375,0.1014799087766617,0.095703125,0.22703164721292163,0.2109375,0.41808888268849204,0.40234375,0.8601243760850694,0.89453125
32K-64K,assistant,early,2688,0.6414257231212798,0.421875,0.67578125,0.810546875,2688,0.4745516785481316,0.37573385518590996,0.4765166340508806,0.5694716242661448,0.04643903459821429,0.05078125,0.12823268345424108,0.12890625,0.27892267136346727,0.267578125,0.48601858956473215,0.47265625,0.8919539678664434,0.9140625
32K-64K,assistant,late,2688,0.6676359630766369,0.36328125,0.72265625,0.865234375,2688,0.4044634120771596,0.2837573385518591,0.3972602739726027,0.5401174168297456,0.03192138671875,0.03125,0.0847197033110119,0.080078125,0.18598502022879465,0.169921875,0.35466584705171134,0.34765625,0.8164156959170387,0.8359375
32K-64K,assistant,middle,2688,0.5926767985026041,0.267578125,0.642578125,0.8189453125000004,2688,0.43947296384307155,0.3385518590998043,0.4344422700587084,0.547945205479452,0.03382001604352679,0.033203125,0.09148733956473214,0.087890625,0.21618725004650297,0.19921875,0.41358221144903273,0.37890625,0.8720034644717262,0.916015625
32K-64K,prefill,all,8064,0.5070740230499752,0.15625,0.55078125,0.7890625,8064,0.4252729630665051,0.3013698630136986,0.42661448140900193,0.547945205479452,0.03557768322172619,0.03515625,0.11552598741319445,0.111328125,0.2479281955295139,0.2421875,0.4137323773096478,0.4140625,0.8219323536706349,0.859375
32K-64K,prefill,early,2688,0.5845889136904762,0.267578125,0.640625,0.79296875,2688,0.47320991752865527,0.3679060665362035,0.4735812133072407,0.5812133072407045,0.046635945638020836,0.052734375,0.15822056361607142,0.1689453125,0.32404945010230657,0.330078125,0.5062902541387648,0.51171875,0.8690817696707589,0.89453125
32K-64K,prefill,late,2688,0.5279126848493304,0.19140625,0.5673828125,0.806640625,2688,0.3795705782312925,0.2602739726027397,0.37377690802348335,0.49510763209393344,0.030714489164806548,0.029296875,0.09236726306733631,0.08984375,0.19360424223400297,0.19140625,0.33514622279575895,0.333984375,0.7681884765625,0.79296875
32K-64K,prefill,middle,2688,0.40872047061011907,0.0859375,0.3984375,0.744140625,2688,0.4230383934395676,0.31839530332681015,0.4187866927592955,0.5303326810176126,0.029382614862351192,0.029296875,0.0959901355561756,0.091796875,0.22613089425223215,0.220703125,0.39976065499441965,0.38671875,0.8285268147786459,0.875
64K+,assistant,all,2688,0.5950528099423363,0.298828125,0.638671875,0.8091796875000004,2688,0.40232591324200906,0.2857142857142857,0.40313111545988256,0.515264187866928,0.0313873291015625,0.029296875,0.08430698939732142,0.072265625,0.17394220261346727,0.158203125,0.27561006091889884,0.259765625,0.6675335112072173,0.662109375
64K+,assistant,early,896,0.6142251150948661,0.3642578125,0.6484375,0.7841796875,896,0.43587285085266986,0.33268101761252444,0.436399217221135,0.538160469667319,0.040431431361607144,0.04296875,0.10585893903459821,0.1025390625,0.21641322544642858,0.2119140625,0.3157414027622768,0.306640625,0.6856733049665179,0.68359375
64K+,assistant,late,896,0.6160692487444196,0.3056640625,0.6728515625,0.8359375,896,0.36569358051439754,0.2563600782778865,0.3639921722113503,0.4774951076320939,0.024180821010044644,0.021484375,0.06367274693080358,0.0546875,0.13044084821428573,0.1162109375,0.21461050851004465,0.201171875,0.5759560721261161,0.580078125
64K+,assistant,middle,896,0.5548640659877232,0.2529296875,0.591796875,0.7998046875,896,0.40541130835896005,0.2974559686888454,0.40117416829745595,0.512720156555773,0.029549734933035716,0.02734375,0.0833892822265625,0.0693359375,0.1749725341796875,0.158203125,0.296478271484375,0.28125,0.7409711565290179,0.75
64K+,prefill,all,2688,0.41139003208705355,0.08203125,0.4033203125,0.728515625,2688,0.3612038137172677,0.24266144814090018,0.35812133072407043,0.487279843444227,0.024621872674851192,0.01953125,0.07569158644903273,0.0595703125,0.15473792666480654,0.130859375,0.31072053455171134,0.28515625,0.6797703334263393,0.67578125
64K+,prefill,early,896,0.5154854910714286,0.158203125,0.578125,0.7392578125,896,0.41535111476097286,0.31898238747553814,0.41291585127201563,0.5205479452054794,0.038752964564732144,0.04296875,0.11708286830357142,0.123046875,0.2270355224609375,0.2265625,0.3949345179966518,0.400390625,0.7277308872767857,0.732421875
64K+,prefill,late,896,0.41556876046316965,0.1279296875,0.376953125,0.7353515625,896,0.3144220016773832,0.20156555772994128,0.3062622309197651,0.4324853228962818,0.018899100167410716,0.013671875,0.05627659388950893,0.04296875,0.110382080078125,0.08984375,0.24006434849330358,0.216796875,0.5956159319196429,0.591796875
64K+,prefill,middle,896,0.3031158447265625,0.044921875,0.2412109375,0.6572265625,896,0.353838324713447,0.25244618395303325,0.34833659491193736,0.4657534246575342,0.016213553292410716,0.01171875,0.053715297154017856,0.0390625,0.12679617745535715,0.103515625,0.29716273716517855,0.2626953125,0.7159641810825893,0.728515625
8K-16K,assistant,all,18816,0.7079488533694728,0.4453125,0.7578125,0.8828125,18816,0.567599024688153,0.4520547945205479,0.5714285714285714,0.6771037181996086,0.0423973239198023,0.044921875,0.1267755209994154,0.125,0.30954415457589285,0.30078125,0.7181159817442602,0.73828125,1.0,1.0
8K-16K,assistant,early,6272,0.721037261340083,0.5216796875,0.759765625,0.8671875,6272,0.6001381594712248,0.5088062622309197,0.6027397260273972,0.6908023483365949,0.04941854671556122,0.0546875,0.15037100655691965,0.15234375,0.35495088538345027,0.3515625,0.7487357003348214,0.759765625,1.0,1.0
8K-16K,assistant,late,6272,0.7365548270089286,0.46503906250000004,0.7890625,0.904296875,6272,0.5430016673988577,0.4090019569471624,0.5420743639921722,0.6810176125244618,0.036609260403380105,0.037109375,0.10710268604512117,0.103515625,0.2579155746771365,0.25,0.6583843620455995,0.658203125,1.0,1.0
8K-16K,assistant,middle,6272,0.6662544717594069,0.37109375,0.716796875,0.865234375,6272,0.5596572471943767,0.4657534246575342,0.5596868884540117,0.6536203522504892,0.04116416464046556,0.04296875,0.12285287039620536,0.12109375,0.31576600366709184,0.302734375,0.7472278828523597,0.7890625,1.0,1.0
8K-16K,prefill,all,18816,0.6492099891714498,0.34375,0.70703125,0.8515625,18816,0.5492359003288202,0.44227005870841485,0.5518590998043053,0.649706457925636,0.042870761585884355,0.046875,0.14065302634725765,0.142578125,0.32921688572890095,0.32421875,0.7116725169071535,0.7265625,1.0,1.0
8K-16K,prefill,early,6272,0.6977607571348852,0.47265625,0.7421875,0.84765625,6272,0.5829181476896043,0.4931506849315068,0.5851272015655578,0.6673189823874756,0.051591522839604595,0.05859375,0.16834461445711096,0.17578125,0.38641139439174105,0.390625,0.7438743747010523,0.755859375,1.0,1.0
8K-16K,prefill,late,6272,0.6590155776666136,0.353515625,0.71484375,0.8671875,6272,0.5182880331682574,0.4070450097847358,0.5205479452054794,0.62426614481409,0.03725884885204082,0.0390625,0.12024299465880102,0.12109375,0.27599163444674746,0.275390625,0.6573654486208546,0.650390625,1.0,1.0
8K-16K,prefill,middle,6272,0.5908536327128507,0.265625,0.63671875,0.8396484375000011,6272,0.5465015201285994,0.45596868884540115,0.5440313111545988,0.6436399217221146,0.039761913066007654,0.041015625,0.13337146992586096,0.134765625,0.3252476283482143,0.318359375,0.7337777273995536,0.76171875,1.0,1.0
