B,H,case_id,flops,flush_bytes,known_touched_bytes,known_touched_vs_l2,l2_bytes,latency_ms,latency_ms_mean,latency_ms_median,latency_ms_p5,latency_ms_p95,latency_ms_std,mem_clock_mhz_after,mem_clock_mhz_before,pairs,pass_count,pass_order,pass_spread_pct,pattern,peak_mem_alloc_bytes,power_w_after,power_w_before,repeat,seed,selected_kv_bytes,selected_kv_vs_l2,setup_alloc_ms,setup_indices_ms,setup_metadata_ms,setup_quant_ms,skip_reason,sm_clock_mhz_after,sm_clock_mhz_before,status,temp_c_after,temp_c_before,tflops,timestamp,topk,unique_selected_kv,warmup
1,4096,descending_shared_b1_h4096,285212672,268435456,1490944,0.0284375,52428800,0.03377600014209747,0.03381013348698616,0.03376000002026558,0.033215999603271484,0.03452799841761589,0.0003803095839934555,2619.0,2619.0,2048,2,descending,0.09478745155384605,shared,289627648,172.32,172.32,30,20260810,1343488,0.025625,0.6434560054913163,0.7704489980824292,0.07973099127411842,0.6486120109912008,,1980.0,1980.0,ok,42.0,42.0,8.444242503638883,2026-08-10T11:13:53.771544+00:00,2048,2048,5
1,4096,descending_independent_b1_h4096,285212672,268435456,1490944,0.0284375,52428800,0.03377600014209747,0.03391786652306716,0.03379200026392937,0.03328000009059906,0.03433600068092346,0.0007072861629881001,2619.0,2619.0,2048,2,descending,0.09478745155384605,independent,289627648,172.32,172.32,30,20260810,1343488,0.025625,0.6434560054913163,0.7704489980824292,0.07973099127411842,0.6486120109912008,,1980.0,1980.0,ok,42.0,42.0,8.444242503638883,2026-08-10T11:13:53.773076+00:00,2048,2048,5
8,4096,descending_shared_b8_h4096,2281701376,268435456,2523136,0.048125,52428800,0.036607999354600906,0.036814934015274046,0.036639999598264694,0.036288000643253326,0.03743999823927879,0.0008122259771099171,2619.0,2619.0,16384,2,descending,0.17497946435709455,shared,384116736,170.67,170.67,30,20260810,1343488,0.025625,0.6598299951292574,2.769825019640848,0.0853060046210885,1.194351993035525,,1980.0,1980.0,ok,42.0,42.0,62.32799278008548,2026-08-10T11:13:54.025870+00:00,2048,2048,5
8,4096,descending_independent_b8_h4096,2281701376,268435456,11927552,0.2275,52428800,0.037647999823093414,0.03776533355315526,0.037696000188589096,0.03705599904060364,0.03868800029158592,0.00047908067131086947,2619.0,2619.0,16384,2,descending,0.2553210967452868,independent,384116736,170.67,170.67,30,20260810,10747904,0.205,0.6598299951292574,2.769825019640848,0.0853060046210885,1.194351993035525,,1980.0,1980.0,ok,42.0,42.0,60.606276449998546,2026-08-10T11:13:54.027079+00:00,2048,16384,5
16,4096,descending_shared_b16_h4096,4563402752,268435456,3702784,0.070625,52428800,0.04391999915242195,0.044065066675345106,0.043935999274253845,0.04358400031924248,0.04479999840259552,0.0006913027916222289,2619.0,2619.0,32768,2,descending,0.0728868539776828,shared,501223424,169.05,169.05,30,20260810,1343488,0.025625,0.6579489854630083,4.936213983455673,0.09562098421156406,1.468313013901934,,1980.0,1980.0,ok,42.0,42.0,103.90262854508978,2026-08-10T11:13:53.925140+00:00,2048,2048,5
16,4096,descending_independent_b16_h4096,4563402752,268435456,23855104,0.455,52428800,0.0457760002464056,0.045799466967582705,0.04566400125622749,0.045184001326560974,0.04652800038456917,0.0004294588650875795,2619.0,2619.0,32768,2,descending,0.4905351572222827,independent,501223424,169.05,169.05,30,20260810,21495808,0.41,0.6579489854630083,4.936213983455673,0.09562098421156406,1.468313013901934,,1980.0,1980.0,ok,42.0,42.0,99.69045012938935,2026-08-10T11:13:53.926647+00:00,2048,32768,5
32,4096,descending_shared_b32_h4096,9126805504,268435456,6062080,0.115625,52428800,0.05788799934089184,0.05801386709014575,0.058079998940229416,0.05686400085687637,0.05929600074887276,0.0006766032371666431,2619.0,2619.0,65536,2,descending,0.6655560184332554,shared,731914240,169.05,172.32,30,20260810,1343488,0.025625,0.677286006975919,9.422828006790951,0.11590000940486789,2.3676120035815984,,1980.0,1980.0,ok,42.0,42.0,157.66490483384837,2026-08-10T11:13:53.835494+00:00,2048,2048,5
32,4096,descending_independent_b32_h4096,9126805504,268435456,47710208,0.91,52428800,0.06123200058937073,0.06128213343520959,0.061216000467538834,0.059967998415231705,0.06281600147485733,0.0008924094136065013,2619.0,2619.0,65536,2,descending,0.052274312956401836,independent,731914240,169.05,172.32,30,20260810,42991616,0.82,0.677286006975919,9.422828006790951,0.11590000940486789,2.3676120035815984,,1980.0,1980.0,ok,42.0,42.0,149.05288148885256,2026-08-10T11:13:53.836715+00:00,2048,65536,5
64,4096,descending_shared_b64_h4096,18253611008,268435456,10780672,0.205625,52428800,0.08123200014233589,0.08113600040475527,0.08111999928951263,0.07952000200748444,0.08243200182914734,0.0011782131069565604,2619.0,2619.0,131072,2,descending,0.27613622732793885,shared,1193885696,170.96,170.96,30,20260810,1343488,0.025625,0.756201014155522,18.29853598610498,0.149536004755646,3.703245980432257,,1980.0,1980.0,ok,42.0,42.0,224.71003639816158,2026-08-10T11:13:54.104356+00:00,2048,2048,5
64,4096,descending_independent_b64_h4096,18253611008,268435456,95420416,1.82,52428800,0.08764800056815147,0.08773546740412712,0.08755200356245041,0.08640000224113464,0.08912000060081482,0.0007156814809387733,2619.0,2619.0,131072,2,descending,0.21929139664425001,independent,1193885696,170.96,170.96,30,20260810,85983232,1.64,0.756201014155522,18.29853598610498,0.149536004755646,3.703245980432257,,1980.0,1980.0,ok,42.0,42.0,208.26068805308472,2026-08-10T11:13:54.105722+00:00,2048,131072,5
16,8192,descending_shared_b16_h8192,4563402752,268435456,3702784,0.070625,52428800,0.04548799991607666,0.046591999505956966,0.045632001012563705,0.044064000248909,0.050335999578237534,0.004590194758497872,2619.0,2619.0,32768,2,descending,0.6351495246812444,shared,730079232,202.71,200.45,30,20260810,1343488,0.025625,1.888258004328236,4.925486020511016,0.10303701856173575,4.1945969860535115,,1980.0,1980.0,ok,42.0,43.0,100.32202984444825,2026-08-10T11:13:53.280546+00:00,2048,2048,5
16,8192,descending_independent_b16_h8192,4563402752,268435456,23855104,0.455,52428800,0.04708799906075001,0.048380799839893976,0.04681599885225296,0.04553600028157234,0.05027199909090996,0.006443576587139167,2619.0,2619.0,32768,2,descending,1.1619968180341722,independent,730079232,202.71,200.45,30,20260810,21495808,0.41,1.888258004328236,4.925486020511016,0.10303701856173575,4.1945969860535115,,1980.0,1980.0,ok,42.0,43.0,96.91545861924448,2026-08-10T11:13:53.285273+00:00,2048,32768,5
8,8192,descending_shared_b8_h8192,2281701376,268435456,2523136,0.048125,52428800,0.037007998675107956,0.039126399780313174,0.03753599897027016,0.03657599911093712,0.04966399818658829,0.005409275397058797,2619.0,2619.0,16384,2,descending,2.8947385888726362,shared,500305920,194.35,194.35,30,20260810,1343488,0.025625,1.791112998034805,4.19698900077492,0.18257199553772807,2.8037489973939955,,1980.0,1980.0,ok,42.0,42.0,61.66682876724022,2026-08-10T11:13:53.401873+00:00,2048,2048,5
8,8192,descending_independent_b8_h8192,2281701376,268435456,11927552,0.2275,52428800,0.03852800093591213,0.0407669335603714,0.03916800022125244,0.03766399994492531,0.047968000173568726,0.005493369332108406,2619.0,2619.0,16384,2,descending,3.378374458715472,independent,500305920,194.35,194.35,30,20260810,10747904,0.205,1.791112998034805,4.19698900077492,0.18257199553772807,2.8037489973939955,,1980.0,1980.0,ok,42.0,42.0,59.238244769936315,2026-08-10T11:13:53.403712+00:00,2048,16384,5
32,8192,descending_shared_b32_h8192,9126805504,268435456,6062080,0.115625,52428800,0.058320000767707825,0.05823466641207536,0.058240000158548355,0.05696000158786774,0.05955199897289276,0.0007562243426345991,2619.0,2619.0,65536,2,descending,0.27472736587115243,shared,1190215680,201.54,201.54,30,20260810,1343488,0.025625,1.923197996802628,9.283124993089586,0.12144900392740965,12.203655001940206,,1980.0,1980.0,ok,43.0,43.0,156.49558569693505,2026-08-10T11:13:53.105604+00:00,2048,2048,5
32,8192,descending_independent_b32_h8192,9126805504,268435456,47710208,0.91,52428800,0.06185599975287914,0.06198826655745506,0.061792001128196716,0.06060799956321716,0.06515199691057205,0.0011947540705119098,2619.0,2619.0,65536,2,descending,0.2071421009643304,independent,1190215680,201.54,201.54,30,20260810,42991616,0.82,1.923197996802628,9.283124993089586,0.12144900392740965,12.203655001940206,,1980.0,1980.0,ok,43.0,43.0,147.5493939232197,2026-08-10T11:13:53.107096+00:00,2048,65536,5
64,8192,descending_shared_b64_h8192,18253611008,268435456,10780672,0.205625,52428800,0.08105599880218506,0.08226986726125081,0.08128000050783157,0.07952000200748444,0.08553600311279297,0.0021630028803327956,2619.0,2619.0,131072,2,descending,0.5542401862940194,shared,2112913408,185.51,190.91,30,20260810,1343488,0.025625,1.0198230156674981,27.370121009880677,0.15645500388927758,7.000702986260876,,1980.0,1980.0,ok,42.0,42.0,225.1992534136906,2026-08-10T11:13:53.572410+00:00,2048,2048,5
64,8192,descending_independent_b64_h8192,18253611008,268435456,95420416,1.82,52428800,0.08840000256896019,0.08981546660264333,0.08851200342178345,0.0873280018568039,0.09516800194978714,0.002504327696029296,2619.0,2619.0,131072,2,descending,0.2537170411521128,independent,2112913408,185.51,190.91,30,20260810,85983232,1.64,1.0198230156674981,27.370121009880677,0.15645500388927758,7.000702986260876,,1980.0,1980.0,ok,42.0,42.0,206.48913777019325,2026-08-10T11:13:53.573994+00:00,2048,131072,5
1,8192,descending_shared_b1_h8192,285212672,268435456,1490944,0.0284375,52428800,0.03385600075125694,0.034069333349665006,0.033952001482248306,0.033440001308918,0.03465599939227104,0.0008663405907705623,2619.0,2619.0,2048,2,descending,0.5687247093230763,shared,297943552,179.29,185.51,30,20260810,1343488,0.025625,0.9067359787877649,0.7955129840411246,0.08361300569958985,0.8444570121355355,,1980.0,1980.0,ok,42.0,42.0,8.42435488286129,2026-08-10T11:13:53.699998+00:00,2048,2048,5
1,8192,descending_independent_b1_h8192,285212672,268435456,1490944,0.0284375,52428800,0.03376000002026558,0.03395946671565374,0.033824000507593155,0.03356799855828285,0.034591998904943466,0.00034992701081258524,2619.0,2619.0,2048,2,descending,0.37986994429421994,independent,297943552,179.29,185.51,30,20260810,1343488,0.025625,0.9067359787877649,0.7955129840411246,0.08361300569958985,0.8444570121355355,,1980.0,1980.0,ok,42.0,42.0,8.448273010904614,2026-08-10T11:13:53.701486+00:00,2048,2048,5
1,16384,descending_shared_b1_h16384,285212672,268435456,1490944,0.0284375,52428800,0.03399999998509884,0.03409173327187697,0.033984001725912094,0.03363199904561043,0.03497600182890892,0.00045092250741874627,2619.0,2619.0,2048,2,descending,0.09415170888804614,shared,325932032,212.35,212.35,30,20260810,1343488,0.025625,0.7067449914757162,0.7547709974460304,0.08368800627067685,1.0336760024074465,,1980.0,1980.0,ok,43.0,43.0,8.388609860957487,2026-08-10T11:13:52.971084+00:00,2048,2048,5
1,16384,descending_independent_b1_h16384,285212672,268435456,1490944,0.0284375,52428800,0.033952001482248306,0.03438933317859968,0.033984001725912094,0.033535998314619064,0.03798399865627289,0.001160394071371564,2619.0,2619.0,2048,2,descending,0.1886806750902359,independent,325932032,212.35,212.35,30,20260810,1343488,0.025625,0.7067449914757162,0.7547709974460304,0.08368800627067685,1.0336760024074465,,1980.0,1980.0,ok,43.0,43.0,8.400474579184486,2026-08-10T11:13:52.972446+00:00,2048,2048,5
8,16384,descending_shared_b8_h16384,2281701376,268435456,2523136,0.048125,52428800,0.03686399944126606,0.037097599978248276,0.03702399879693985,0.03641600161790848,0.03827200084924698,0.0006917308581564142,2619.0,2619.0,16384,2,descending,0.8718360685520787,shared,729161728,217.36,217.36,30,20260810,1343488,0.025625,0.7406010117847472,2.9385930101852864,0.09556900477036834,2.3769070103298873,,1980.0,1980.0,ok,44.0,44.0,61.89627804265488,2026-08-10T11:13:52.870598+00:00,2048,2048,5
8,16384,descending_independent_b8_h16384,2281701376,268435456,11927552,0.2275,52428800,0.038047999143600464,0.038518399745225904,0.03811199963092804,0.03763199970126152,0.04217600077390671,0.0012455677792607475,2619.0,2619.0,16384,2,descending,0.33698657114398234,independent,729161728,217.36,217.36,30,20260810,10747904,0.205,0.7406010117847472,2.9385930101852864,0.09556900477036834,2.3769070103298873,,1980.0,1980.0,ok,44.0,44.0,59.9691937381484,2026-08-10T11:13:52.872187+00:00,2048,16384,5
32,16384,descending_shared_b32_h16384,9126805504,268435456,6062080,0.115625,52428800,0.058480000123381615,0.058709333464503285,0.058368001133203506,0.057472001761198044,0.0623680017888546,0.0013470022871655675,2619.0,2619.0,65536,2,descending,0.38376846218362015,shared,2109243392,227.47,222.25,30,20260810,1343488,0.025625,1.2935230042785406,9.12875501671806,0.117586983833462,6.833919003838673,,1980.0,1980.0,ok,43.0,45.0,156.06769768755615,2026-08-10T11:13:52.635127+00:00,2048,2048,5
32,16384,descending_independent_b32_h16384,9126805504,268435456,47710208,0.91,52428800,0.06169600039720535,0.061863466476400696,0.061664000153541565,0.061055999249219894,0.06313599646091461,0.0006273781573747602,2619.0,2619.0,65536,2,descending,0.10378906196195636,independent,2109243392,227.47,222.25,30,20260810,42991616,0.82,1.2935230042785406,9.12875501671806,0.117586983833462,6.833919003838673,,1980.0,1980.0,ok,43.0,45.0,147.93192266240348,2026-08-10T11:13:52.636557+00:00,2048,65536,5
64,16384,descending_shared_b64_h16384,18253611008,268435456,10780672,0.205625,52428800,0.081216000020504,0.08127253254254659,0.0809599980711937,0.0799039974808693,0.08361600339412689,0.0010876134983839555,2619.0,2619.0,131072,2,descending,0.6324158977503602,shared,3948216320,228.02,227.47,30,20260810,1343488,0.025625,1.2933480029460043,17.687952989945188,0.15538398292846978,13.040368998190388,,1980.0,1980.0,ok,43.0,43.0,224.75611172226346,2026-08-10T11:13:52.722891+00:00,2048,2048,5
64,16384,descending_independent_b64_h16384,18253611008,268435456,95420416,1.82,52428800,0.08840000256896019,0.0886218674480915,0.08844800293445587,0.0878399983048439,0.08991999924182892,0.0006587485312620328,2619.0,2619.0,131072,2,descending,0.10865710860776812,independent,3948216320,228.02,227.47,30,20260810,85983232,1.64,1.2933480029460043,17.687952989945188,0.15538398292846978,13.040368998190388,,1980.0,1980.0,ok,43.0,43.0,206.48886718791192,2026-08-10T11:13:52.724522+00:00,2048,131072,5
16,16384,descending_shared_b16_h16384,4563402752,268435456,3702784,0.070625,52428800,0.04422399960458279,0.04446399969359239,0.04416000097990036,0.043776001781225204,0.04758400097489357,0.0014242876192042365,2619.0,2619.0,32768,2,descending,0.28984883723872645,shared,1188380672,217.36,228.02,30,20260810,1343488,0.025625,1.171962998341769,4.825020994758233,0.09784600115381181,3.65890801185742,,1980.0,1980.0,ok,44.0,43.0,103.1885932899934,2026-08-10T11:13:52.814351+00:00,2048,2048,5
16,16384,descending_independent_b16_h16384,4563402752,268435456,23855104,0.455,52428800,0.04625600017607212,0.0477589330325524,0.04633599892258644,0.0451200008392334,0.047839999198913574,0.007268475110703276,2619.0,2619.0,32768,2,descending,0.34649490660796367,independent,1188380672,217.36,228.02,30,20260810,21495808,0.41,1.171962998341769,4.825020994758233,0.09784600115381181,3.65890801185742,,1980.0,1980.0,ok,44.0,43.0,98.65566378938176,2026-08-10T11:13:52.815784+00:00,2048,32768,5
16,32768,descending_shared_b16_h32768,4563402752,268435456,3702784,0.070625,52428800,0.044144000858068466,0.04432213318844636,0.04416000097990036,0.04358400031924248,0.04495999962091446,0.0007308773885402815,2619.0,2619.0,32768,2,descending,0.07251686713627414,shared,2107408384,209.66,209.66,30,20260810,1343488,0.025625,1.1992759827990085,4.753402987262234,0.10023501818068326,6.823112984420732,,1980.0,1980.0,ok,44.0,44.0,103.37539105656018,2026-08-10T11:13:52.385393+00:00,2048,2048,5
16,32768,descending_independent_b16_h32768,4563402752,268435456,23855104,0.455,52428800,0.04638399928808212,0.04932586674888929,0.04649600014090538,0.04604800045490265,0.04758400097489357,0.014758554570936624,2619.0,2619.0,32768,2,descending,0.48409775506006447,independent,2107408384,209.66,209.66,30,20260810,21495808,0.41,1.1992759827990085,4.753402987262234,0.10023501818068326,6.823112984420732,,1980.0,1980.0,ok,44.0,44.0,98.38369759281656,2026-08-10T11:13:52.386950+00:00,2048,32768,5
32,32768,descending_shared_b32_h32768,9126805504,268435456,6062080,0.115625,52428800,0.05828800052404404,0.05821866678694884,0.05830400064587593,0.056992001831531525,0.059039998799562454,0.0006746529281279751,2619.0,2619.0,65536,2,descending,0.05491529970296227,shared,3944546304,209.66,210.59,30,20260810,1343488,0.025625,1.0702819854486734,8.948983013397083,0.12675797916017473,13.044589984929189,,1980.0,1980.0,ok,44.0,43.0,156.5812192845409,2026-08-10T11:13:52.320105+00:00,2048,2048,5
32,32768,descending_independent_b32_h32768,9126805504,268435456,47710208,0.91,52428800,0.061504000797867775,0.061581866815686226,0.0613120011985302,0.06035200133919716,0.0628800019621849,0.0009487587110565786,2619.0,2619.0,65536,2,descending,0.6263034824646407,independent,3944546304,209.66,210.59,30,20260810,42991616,0.82,1.0702819854486734,8.948983013397083,0.12675797916017473,13.044589984929189,,1980.0,1980.0,ok,44.0,43.0,148.39513413205592,2026-08-10T11:13:52.321598+00:00,2048,65536,5
1,32768,descending_shared_b1_h32768,285212672,268435456,1490944,0.0284375,52428800,0.03419199958443642,0.034144000088175135,0.03404799848794937,0.03376000002026558,0.03500799834728241,0.0003694112952734843,2619.0,2619.0,2048,2,descending,0.8458711400496144,shared,383313920,211.54,227.3,30,20260810,1343488,0.025625,0.6522820040117949,0.6748829910065979,0.08046001312322915,1.1551200004760176,,1980.0,1980.0,ok,44.0,46.0,8.341651099722746,2026-08-10T11:13:52.159868+00:00,2048,2048,5
1,32768,descending_independent_b1_h32768,285212672,268435456,1490944,0.0284375,52428800,0.0340960007160902,0.03413119999070962,0.033984001725912094,0.03359999880194664,0.034752000123262405,0.0007061591097173937,2619.0,2619.0,2048,2,descending,0.6591277335812551,independent,383313920,211.54,227.3,30,20260810,1343488,0.025625,0.6522820040117949,0.6748829910065979,0.08046001312322915,1.1551200004760176,,1980.0,1980.0,ok,44.0,46.0,8.365079290444017,2026-08-10T11:13:52.161298+00:00,2048,2048,5
64,32768,descending_shared_b64_h32768,18253611008,268435456,10780672,0.205625,52428800,0.08166399970650673,0.08200640032688776,0.08153600245714188,0.08044800162315369,0.08470399677753448,0.001241999468919704,2619.0,2619.0,131072,2,descending,0.3139649860370186,shared,4636147712,222.25,215.28,30,20260810,1343488,0.025625,1.2004559976048768,17.351587011944503,0.1518569770269096,25.674225005786866,,1980.0,1980.0,ok,45.0,44.0,223.52145273442716,2026-08-10T11:13:52.524895+00:00,2048,2048,5
64,32768,descending_independent_b64_h32768,18253611008,268435456,95420416,1.82,52428800,0.08857600018382072,0.0886112002034982,0.08851200342178345,0.08767999708652496,0.08982399851083755,0.0006343939297831318,2619.0,2619.0,131072,2,descending,0.14460583776940705,independent,4636147712,222.25,215.28,30,20260810,85983232,1.64,1.2004559976048768,17.351587011944503,0.1518569770269096,25.674225005786866,,1980.0,1980.0,ok,45.0,44.0,206.0786273798966,2026-08-10T11:13:52.526272+00:00,2048,131072,5
8,32768,descending_shared_b8_h32768,2281701376,268435456,2523136,0.048125,52428800,0.036879999563097954,0.03703680001199246,0.036768000572919846,0.036320000886917114,0.037696000188589096,0.0008922436830077848,2619.0,2619.0,16384,2,descending,0.6092199109711594,shared,1187463168,227.3,227.3,30,20260810,1343488,0.025625,1.1660789896268398,2.646092005306855,0.0901640160009265,3.7414089892990887,,1980.0,1980.0,ok,46.0,46.0,61.868829883565766,2026-08-10T11:13:52.065745+00:00,2048,2048,5
8,32768,descending_independent_b8_h32768,2281701376,268435456,11927552,0.2275,52428800,0.03807999938726425,0.03806613298753898,0.0379519984126091,0.03731200098991394,0.03907199949026108,0.000525143426355047,2619.0,2619.0,16384,2,descending,0.6745414207891764,independent,1187463168,227.3,227.3,30,20260810,10747904,0.205,1.1660789896268398,2.646092005306855,0.0901640160009265,3.7414089892990887,,1980.0,1980.0,ok,46.0,46.0,59.91930655239632,2026-08-10T11:13:52.067023+00:00,2048,16384,5
32,65536,descending_shared_b32_h65536,9126805504,268435456,6062080,0.115625,52428800,0.05841600149869919,0.058549333239595096,0.058400001376867294,0.05737600103020668,0.060095999389886856,0.0010130861865636697,2619.0,2619.0,65536,2,descending,0.05479493648858913,shared,4632477696,228.74,228.74,30,20260810,1343488,0.025625,1.5427310136146843,9.138460998656228,0.12339602108113468,25.654354016296566,,1980.0,1980.0,ok,45.0,45.0,156.23811891516547,2026-08-10T11:13:51.994041+00:00,2048,2048,5
32,65536,descending_independent_b32_h65536,9126805504,268435456,47710208,0.91,52428800,0.06185599975287914,0.061860266824563345,0.06195199862122536,0.060416001826524734,0.06310400366783142,0.0008106276262913682,2619.0,2619.0,65536,2,descending,0.31087715988118436,independent,4632477696,228.74,228.74,30,20260810,42991616,0.82,1.5427310136146843,9.138460998656228,0.12339602108113468,25.654354016296566,,1980.0,1980.0,ok,45.0,45.0,147.54959136600903,2026-08-10T11:13:51.995709+00:00,2048,65536,5
64,65536,descending_shared_b64_h65536,18253611008,268435456,10780672,0.205625,52428800,0.08209599927067757,0.08291008025407791,0.08207999914884567,0.08044800162315369,0.08339200168848038,0.0069955968605714056,2619.0,2619.0,131072,2,descending,0.038986652041450576,shared,6012010496,337.46,373.82,50,20260810,1343488,0.025625,1.0234100045636296,17.75628700852394,0.20005402620881796,50.88338500354439,,1980.0,1980.0,ok,44.0,45.0,222.34471671590822,2026-08-10T11:16:23.584967+00:00,2048,2048,5
64,65536,descending_independent_b64_h65536,18253611008,268435456,95420416,1.82,52428800,0.08867199718952179,0.08896959975361823,0.08857599645853043,0.08771199733018875,0.09318400174379349,0.0017843866816311172,2619.0,2619.0,131072,2,descending,0.21676466498756763,independent,6012010496,337.46,373.82,50,20260810,85983232,1.64,1.0234100045636296,17.75628700852394,0.20005402620881796,50.88338500354439,,1980.0,1980.0,ok,44.0,45.0,205.85565885734667,2026-08-10T11:16:23.586331+00:00,2048,131072,5
16,65536,descending_shared_b16_h65536,4563402752,268435456,3702784,0.070625,52428800,0.044336000457406044,0.04421013370156288,0.04416000097990036,0.04364800080657005,0.04492799937725067,0.0003507064140401449,2619.0,2619.0,32768,2,descending,0.7970990652187204,shared,3942711296,248.26,248.26,30,20260810,1343488,0.025625,2.055538003332913,5.7736219896469265,0.10482801008038223,13.065973005723208,,1980.0,1980.0,ok,45.0,45.0,102.9293264521628,2026-08-10T11:13:51.880660+00:00,2048,2048,5
16,65536,descending_independent_b16_h65536,4563402752,268435456,23855104,0.455,52428800,0.04628799855709076,0.04642773295442263,0.04633599892258644,0.04479999840259552,0.04950400069355965,0.0011556900284483969,2619.0,2619.0,32768,2,descending,0.20761404573068631,independent,3942711296,248.26,248.26,30,20260810,21495808,0.41,2.055538003332913,5.7736219896469265,0.10482801008038223,13.065973005723208,,1980.0,1980.0,ok,45.0,45.0,98.58727535301867,2026-08-10T11:13:51.882176+00:00,2048,32768,5
1,65536,descending_shared_b1_h65536,285212672,268435456,1490944,0.0284375,52428800,0.034272000193595886,0.03516095995903015,0.03420799970626831,0.03388800099492073,0.03488000109791756,0.006503352468928457,2619.0,2619.0,2048,2,descending,0.37418433043221455,shared,499503104,373.82,395.96,50,20260810,1343488,0.025625,0.5729870172217488,0.5363659875001758,0.08234800770878792,1.4847700076643378,,1980.0,1980.0,ok,45.0,46.0,8.322060720434212,2026-08-10T11:16:23.420672+00:00,2048,2048,5
1,65536,descending_independent_b1_h65536,285212672,268435456,1490944,0.0284375,52428800,0.03428800031542778,0.03435007981956005,0.03417599946260452,0.03376000002026558,0.03551999852061272,0.0007165188598473536,2619.0,2619.0,2048,2,descending,0.6554357126896004,independent,499503104,373.82,395.96,50,20260810,1343488,0.025625,0.5729870172217488,0.5363659875001758,0.08234800770878792,1.4847700076643378,,1980.0,1980.0,ok,45.0,46.0,8.318237067933518,2026-08-10T11:16:23.421805+00:00,2048,2048,5
8,65536,descending_shared_b8_h65536,2281701376,268435456,2523136,0.048125,52428800,0.03670400008559227,0.03698133379220962,0.03667199984192848,0.03619199991226196,0.040192000567913055,0.001294117244490911,2619.0,2619.0,16384,2,descending,0.1745213994422068,shared,2106490880,254.15,284.86,30,20260810,1343488,0.025625,1.9099829951301217,2.615491015603766,0.08758399053476751,16.70578299672343,,1980.0,1980.0,ok,44.0,46.0,62.164971257568865,2026-08-10T11:13:51.458568+00:00,2048,2048,5
8,65536,descending_independent_b8_h65536,2281701376,268435456,11927552,0.2275,52428800,0.037887999787926674,0.037942399829626085,0.037856001406908035,0.03721600025892258,0.03843199834227562,0.0006073907519957066,2619.0,2619.0,16384,2,descending,0.16905314787314385,independent,2106490880,254.15,284.86,30,20260810,10747904,0.205,1.9099829951301217,2.615491015603766,0.08758399053476751,16.70578299672343,,1980.0,1980.0,ok,44.0,46.0,60.22231356199751,2026-08-10T11:13:51.464054+00:00,2048,16384,5
32,131072,descending_shared_b32_h131072,9126805504,268435456,6062080,0.115625,52428800,0.05841599963605404,0.05860800010462602,0.05833600088953972,0.057631999254226685,0.06035200133919716,0.000935902218305338,2619.0,2619.0,65536,2,descending,0.2742688744324484,shared,6008340480,298.81,288.08,30,20260810,1343488,0.025625,2.318965009180829,9.216427017236128,0.1272240187972784,59.390987997176126,,1980.0,1980.0,ok,48.0,48.0,156.2384051912724,2026-08-10T11:13:51.115038+00:00,2048,2048,5
32,131072,descending_independent_b32_h131072,9126805504,268435456,47710208,0.91,52428800,0.06200000084936619,0.061941333735982575,0.061824001371860504,0.060447998344898224,0.06297600269317627,0.0007948351845600152,2619.0,2619.0,65536,2,descending,0.5693564751562352,independent,6008340480,298.81,288.08,30,20260810,42991616,0.82,2.318965009180829,9.216427017236128,0.1272240187972784,59.390987997176126,,1980.0,1980.0,ok,48.0,48.0,147.20772460335024,2026-08-10T11:13:51.116856+00:00,2048,65536,5
16,131072,descending_shared_b16_h131072,4563402752,268435456,3702784,0.070625,52428800,0.044416001066565514,0.04450133331120014,0.044256001710891724,0.04368000105023384,0.046911999583244324,0.0009863868414230384,2619.0,2619.0,32768,2,descending,0.723062859220791,shared,4630642688,288.01,297.82,30,20260810,1343488,0.025625,3.344353986904025,5.299437005305663,0.10728699271567166,25.726243009557948,,1980.0,1980.0,ok,45.0,47.0,102.74364778862572,2026-08-10T11:13:50.715141+00:00,2048,2048,5
16,131072,descending_independent_b16_h131072,4563402752,268435456,23855104,0.455,52428800,0.04604800045490265,0.046170666938026746,0.04608000069856644,0.045471999794244766,0.046879999339580536,0.00043226354754773605,2619.0,2619.0,32768,2,descending,0.1390831168154083,independent,4630642688,288.01,297.82,30,20260810,21495808,0.41,3.344353986904025,5.299437005305663,0.10728699271567166,25.726243009557948,,1980.0,1980.0,ok,45.0,47.0,99.10104479517139,2026-08-10T11:13:50.717105+00:00,2048,32768,5
1,131072,descending_shared_b1_h131072,285212672,268435456,1490944,0.0284375,52428800,0.034223999828100204,0.03415466658771038,0.0342399999499321,0.033663999289274216,0.03484800085425377,0.000329183747348582,2619.0,2619.0,2048,2,descending,0.09354608260805364,shared,728358912,298.81,298.81,30,20260810,1343488,0.025625,1.3682360004168004,0.7571660098619759,0.08446301217190921,2.324474015040323,,1980.0,1980.0,ok,48.0,48.0,8.333705463146321,2026-08-10T11:13:51.190279+00:00,2048,2048,5
1,131072,descending_independent_b1_h131072,285212672,268435456,1490944,0.0284375,52428800,0.03417599946260452,0.034306133290131886,0.03420799970626831,0.033663999289274216,0.03494400158524513,0.0006404765670909178,2619.0,2619.0,2048,2,descending,0.18744285611413947,independent,728358912,298.81,298.81,30,20260810,1343488,0.025625,1.3682360004168004,0.7571660098619759,0.08446301217190921,2.324474015040323,,1980.0,1980.0,ok,48.0,48.0,8.34541568757341,2026-08-10T11:13:51.191627+00:00,2048,2048,5
64,131072,descending_shared_b64_h131072,18253611008,268435456,10780672,0.205625,52428800,0.08211199939250946,0.08247466608881951,0.08230400085449219,0.08160000294446945,0.0835840031504631,0.0008039295758203756,2619.0,2619.0,131072,2,descending,0.4687535811354726,shared,8763736064,288.08,288.01,30,20260810,1343488,0.025625,2.035145997069776,17.60033701430075,0.16175699420273304,105.00239298562519,,1980.0,1980.0,ok,48.0,45.0,222.3025982417311,2026-08-10T11:13:50.957733+00:00,2048,2048,5
64,131072,descending_independent_b64_h131072,18253611008,268435456,95420416,1.82,52428800,0.08870399743318558,0.08880533327658971,0.08870399743318558,0.08771199733018875,0.09020800143480301,0.0006789777723547505,2619.0,2619.0,131072,2,descending,0.0,independent,8763736064,288.08,288.01,30,20260810,85983232,1.64,2.035145997069776,17.60033701430075,0.16175699420273304,105.00239298562519,,1980.0,1980.0,ok,48.0,45.0,205.78115458380722,2026-08-10T11:13:50.959361+00:00,2048,131072,5
8,131072,descending_shared_b8_h131072,2281701376,268435456,2523136,0.048125,52428800,0.036768000572919846,0.037353599816560744,0.03683200106024742,0.03651199862360954,0.042047999799251556,0.001725690373201933,2619.0,2619.0,16384,2,descending,0.34873848724024104,shared,3941793792,284.86,302.48,30,20260810,1343488,0.025625,0.8652070246171206,2.7423359861131757,0.09347699233330786,13.044877996435389,,1980.0,1980.0,ok,46.0,45.0,62.05690420382625,2026-08-10T11:13:51.353971+00:00,2048,2048,5
8,131072,descending_independent_b8_h131072,2281701376,268435456,11927552,0.2275,52428800,0.037728000432252884,0.03793173308173815,0.03782400116324425,0.03734400123357773,0.0390079990029335,0.0005465966065788418,2619.0,2619.0,16384,2,descending,0.5102079706284846,independent,3941793792,284.86,302.48,30,20260810,10747904,0.205,0.8652070246171206,2.7423359861131757,0.09347699233330786,13.044877996435389,,1980.0,1980.0,ok,46.0,45.0,60.478056704536655,2026-08-10T11:13:51.355686+00:00,2048,16384,5
16,262144,descending_shared_b16_h262144,4563402752,268435456,3702784,0.070625,52428800,0.044544000178575516,0.04476586679617564,0.04447999969124794,0.044064000248909,0.0459199994802475,0.0012127375935118356,2619.0,2619.0,32768,2,descending,0.28777197739131566,shared,6006505472,289.76,339.04,30,20260810,1343488,0.025625,10.724823019700125,4.599979991326109,0.10720299906097353,51.001459010876715,,1980.0,1980.0,ok,48.0,48.0,102.44729153846646,2026-08-10T11:13:50.012305+00:00,2048,2048,5
16,262144,descending_independent_b16_h262144,4563402752,268435456,23855104,0.455,52428800,0.04636800102889538,0.04634880026181539,0.046112000942230225,0.04566400125622749,0.04729599878191948,0.0007910152256526528,2619.0,2619.0,32768,2,descending,1.110340394839393,independent,6006505472,289.76,339.04,30,20260810,21495808,0.41,10.724823019700125,4.599979991326109,0.10720299906097353,51.001459010876715,,1980.0,1980.0,ok,48.0,48.0,98.42006894032664,2026-08-10T11:13:50.013681+00:00,2048,32768,5
64,262144,descending_shared_b64_h262144,18253611008,268435456,10780672,0.205625,52428800,0.08262399956583977,0.08240447998046875,0.08230400085449219,0.08089599758386612,0.08380799740552902,0.0008939180843683014,2619.0,2619.0,131072,2,descending,0.7776018371532523,shared,14267187200,407.79,434.23,50,20260810,1343488,0.025625,1.8728430150076747,19.342652027262375,0.26777302264235914,202.37078101490624,,1980.0,1980.0,ok,50.0,46.0,220.92715079919702,2026-08-10T11:16:23.221963+00:00,2048,2048,5
64,262144,descending_independent_b64_h262144,18253611008,268435456,95420416,1.82,52428800,0.08876800164580345,0.08869375988841056,0.08851200342178345,0.08767999708652496,0.0899839997291565,0.0008483187588185267,2619.0,2619.0,131072,2,descending,0.5784486038579617,independent,14267187200,407.79,434.23,50,20260810,85983232,1.64,1.8728430150076747,19.342652027262375,0.26777302264235914,202.37078101490624,,1980.0,1980.0,ok,50.0,46.0,205.63449085396644,2026-08-10T11:16:23.223444+00:00,2048,131072,5
1,262144,descending_shared_b1_h262144,285212672,268435456,1490944,0.0284375,52428800,0.03428799845278263,0.0341542398929596,0.03404799848794937,0.033695999532938004,0.03481600061058998,0.0006469838091363703,2619.0,2619.0,2048,2,descending,1.409774292125876,shared,1186660352,395.96,407.79,50,20260810,1343488,0.025625,2.9192829970270395,0.6229050050023943,0.07949399878270924,3.7920209870208055,,1980.0,1980.0,ok,46.0,50.0,8.318556320291414,2026-08-10T11:16:23.328048+00:00,2048,2048,5
1,262144,descending_independent_b1_h262144,285212672,268435456,1490944,0.0284375,52428800,0.034303998574614525,0.03411520019173622,0.034015998244285583,0.03359999880194664,0.035232000052928925,0.00044082251490994845,2619.0,2619.0,2048,2,descending,1.693322819813603,independent,1186660352,395.96,407.79,50,20260810,1343488,0.025625,2.9192829970270395,0.6229050050023943,0.07949399878270924,3.7920209870208055,,1980.0,1980.0,ok,46.0,50.0,8.314855074445664,2026-08-10T11:16:23.329263+00:00,2048,2048,5
32,262144,descending_shared_b32_h262144,9126805504,268435456,6062080,0.115625,52428800,0.05849599838256836,0.0586816002925237,0.05849599838256836,0.05772799998521805,0.059776000678539276,0.001022845944980953,2619.0,2619.0,65536,2,descending,0.0,shared,8760066048,323.58,338.84,30,20260810,1343488,0.025625,1.8948880024254322,8.84537200909108,0.13296600081957877,101.62031798972748,,1980.0,1980.0,ok,48.0,47.0,156.02444195088327,2026-08-10T11:13:49.802552+00:00,2048,2048,5
32,262144,descending_independent_b32_h262144,9126805504,268435456,47710208,0.91,52428800,0.062111999839544296,0.061910399918754896,0.06201599910855293,0.06083200126886368,0.0631679967045784,0.0007113863371720164,2619.0,2619.0,65536,2,descending,0.30959988509844383,independent,8760066048,323.58,338.84,30,20260810,42991616,0.82,1.8948880024254322,8.84537200909108,0.13296600081957877,101.62031798972748,,1980.0,1980.0,ok,48.0,47.0,146.94144981097986,2026-08-10T11:13:49.803944+00:00,2048,65536,5
8,262144,descending_shared_b8_h262144,2281701376,268435456,2523136,0.048125,52428800,0.03699200041592121,0.03723733363052209,0.03711999952793121,0.03657599911093712,0.038176000118255615,0.0008190722425241971,2619.0,2619.0,16384,2,descending,0.694439602227459,shared,4629725184,364.51,364.51,30,20260810,1343488,0.025625,1.6761200095061213,2.56210399675183,0.0929870002437383,25.690009002573788,,1980.0,1980.0,ok,46.0,46.0,61.68167898970236,2026-08-10T11:13:49.602741+00:00,2048,2048,5
8,262144,descending_independent_b8_h262144,2281701376,268435456,11927552,0.2275,52428800,0.038016000762581825,0.038218666488925614,0.03814399987459183,0.03750399872660637,0.0390079990029335,0.0004155350746905915,2619.0,2619.0,16384,2,descending,0.6756709587931953,independent,4629725184,364.51,364.51,30,20260810,10747904,0.205,1.6761200095061213,2.56210399675183,0.0929870002437383,25.690009002573788,,1980.0,1980.0,ok,46.0,46.0,60.020180901558035,2026-08-10T11:13:49.604302+00:00,2048,16384,5
1,524288,descending_shared_b1_h524288,285212672,268435456,1490944,0.0284375,52428800,0.03444799967110157,0.034334080070257185,0.0342399999499321,0.03385600075125694,0.03494400158524513,0.0005986105751222981,2619.0,2619.0,2048,2,descending,1.2149516441216202,shared,2105688064,462.95,462.95,50,20260810,1343488,0.025625,4.248232988175005,0.9239990031346679,0.08217000868171453,6.809995014918968,,1980.0,1980.0,ok,48.0,48.0,8.279815185126301,2026-08-10T11:16:22.877626+00:00,2048,2048,5
1,524288,descending_independent_b1_h524288,285212672,268435456,1490944,0.0284375,52428800,0.03447999991476536,0.03440255977213383,0.0342399999499321,0.033824000507593155,0.03596799820661545,0.0005301517081384812,2619.0,2619.0,2048,2,descending,1.4018689555151953,independent,2105688064,462.95,462.95,50,20260810,1343488,0.025625,4.248232988175005,0.9239990031346679,0.08217000868171453,6.809995014918968,,1980.0,1980.0,ok,48.0,48.0,8.272230038852811,2026-08-10T11:16:22.879208+00:00,2048,2048,5
8,524288,descending_shared_b8_h524288,2281701376,268435456,2523136,0.048125,52428800,0.03699199855327606,0.03727360007663568,0.036959998309612274,0.03638400137424469,0.04073600098490715,0.0011690996954492026,2619.0,2619.0,16384,2,descending,0.17316149960679983,shared,6005587968,387.12,411.12,30,20260810,1343488,0.025625,1.2876880064141005,2.754167013335973,0.09609901462681592,50.9997229964938,,1980.0,1980.0,ok,46.0,47.0,61.6809897462607,2026-08-10T11:13:49.468403+00:00,2048,2048,5
8,524288,descending_independent_b8_h524288,2281701376,268435456,11927552,0.2275,52428800,0.0382240004837513,0.03824000010887782,0.03824000060558319,0.03753599897027016,0.03891199827194214,0.00040316638720861223,2619.0,2619.0,16384,2,descending,0.0837527307387731,independent,6005587968,387.12,411.12,30,20260810,10747904,0.205,1.2876880064141005,2.754167013335973,0.09609901462681592,50.9997229964938,,1980.0,1980.0,ok,46.0,47.0,59.692908824681744,2026-08-10T11:13:49.469766+00:00,2048,16384,5
64,524288,descending_shared_b64_h524288,18253611008,268435456,10780672,0.205625,52428800,0.0819999985396862,0.08189120054244996,0.0817599967122078,0.08070400357246399,0.08287999778985977,0.000910943453834437,2619.0,2619.0,131072,2,descending,0.5870886426847743,shared,25274089472,452.9,374.81,50,20260810,1343488,0.025625,6.144170009065419,18.398413027171046,0.2833259932231158,409.65186202083714,,1980.0,1980.0,ok,52.0,50.0,222.60692321036635,2026-08-10T11:16:22.744501+00:00,2048,2048,5
64,524288,descending_independent_b64_h524288,18253611008,268435456,95420416,1.82,52428800,0.0886559970676899,0.0888102400302887,0.08867199718952179,0.0880960002541542,0.09001599997282028,0.000563870162704459,2619.0,2619.0,131072,2,descending,0.03610135916785051,independent,25274089472,452.9,374.81,50,20260810,85983232,1.64,6.144170009065419,18.398413027171046,0.2833259932231158,409.65186202083714,,1980.0,1980.0,ok,52.0,50.0,205.892575869408,2026-08-10T11:16:22.746022+00:00,2048,131072,5
16,524288,descending_shared_b16_h524288,4563402752,268435456,3702784,0.070625,52428800,0.04435199871659279,0.04442666669686635,0.04438399896025658,0.044064000248909,0.04483199864625931,0.0003536763726200596,2619.0,2619.0,32768,2,descending,0.14440543667135763,shared,8758231040,416.13,428.03,30,20260810,1343488,0.025625,4.985230014426634,5.003216996556148,0.11071798508055508,103.17418599152006,,1980.0,1980.0,ok,51.0,52.0,102.89063085380782,2026-08-10T11:13:49.217649+00:00,2048,2048,5
16,524288,descending_independent_b16_h524288,4563402752,268435456,23855104,0.455,52428800,0.046191999688744545,0.04637333353360494,0.04614400118589401,0.04569600149989128,0.04992000013589859,0.0011414656476608507,2619.0,2619.0,32768,2,descending,0.208037888423096,independent,8758231040,416.13,428.03,30,20260810,21495808,0.41,4.985230014426634,5.003216996556148,0.11071798508055508,103.17418599152006,,1980.0,1980.0,ok,51.0,52.0,98.79216552809234,2026-08-10T11:13:49.219093+00:00,2048,32768,5
32,524288,descending_shared_b32_h524288,9126805504,268435456,6062080,0.115625,52428800,0.05849600024521351,0.058556799714763956,0.05843200162053108,0.057440001517534256,0.06006399914622307,0.0008319734670653295,2619.0,2619.0,65536,2,descending,0.21905333689591355,shared,14263517184,428.03,407.67,30,20260810,1343488,0.025625,3.6040830018464476,9.414636006113142,0.31165999826043844,205.53502198890783,,1980.0,1980.0,ok,52.0,51.0,156.02462374194533,2026-08-10T11:13:49.021658+00:00,2048,2048,5
32,524288,descending_independent_b32_h524288,9126805504,268435456,47710208,0.91,52428800,0.061952000483870506,0.061873066673676175,0.06172800064086914,0.06054399907588959,0.06351999938488007,0.001190289544602773,2619.0,2619.0,65536,2,descending,0.7257641286799066,independent,14263517184,428.03,407.67,30,20260810,42991616,0.82,3.6040830018464476,9.414636006113142,0.31165999826043844,205.53502198890783,,1980.0,1980.0,ok,52.0,51.0,147.3225198801084,2026-08-10T11:13:49.023507+00:00,2048,65536,5
128,4096,descending_shared_b128_h4096,36507222016,268435456,20217856,0.385625,52428800,0.11854400113224983,0.11778773342569669,0.11849600076675415,0.11299200356006622,0.12291199713945389,0.003075428629669053,2619.0,2619.0,262144,2,descending,0.08101600929160124,shared,2120253440,320.8,350.08,30,20260810,1343488,0.025625,1.0781619930639863,36.33623800124042,0.18975799321196973,7.28735001757741,,1980.0,1980.0,ok,46.0,49.0,307.963521164491,2026-08-10T11:20:52.572291+00:00,2048,2048,5
128,4096,descending_independent_b128_h4096,36507222016,268435456,190840832,3.64,52428800,0.12915199995040894,0.12946559935808183,0.12905600666999817,0.12848000228405,0.13158400356769562,0.0009733601096392353,2619.0,2619.0,262144,2,descending,0.148762204701125,independent,2120253440,320.8,350.08,30,20260810,171966464,3.28,1.0781619930639863,36.33623800124042,0.18975799321196973,7.28735001757741,,1980.0,1980.0,ok,46.0,49.0,282.66881037702103,2026-08-10T11:20:52.573495+00:00,2048,262144,5
256,4096,descending_shared_b256_h4096,73014444032,268435456,39092224,0.745625,52428800,0.20742399990558624,0.20873386611541112,0.20899200439453125,0.2040639966726303,0.21321600675582886,0.0026447304067899746,2619.0,2619.0,524288,2,descending,1.5233993897252773,shared,3970236416,373.75,368.21,30,20260810,1343488,0.025625,2.813717001117766,73.57521599624306,0.3080369788222015,13.003258005483076,,1980.0,1980.0,ok,48.0,50.0,352.025882724739,2026-08-10T11:20:52.397308+00:00,2048,2048,5
256,4096,descending_independent_b256_h4096,73014444032,268435456,381681664,7.28,52428800,0.24031999707221985,0.2409365341067314,0.24086399376392365,0.2399040013551712,0.2422720044851303,0.0007690191386759454,2619.0,2619.0,524288,2,descending,0.453754079507962,independent,3970236416,373.75,368.21,30,20260810,343932928,6.56,2.813717001117766,73.57521599624306,0.3080369788222015,13.003258005483076,,1980.0,1980.0,ok,48.0,50.0,303.8233149656155,2026-08-10T11:20:52.398494+00:00,2048,524288,5
256,32768,descending_shared_b256_h32768,73014444032,268435456,39092224,0.745625,52428800,0.20719999819993973,0.2079562688867251,0.20742399990558624,0.20374399423599243,0.21264000236988068,0.0027408712714912845,2619.0,2619.0,524288,2,descending,0.21645186827516927,shared,8785756160,368.21,373.69,30,20260810,1343488,0.025625,2.05168200773187,69.23321800422855,0.3122979833278805,101.19943899917416,,1980.0,1980.0,ok,50.0,47.0,352.3867278105675,2026-08-10T11:20:52.246983+00:00,2048,2048,5
256,32768,descending_independent_b256_h32768,73014444032,268435456,381681664,7.28,52428800,0.24134400486946106,0.24184000094731647,0.24166400730609894,0.24076800048351288,0.2428479939699173,0.0011899461954797404,2619.0,2619.0,524288,2,descending,0.2655357420073168,independent,8785756160,368.21,373.69,30,20260810,343932928,6.56,2.05168200773187,69.23321800422855,0.3122979833278805,101.19943899917416,,1980.0,1980.0,ok,50.0,47.0,302.53319296431823,2026-08-10T11:20:52.248396+00:00,2048,524288,5
128,32768,descending_shared_b128_h32768,36507222016,268435456,20217856,0.385625,52428800,0.1175680011510849,0.11757760097583135,0.11689600348472595,0.11340799927711487,0.12137600034475327,0.0026217895691552436,2619.0,2619.0,262144,2,descending,1.1497359128223028,shared,6020399104,410.7,455.43,30,20260810,1343488,0.025625,3.1912609993014485,35.232155001722276,0.1946600095834583,54.27113099722192,,1980.0,1980.0,ok,50.0,53.0,310.5301987852272,2026-08-10T11:20:51.986892+00:00,2048,2048,5
128,32768,descending_independent_b128_h32768,36507222016,268435456,190840832,3.64,52428800,0.1292480006814003,0.12949653367201489,0.12937599420547485,0.12863999605178833,0.13100799918174744,0.0007437360682927996,2619.0,2619.0,262144,2,descending,0.19825513782476545,independent,6020399104,410.7,455.43,30,20260810,171966464,3.28,3.1912609993014485,35.232155001722276,0.1946600095834583,54.27113099722192,,1980.0,1980.0,ok,50.0,53.0,282.4589751915157,2026-08-10T11:20:51.988304+00:00,2048,262144,5
256,262144,descending_shared_b256_h262144,73014444032,268435456,39092224,0.745625,52428800,0.21083199977874756,0.21053866744041444,0.21055999398231506,0.2062080055475235,0.21462400257587433,0.0029184903314301625,2619.0,2619.0,524288,2,descending,0.2583641757278432,shared,47309914112,460.29,476.22,30,20260810,1343488,0.025625,8.34770200890489,82.4021129810717,0.3440010186750442,807.3499060119502,,1980.0,1980.0,ok,53.0,51.0,346.3163354766695,2026-08-10T11:20:51.185753+00:00,2048,2048,5
256,262144,descending_independent_b256_h262144,73014444032,268435456,381681664,7.28,52428800,0.24235200136899948,0.24229119966427484,0.24201600253582,0.24111999571323395,0.24425600469112396,0.0010564721251878396,2619.0,2619.0,524288,2,descending,0.27766662506520934,independent,47309914112,460.29,476.22,30,20260810,343932928,6.56,8.34770200890489,82.4021129810717,0.3440010186750442,807.3499060119502,,1980.0,1980.0,ok,53.0,51.0,301.27493877886604,2026-08-10T11:20:51.187330+00:00,2048,524288,5
128,262144,descending_shared_b128_h262144,36507222016,268435456,20217856,0.385625,52428800,0.11897600069642067,0.11935040007034937,0.11945600062608719,0.11619199812412262,0.12272000312805176,0.002135276169994276,2619.0,2619.0,262144,2,descending,0.8101538052939672,shared,25281429504,455.43,460.25,30,20260810,1343488,0.025625,5.546945991227403,35.31170601490885,0.20510100875981152,409.2596829868853,,1980.0,1980.0,ok,53.0,49.0,306.8502557265425,2026-08-10T11:20:51.748762+00:00,2048,2048,5
128,262144,descending_independent_b128_h262144,36507222016,268435456,190840832,3.64,52428800,0.13035199791193008,0.13061973303556443,0.1303360015153885,0.1297599971294403,0.13247999548912048,0.0007235930039155836,2619.0,2619.0,262144,2,descending,0.02454639755034016,independent,25281429504,455.43,460.25,30,20260810,171966464,3.28,5.546945991227403,35.31170601490885,0.20510100875981152,409.2596829868853,,1980.0,1980.0,ok,53.0,49.0,280.0664596674913,2026-08-10T11:20:51.750608+00:00,2048,262144,5
