case_id,status,skip_reason,pass_order,pattern,B,H,topk,warmup,repeat,latency_ms_median,latency_ms_p5,latency_ms_p95,latency_ms_mean,latency_ms_std,tflops,pairs,flops,unique_selected_kv,selected_kv_bytes,selected_kv_vs_l2,known_touched_bytes,known_touched_vs_l2,l2_bytes,flush_bytes,setup_alloc_ms,setup_indices_ms,setup_quant_ms,setup_metadata_ms,peak_mem_alloc_bytes,temp_c_before,power_w_before,sm_clock_mhz_before,mem_clock_mhz_before,temp_c_after,power_w_after,sm_clock_mhz_after,mem_clock_mhz_after,seed,timestamp
ascending_shared_b1_h4096,ok,,ascending,shared,1,4096,2048,5,30,0.03379200026392937,0.03324799984693527,0.035679999738931656,0.03395519989232222,0.000651646045117793,8.440242358320672,2048,285212672,2048,1343488,0.025625,1490944,0.0284375,52428800,268435456,30.260838015237823,114.17584199807607,40.190836996771395,1.268111984245479,289627648,39.0,90.76,1980.0,2619.0,40.0,108.12,1980.0,2619.0,20260810,2026-08-10T11:13:42.207970+00:00
ascending_independent_b1_h4096,ok,,ascending,independent,1,4096,2048,5,30,0.03376000002026558,0.03328000009059906,0.03548799827694893,0.033996800209085146,0.0013745254084974294,8.448242648957093,2048,285212672,2048,1343488,0.025625,1490944,0.0284375,52428800,268435456,30.260838015237823,114.17584199807607,40.190836996771395,1.268111984245479,289627648,39.0,90.76,1980.0,2619.0,40.0,108.12,1980.0,2619.0,20260810,2026-08-10T11:13:42.210092+00:00
ascending_shared_b8_h4096,ok,,ascending,shared,8,4096,2048,5,30,0.03657599911093712,0.0360959991812706,0.03779200091958046,0.03672213281194369,0.0004578487992088583,62.382475707074136,16384,2281701376,2048,1343488,0.025625,2523136,0.048125,52428800,268435456,0.7271150243468583,7.003444014117122,1.3690800115000457,0.09345798753201962,384116736,40.0,108.12,1980.0,2619.0,40.0,114.71,1980.0,2619.0,20260810,2026-08-10T11:13:42.312635+00:00
ascending_independent_b8_h4096,ok,,ascending,independent,8,4096,2048,5,30,0.03759999945759773,0.037087999284267426,0.03862399980425835,0.03780799992382526,0.0009037286587816558,60.683548109438675,16384,2281701376,16384,10747904,0.205,11927552,0.2275,52428800,268435456,0.7271150243468583,7.003444014117122,1.3690800115000457,0.09345798753201962,384116736,40.0,108.12,1980.0,2619.0,40.0,114.71,1980.0,2619.0,20260810,2026-08-10T11:13:42.314123+00:00
ascending_shared_b16_h4096,ok,,ascending,shared,16,4096,2048,5,30,0.04390399903059006,0.04368000105023384,0.044863998889923096,0.04418133323391279,0.0007317365989972979,103.94048042913937,32768,4563402752,2048,1343488,0.025625,3702784,0.070625,52428800,268435456,1.4983119908720255,5.18241198733449,1.5003610169515014,0.09844798478297889,501223424,40.0,114.71,1980.0,2619.0,40.0,122.12,1980.0,2619.0,20260810,2026-08-10T11:13:42.410327+00:00
ascending_independent_b16_h4096,ok,,ascending,independent,16,4096,2048,5,30,0.04588799923658371,0.045343998819589615,0.04652800038456917,0.04598933346569538,0.000827684657465515,99.44654000869745,32768,4563402752,32768,21495808,0.41,23855104,0.455,52428800,268435456,1.4983119908720255,5.18241198733449,1.5003610169515014,0.09844798478297889,501223424,40.0,114.71,1980.0,2619.0,40.0,122.12,1980.0,2619.0,20260810,2026-08-10T11:13:42.411715+00:00
ascending_shared_b32_h4096,ok,,ascending,shared,32,4096,2048,5,30,0.05769599974155426,0.05696000158786774,0.0605119988322258,0.05803626663982868,0.0010678759626853958,158.18783875629111,65536,9126805504,2048,1343488,0.025625,6062080,0.115625,52428800,268435456,0.7100630027707666,9.737933985888958,2.448629995342344,0.11780901695601642,731914240,40.0,122.12,1980.0,2619.0,40.0,129.18,1980.0,2619.0,20260810,2026-08-10T11:13:42.496245+00:00
ascending_independent_b32_h4096,ok,,ascending,independent,32,4096,2048,5,30,0.06124800071120262,0.06032000109553337,0.062463998794555664,0.061283200358351074,0.0006888230430828865,149.01393348388356,65536,9126805504,65536,42991616,0.82,47710208,0.91,52428800,268435456,0.7100630027707666,9.737933985888958,2.448629995342344,0.11780901695601642,731914240,40.0,122.12,1980.0,2619.0,40.0,129.18,1980.0,2619.0,20260810,2026-08-10T11:13:42.497618+00:00
ascending_shared_b64_h4096,ok,,ascending,shared,64,4096,2048,5,30,0.08134400099515915,0.0796160027384758,0.08291199803352356,0.08140906641880671,0.0013027177825729371,224.40021125941772,131072,18253611008,2048,1343488,0.025625,10780672,0.205625,52428800,268435456,0.8778409974183887,18.750202987575904,3.6826400028076023,0.1501420047134161,1193885696,40.0,129.18,1980.0,2619.0,42.0,141.55,1980.0,2619.0,20260810,2026-08-10T11:13:42.624477+00:00
ascending_independent_b64_h4096,ok,,ascending,independent,64,4096,2048,5,30,0.08774399757385254,0.08684799820184708,0.09113600105047226,0.08806719978650411,0.0014034926161765532,208.0325892678444,131072,18253611008,131072,85983232,1.64,95420416,1.82,52428800,268435456,0.8778409974183887,18.750202987575904,3.6826400028076023,0.1501420047134161,1193885696,40.0,129.18,1980.0,2619.0,42.0,141.55,1980.0,2619.0,20260810,2026-08-10T11:13:42.626002+00:00
ascending_shared_b16_h8192,ok,,ascending,shared,16,8192,2048,5,30,0.045343998819589615,0.043807998299598694,0.05036799982190132,0.04589333298305671,0.0018006283418943803,100.63961871021637,32768,4563402752,2048,1343488,0.025625,3702784,0.070625,52428800,268435456,13.968098995974287,7.72434999817051,4.491214000154287,0.36438897950574756,730079232,40.0,147.62,1980.0,2619.0,40.0,151.72,1980.0,2619.0,20260810,2026-08-10T11:13:42.856358+00:00
ascending_independent_b16_h8192,ok,,ascending,independent,16,8192,2048,5,30,0.047359999269247055,0.04623999819159508,0.050016000866889954,0.0478517334908247,0.0015285260887104883,96.35563391917574,32768,4563402752,32768,21495808,0.41,23855104,0.455,52428800,268435456,13.968098995974287,7.72434999817051,4.491214000154287,0.36438897950574756,730079232,40.0,147.62,1980.0,2619.0,40.0,151.72,1980.0,2619.0,20260810,2026-08-10T11:13:42.858192+00:00
ascending_shared_b8_h8192,ok,,ascending,shared,8,8192,2048,5,30,0.036479998379945755,0.03590400144457817,0.03791999816894531,0.03685440023740132,0.0014784586454167584,62.5466413741489,16384,2281701376,2048,1343488,0.025625,2523136,0.048125,52428800,268435456,0.7328430074267089,2.7810299943666905,1.6722769942134619,0.08862500544637442,500305920,40.0,158.26,1980.0,2619.0,40.0,158.26,1980.0,2619.0,20260810,2026-08-10T11:13:42.952003+00:00
ascending_independent_b8_h8192,ok,,ascending,independent,8,8192,2048,5,30,0.03788800165057182,0.03734400123357773,0.038943998515605927,0.038034133488933246,0.0008052600935587592,60.22226764671722,16384,2281701376,16384,10747904,0.205,11927552,0.2275,52428800,268435456,0.7328430074267089,2.7810299943666905,1.6722769942134619,0.08862500544637442,500305920,40.0,158.26,1980.0,2619.0,40.0,158.26,1980.0,2619.0,20260810,2026-08-10T11:13:42.953351+00:00
ascending_shared_b32_h8192,ok,,ascending,shared,32,8192,2048,5,30,0.058400001376867294,0.05708799883723259,0.059776000678539276,0.058738133311271666,0.0018206601204434866,156.28091247982744,65536,9126805504,2048,1343488,0.025625,6062080,0.115625,52428800,268435456,0.9661650110501796,9.439895016839728,3.6632729752454907,0.11810701107606292,1190215680,40.0,160.23,1980.0,2619.0,40.0,160.23,1980.0,2619.0,20260810,2026-08-10T11:13:43.047820+00:00
ascending_independent_b32_h8192,ok,,ascending,independent,32,8192,2048,5,30,0.06191999837756157,0.0605119988322258,0.06332799792289734,0.06189333312213421,0.0010385989737408344,147.3967335778767,65536,9126805504,65536,42991616,0.82,47710208,0.91,52428800,268435456,0.9661650110501796,9.439895016839728,3.6632729752454907,0.11810701107606292,1190215680,40.0,160.23,1980.0,2619.0,40.0,160.23,1980.0,2619.0,20260810,2026-08-10T11:13:43.049421+00:00
ascending_shared_b64_h8192,ok,,ascending,shared,64,8192,2048,5,30,0.08083199709653854,0.07926400005817413,0.08444800227880478,0.0811701330045859,0.0020732725434626257,225.82160114390732,131072,18253611008,2048,1343488,0.025625,10780672,0.205625,52428800,268435456,11.225808004382998,18.49818299524486,6.890374002978206,0.15407599858008325,2112913408,40.0,160.23,1980.0,2619.0,41.0,164.74,1980.0,2619.0,20260810,2026-08-10T11:13:43.160676+00:00
ascending_independent_b64_h8192,ok,,ascending,independent,64,8192,2048,5,30,0.08828800171613693,0.08736000210046768,0.09558399766683578,0.08939946641524633,0.003179872056129915,206.75075495183256,131072,18253611008,131072,85983232,1.64,95420416,1.82,52428800,268435456,11.225808004382998,18.49818299524486,6.890374002978206,0.15407599858008325,2112913408,40.0,160.23,1980.0,2619.0,41.0,164.74,1980.0,2619.0,20260810,2026-08-10T11:13:43.162066+00:00
ascending_shared_b1_h8192,ok,,ascending,shared,1,8192,2048,5,30,0.03376000002026558,0.033376000821590424,0.03471999987959862,0.03382826658586661,0.0004171252210874646,8.448242648957093,2048,285212672,2048,1343488,0.025625,1490944,0.0284375,52428800,268435456,0.8835149928927422,0.7854669820517302,0.8364690002053976,0.08129602065309882,297943552,41.0,169.04,1980.0,2619.0,41.0,169.04,1980.0,2619.0,20260810,2026-08-10T11:13:43.233844+00:00
ascending_independent_b1_h8192,ok,,ascending,independent,1,8192,2048,5,30,0.033695999532938004,0.033376000821590424,0.034432001411914825,0.03391466662287712,0.0007490590962520676,8.46428881627931,2048,285212672,2048,1343488,0.025625,1490944,0.0284375,52428800,268435456,0.8835149928927422,0.7854669820517302,0.8364690002053976,0.08129602065309882,297943552,41.0,169.04,1980.0,2619.0,41.0,169.04,1980.0,2619.0,20260810,2026-08-10T11:13:43.235179+00:00
ascending_shared_b1_h16384,ok,,ascending,shared,1,16384,2048,5,30,0.034015998244285583,0.03356799855828285,0.035840000957250595,0.03421226677795251,0.0007557572968483516,8.384662709344813,2048,285212672,2048,1343488,0.025625,1490944,0.0284375,52428800,268435456,0.6415119860321283,0.7589329907204956,1.0292510269209743,0.08062701090238988,325932032,41.0,170.0,1980.0,2619.0,41.0,170.0,1980.0,2619.0,20260810,2026-08-10T11:13:43.334142+00:00
ascending_independent_b1_h16384,ok,,ascending,independent,1,16384,2048,5,30,0.03392000123858452,0.0331839993596077,0.03747199848294258,0.03419519948462645,0.001109946258722159,8.40839214579881,2048,285212672,2048,1343488,0.025625,1490944,0.0284375,52428800,268435456,0.6415119860321283,0.7589329907204956,1.0292510269209743,0.08062701090238988,325932032,41.0,170.0,1980.0,2619.0,41.0,170.0,1980.0,2619.0,20260810,2026-08-10T11:13:43.335535+00:00
ascending_shared_b8_h16384,ok,,ascending,shared,8,16384,2048,5,30,0.03670400008559227,0.036288000643253326,0.03961599990725517,0.037128532926241554,0.0011922433724382427,62.164924004990276,16384,2281701376,2048,1343488,0.025625,2523136,0.048125,52428800,268435456,0.6581030029337853,2.7638020110316575,2.4445340095553547,0.0898629950825125,729161728,41.0,170.0,1980.0,2619.0,41.0,169.97,1980.0,2619.0,20260810,2026-08-10T11:13:43.411456+00:00
ascending_independent_b8_h16384,ok,,ascending,independent,8,16384,2048,5,30,0.03798399865627289,0.03750399872660637,0.04016000032424927,0.03845653360088666,0.001962302000912565,60.07006783692552,16384,2281701376,16384,10747904,0.205,11927552,0.2275,52428800,268435456,0.6581030029337853,2.7638020110316575,2.4445340095553547,0.0898629950825125,729161728,41.0,170.0,1980.0,2619.0,41.0,169.97,1980.0,2619.0,20260810,2026-08-10T11:13:43.412799+00:00
ascending_shared_b32_h16384,ok,,ascending,shared,32,16384,2048,5,30,0.05859199911355972,0.05728000029921532,0.06038400158286095,0.0587263997644186,0.0011834347339110874,155.76880191971156,65536,9126805504,2048,1343488,0.025625,6062080,0.115625,52428800,268435456,0.8624460024293512,9.257967991288751,6.856980995507911,0.12909900397062302,2109243392,41.0,169.97,1980.0,2619.0,41.0,171.63,1980.0,2619.0,20260810,2026-08-10T11:13:43.539788+00:00
ascending_independent_b32_h16384,ok,,ascending,independent,32,16384,2048,5,30,0.06172800064086914,0.060896001756191254,0.0658240020275116,0.06231466680765152,0.0026120880245598496,147.8551939029965,65536,9126805504,65536,42991616,0.82,47710208,0.91,52428800,268435456,0.8624460024293512,9.257967991288751,6.856980995507911,0.12909900397062302,2109243392,41.0,169.97,1980.0,2619.0,41.0,171.63,1980.0,2619.0,20260810,2026-08-10T11:13:43.541201+00:00
ascending_shared_b64_h16384,ok,,ascending,shared,64,16384,2048,5,30,0.0814720019698143,0.0799039974808693,0.08323200047016144,0.08161599958936373,0.0013006278872102213,224.04765522716673,131072,18253611008,2048,1343488,0.025625,10780672,0.205625,52428800,268435456,1.3105600082781166,18.992589990375564,13.057411997579038,0.15467300545424223,3948216320,41.0,168.73,1980.0,2619.0,42.0,176.9,1980.0,2619.0,20260810,2026-08-10T11:13:43.686278+00:00
ascending_independent_b64_h16384,ok,,ascending,independent,64,16384,2048,5,30,0.08835200220346451,0.08771199733018875,0.09158399701118469,0.08895999987920125,0.0016696108852959682,206.60098869026228,131072,18253611008,131072,85983232,1.64,95420416,1.82,52428800,268435456,1.3105600082781166,18.992589990375564,13.057411997579038,0.15467300545424223,3948216320,41.0,168.73,1980.0,2619.0,42.0,176.9,1980.0,2619.0,20260810,2026-08-10T11:13:43.687967+00:00
ascending_shared_b16_h16384,ok,,ascending,shared,16,16384,2048,5,30,0.04428799822926521,0.043616000562906265,0.045471999794244766,0.04443519984682401,0.0008428259520757225,103.03926423535066,32768,4563402752,2048,1343488,0.025625,3702784,0.070625,52428800,268435456,1.220275997184217,5.006503983167931,3.667492972454056,0.10126401321031153,1188380672,42.0,176.9,1980.0,2619.0,42.0,176.9,1980.0,2619.0,20260810,2026-08-10T11:13:43.749370+00:00
ascending_independent_b16_h16384,ok,,ascending,independent,16,16384,2048,5,30,0.0461760014295578,0.04553600028157234,0.04755200073122978,0.04623466655611992,0.0005523488310641119,98.82628661473733,32768,4563402752,32768,21495808,0.41,23855104,0.455,52428800,268435456,1.220275997184217,5.006503983167931,3.667492972454056,0.10126401321031153,1188380672,42.0,176.9,1980.0,2619.0,42.0,176.9,1980.0,2619.0,20260810,2026-08-10T11:13:43.751081+00:00
ascending_shared_b16_h32768,ok,,ascending,shared,16,32768,2048,5,30,0.04412800073623657,0.043487999588251114,0.04787199944257736,0.044485333189368245,0.0015063830986526256,103.41285976848418,32768,4563402752,2048,1343488,0.025625,3702784,0.070625,52428800,268435456,2.8667580045294017,4.728892003186047,9.549445006996393,0.09923402103595436,2107408384,42.0,176.9,1980.0,2619.0,41.0,181.76,1980.0,2619.0,20260810,2026-08-10T11:13:43.838482+00:00
ascending_independent_b16_h32768,ok,,ascending,independent,16,32768,2048,5,30,0.046271998435258865,0.04560000076889992,0.04806400090456009,0.04639360023041566,0.0006842015697196484,98.62125921327673,32768,4563402752,32768,21495808,0.41,23855104,0.455,52428800,268435456,2.8667580045294017,4.728892003186047,9.549445006996393,0.09923402103595436,2107408384,42.0,176.9,1980.0,2619.0,41.0,181.76,1980.0,2619.0,20260810,2026-08-10T11:13:43.839748+00:00
ascending_shared_b32_h32768,ok,,ascending,shared,32,32768,2048,5,30,0.05827200040221214,0.057151999324560165,0.05951999872922897,0.05836586666603883,0.001065522992907825,156.62420100569474,65536,9126805504,2048,1343488,0.025625,6062080,0.115625,52428800,268435456,1.198459998704493,8.970020979177207,13.025379012105986,0.12187601532787085,3944546304,41.0,183.7,1980.0,2619.0,41.0,183.7,1980.0,2619.0,20260810,2026-08-10T11:13:43.960998+00:00
ascending_independent_b32_h32768,ok,,ascending,independent,32,32768,2048,5,30,0.06169600039720535,0.06092799827456474,0.06307200342416763,0.06187626657386621,0.0006365499171151083,147.93188286502632,65536,9126805504,65536,42991616,0.82,47710208,0.91,52428800,268435456,1.198459998704493,8.970020979177207,13.025379012105986,0.12187601532787085,3944546304,41.0,183.7,1980.0,2619.0,41.0,183.7,1980.0,2619.0,20260810,2026-08-10T11:13:43.962478+00:00
ascending_shared_b1_h32768,ok,,ascending,shared,1,32768,2048,5,30,0.03433600068092346,0.033952001482248306,0.038176000118255615,0.03472213347752889,0.0012943970949467914,8.306519872550552,2048,285212672,2048,1343488,0.025625,1490944,0.0284375,52428800,268435456,1.1664579797070473,0.7531869923695922,1.1696010187733918,0.08313401485793293,383313920,42.0,189.11,1980.0,2619.0,42.0,189.11,1980.0,2619.0,20260810,2026-08-10T11:13:44.051690+00:00
ascending_independent_b1_h32768,ok,,ascending,independent,1,32768,2048,5,30,0.03420799970626831,0.03359999880194664,0.03622400015592575,0.034605866918961205,0.00169113637151557,8.337601568317874,2048,285212672,2048,1343488,0.025625,1490944,0.0284375,52428800,268435456,1.1664579797070473,0.7531869923695922,1.1696010187733918,0.08313401485793293,383313920,42.0,189.11,1980.0,2619.0,42.0,189.11,1980.0,2619.0,20260810,2026-08-10T11:13:44.053022+00:00
ascending_shared_b64_h32768,ok,,ascending,shared,64,32768,2048,5,30,0.08179199695587158,0.08060800284147263,0.0846719965338707,0.08202453330159187,0.001161322972220863,223.17111315729568,131072,18253611008,2048,1343488,0.025625,10780672,0.205625,52428800,268435456,10.079062019940466,17.6151669875253,25.690295005915686,0.153345987200737,4636147712,42.0,189.11,1980.0,2619.0,41.0,186.79,1980.0,2619.0,20260810,2026-08-10T11:13:44.160076+00:00
ascending_independent_b64_h32768,ok,,ascending,independent,64,32768,2048,5,30,0.088639996945858,0.08780799806118011,0.08931200206279755,0.08863679990172386,0.0004095793006155167,205.9297341712393,131072,18253611008,131072,85983232,1.64,95420416,1.82,52428800,268435456,10.079062019940466,17.6151669875253,25.690295005915686,0.153345987200737,4636147712,42.0,189.11,1980.0,2619.0,41.0,186.79,1980.0,2619.0,20260810,2026-08-10T11:13:44.161639+00:00
ascending_shared_b8_h32768,ok,,ascending,shared,8,32768,2048,5,30,0.03699199855327606,0.036159999668598175,0.03791999816894531,0.03711039995153745,0.0008507890331659491,61.68094358875696,16384,2281701376,2048,1343488,0.025625,2523136,0.048125,52428800,268435456,1.2662910157814622,2.6837979967240244,3.7373520026449114,0.09398697875440121,1187463168,43.0,194.75,1980.0,2619.0,43.0,194.75,1980.0,2619.0,20260810,2026-08-10T11:13:44.272666+00:00
ascending_independent_b8_h32768,ok,,ascending,independent,8,32768,2048,5,30,0.0382080003619194,0.037408001720905304,0.03907199949026108,0.03824640015761058,0.0005058563819547659,59.71789558173511,16384,2281701376,16384,10747904,0.205,11927552,0.2275,52428800,268435456,1.2662910157814622,2.6837979967240244,3.7373520026449114,0.09398697875440121,1187463168,43.0,194.75,1980.0,2619.0,43.0,194.75,1980.0,2619.0,20260810,2026-08-10T11:13:44.273999+00:00
ascending_shared_b32_h65536,ok,,ascending,shared,32,65536,2048,5,30,0.05843200162053108,0.057472001761198044,0.06220800057053566,0.058778667077422145,0.0014490051149377077,156.1953253505035,65536,9126805504,2048,1343488,0.025625,6062080,0.115625,52428800,268435456,1.0418029851280153,9.584671002812684,26.31194400601089,0.12320000678300858,4632477696,42.0,196.06,1980.0,2619.0,44.0,204.42,1980.0,2619.0,20260810,2026-08-10T11:13:44.434056+00:00
ascending_independent_b32_h65536,ok,,ascending,independent,32,65536,2048,5,30,0.06176000088453293,0.0607680007815361,0.06339199841022491,0.06179306668539842,0.0007201770165167034,147.77858441199766,65536,9126805504,65536,42991616,0.82,47710208,0.91,52428800,268435456,1.0418029851280153,9.584671002812684,26.31194400601089,0.12320000678300858,4632477696,42.0,196.06,1980.0,2619.0,44.0,204.42,1980.0,2619.0,20260810,2026-08-10T11:13:44.435540+00:00
ascending_shared_b64_h65536,ok,,ascending,shared,64,65536,2048,5,30,0.08211199939250946,0.08115199953317642,0.08352000266313553,0.08218026707569757,0.0007509999665325113,222.3013827826138,131072,18253611008,2048,1343488,0.025625,10780672,0.205625,52428800,268435456,25.23969701724127,35.359673987841234,52.77367099188268,0.18774199998006225,6012010496,42.0,204.76,1980.0,2619.0,44.0,202.12,1980.0,2619.0,20260810,2026-08-10T11:13:44.720849+00:00
ascending_independent_b64_h65536,ok,,ascending,independent,64,65536,2048,5,30,0.088639996945858,0.08793599903583527,0.08972799777984619,0.08886933301885923,0.0009079992334845415,205.9297341712393,131072,18253611008,131072,85983232,1.64,95420416,1.82,52428800,268435456,25.23969701724127,35.359673987841234,52.77367099188268,0.18774199998006225,6012010496,42.0,204.76,1980.0,2619.0,44.0,202.12,1980.0,2619.0,20260810,2026-08-10T11:13:44.722655+00:00
ascending_shared_b16_h65536,ok,,ascending,shared,16,65536,2048,5,30,0.04451199993491173,0.04396799951791763,0.045823998749256134,0.04465066653986772,0.0007506637668307102,102.52073055968945,32768,4563402752,2048,1343488,0.025625,3702784,0.070625,52428800,268435456,1.6097620246000588,4.7658070106990635,21.942855993984267,0.10387299698777497,3942711296,44.0,202.12,1980.0,2619.0,42.0,210.67,1980.0,2619.0,20260810,2026-08-10T11:13:44.868199+00:00
ascending_independent_b16_h65536,ok,,ascending,independent,16,65536,2048,5,30,0.04623999819159508,0.045951999723911285,0.04710400104522705,0.04627733329931895,0.0004176446908017894,98.68950974201114,32768,4563402752,32768,21495808,0.41,23855104,0.455,52428800,268435456,1.6097620246000588,4.7658070106990635,21.942855993984267,0.10387299698777497,3942711296,44.0,202.12,1980.0,2619.0,42.0,210.67,1980.0,2619.0,20260810,2026-08-10T11:13:44.869897+00:00
ascending_shared_b1_h65536,ok,,ascending,shared,1,65536,2048,5,30,0.034015998244285583,0.033695999532938004,0.03440000116825104,0.03415680006146431,0.0007673597122247695,8.384662709344813,2048,285212672,2048,1343488,0.025625,1490944,0.0284375,52428800,268435456,1.1910810135304928,0.7485569803975523,1.568906009197235,0.08495297515764832,499503104,42.0,210.44,1980.0,2619.0,42.0,210.44,1980.0,2619.0,20260810,2026-08-10T11:13:44.959416+00:00
ascending_independent_b1_h65536,ok,,ascending,independent,1,65536,2048,5,30,0.034015998244285583,0.03347200155258179,0.034591998904943466,0.03400746658444405,0.0003480928020288696,8.384662709344813,2048,285212672,2048,1343488,0.025625,1490944,0.0284375,52428800,268435456,1.1910810135304928,0.7485569803975523,1.568906009197235,0.08495297515764832,499503104,42.0,210.44,1980.0,2619.0,42.0,210.44,1980.0,2619.0,20260810,2026-08-10T11:13:44.961172+00:00
ascending_shared_b8_h65536,ok,,ascending,shared,8,65536,2048,5,30,0.03673600032925606,0.03622400015592575,0.037728000432252884,0.03690880015492439,0.0008978493849396397,62.11077296247962,16384,2281701376,2048,1343488,0.025625,2523136,0.048125,52428800,268435456,0.8228060032706708,2.697578980587423,6.857879983726889,0.0970310065895319,2106490880,42.0,206.4,1980.0,2619.0,42.0,206.4,1980.0,2619.0,20260810,2026-08-10T11:13:45.061145+00:00
ascending_independent_b8_h65536,ok,,ascending,independent,8,65536,2048,5,30,0.03791999816894531,0.03731200098991394,0.038975998759269714,0.03805866688489914,0.00048130199777267964,60.17145269454695,16384,2281701376,16384,10747904,0.205,11927552,0.2275,52428800,268435456,0.8228060032706708,2.697578980587423,6.857879983726889,0.0970310065895319,2106490880,42.0,206.4,1980.0,2619.0,42.0,206.4,1980.0,2619.0,20260810,2026-08-10T11:13:45.062565+00:00
ascending_shared_b32_h131072,ok,,ascending,shared,32,131072,2048,5,30,0.05849599838256836,0.05750399827957153,0.06038400158286095,0.05879679992794991,0.0011294562689350704,156.02444195088327,65536,9126805504,2048,1343488,0.025625,6062080,0.115625,52428800,268435456,2.5809820217546076,9.270965994801372,50.978690007468686,0.1301520096603781,6008340480,42.0,208.36,1980.0,2619.0,43.0,198.66,1980.0,2619.0,20260810,2026-08-10T11:13:45.237823+00:00
ascending_independent_b32_h131072,ok,,ascending,independent,32,131072,2048,5,30,0.06217600032687187,0.06108799949288368,0.06374400109052658,0.06223359977205594,0.0008302503356661212,146.78984585722029,65536,9126805504,65536,42991616,0.82,47710208,0.91,52428800,268435456,2.5809820217546076,9.270965994801372,50.978690007468686,0.1301520096603781,6008340480,42.0,208.36,1980.0,2619.0,43.0,198.66,1980.0,2619.0,20260810,2026-08-10T11:13:45.239565+00:00
ascending_shared_b16_h131072,ok,,ascending,shared,16,131072,2048,5,30,0.044576000422239304,0.04412800073623657,0.04588799923658371,0.04476159984866778,0.0008015516461636311,102.37353528297447,32768,4563402752,2048,1343488,0.025625,3702784,0.070625,52428800,268435456,1.7363119986839592,4.81726200086996,25.70241200737655,0.10577298235148191,4630642688,43.0,198.66,1980.0,2619.0,43.0,212.26,1980.0,2619.0,20260810,2026-08-10T11:13:45.324248+00:00
ascending_independent_b16_h131072,ok,,ascending,independent,16,131072,2048,5,30,0.04601600021123886,0.045504000037908554,0.04681599885225296,0.04609919972717762,0.00038414217698488136,99.1699133138791,32768,4563402752,32768,21495808,0.41,23855104,0.455,52428800,268435456,1.7363119986839592,4.81726200086996,25.70241200737655,0.10577298235148191,4630642688,43.0,198.66,1980.0,2619.0,43.0,212.26,1980.0,2619.0,20260810,2026-08-10T11:13:45.325657+00:00
ascending_shared_b1_h131072,ok,,ascending,shared,1,131072,2048,5,30,0.03420799970626831,0.03392000123858452,0.03532800078392029,0.03435840035478274,0.00043947304777210193,8.337601568317874,2048,285212672,2048,1343488,0.025625,1490944,0.0284375,52428800,268435456,1.12892800825648,0.7187279989011586,2.310251002199948,0.08343101944774389,728358912,43.0,212.26,1980.0,2619.0,43.0,217.31,1980.0,2619.0,20260810,2026-08-10T11:13:45.390125+00:00
ascending_independent_b1_h131072,ok,,ascending,independent,1,131072,2048,5,30,0.034143999218940735,0.03372799977660179,0.034623999148607254,0.03429866631825765,0.0007412259012419529,8.353229806828947,2048,285212672,2048,1343488,0.025625,1490944,0.0284375,52428800,268435456,1.12892800825648,0.7187279989011586,2.310251002199948,0.08343101944774389,728358912,43.0,212.26,1980.0,2619.0,43.0,217.31,1980.0,2619.0,20260810,2026-08-10T11:13:45.391539+00:00
ascending_shared_b64_h131072,ok,,ascending,shared,64,131072,2048,5,30,0.08191999793052673,0.08064000308513641,0.08470399677753448,0.0821973333756129,0.00116696445699912,222.82240562896743,131072,18253611008,2048,1343488,0.025625,10780672,0.205625,52428800,268435456,1.5132990083657205,17.50448698294349,101.64102099952288,0.18906898912973702,8763736064,43.0,217.31,1980.0,2619.0,45.0,256.13,1980.0,2619.0,20260810,2026-08-10T11:13:45.664387+00:00
ascending_independent_b64_h131072,ok,,ascending,independent,64,131072,2048,5,30,0.08870399743318558,0.0878399983048439,0.09036800265312195,0.08879466727375984,0.0007277958655313931,205.78115458380722,131072,18253611008,131072,85983232,1.64,95420416,1.82,52428800,268435456,1.5132990083657205,17.50448698294349,101.64102099952288,0.18906898912973702,8763736064,43.0,217.31,1980.0,2619.0,45.0,256.13,1980.0,2619.0,20260810,2026-08-10T11:13:45.669242+00:00
ascending_shared_b8_h131072,ok,,ascending,shared,8,131072,2048,5,30,0.03670400008559227,0.036320000886917114,0.04121600091457367,0.0371157335738341,0.0013241642647112079,62.164924004990276,16384,2281701376,2048,1343488,0.025625,2523136,0.048125,52428800,268435456,1.9304900197312236,2.866730996174738,20.606778998626396,0.0976259761955589,3941793792,43.0,245.54,1980.0,2619.0,42.0,232.37,1980.0,2619.0,20260810,2026-08-10T11:13:45.857560+00:00
ascending_independent_b8_h131072,ok,,ascending,independent,8,131072,2048,5,30,0.03763199970126152,0.03702399879693985,0.03824000060558319,0.037663999820748965,0.00034741251131679735,60.63194605955292,16384,2281701376,16384,10747904,0.205,11927552,0.2275,52428800,268435456,1.9304900197312236,2.866730996174738,20.606778998626396,0.0976259761955589,3941793792,43.0,245.54,1980.0,2619.0,42.0,232.37,1980.0,2619.0,20260810,2026-08-10T11:13:45.859188+00:00
ascending_shared_b16_h262144,ok,,ascending,shared,16,262144,2048,5,30,0.04460800066590309,0.04412800073623657,0.045791998505592346,0.04473066665232182,0.000764975340149085,102.30009603385155,32768,4563402752,2048,1343488,0.025625,3702784,0.070625,52428800,268435456,1.5566429938189685,4.536246997304261,51.22801102697849,0.11096600792370737,6006505472,42.0,232.37,1980.0,2619.0,43.0,234.97,1980.0,2619.0,20260810,2026-08-10T11:13:45.980889+00:00
ascending_independent_b16_h262144,ok,,ascending,independent,16,262144,2048,5,30,0.04662400111556053,0.04585599899291992,0.047520000487565994,0.046669866889715195,0.0005059431239026056,97.87668674529493,32768,4563402752,32768,21495808,0.41,23855104,0.455,52428800,268435456,1.5566429938189685,4.536246997304261,51.22801102697849,0.11096600792370737,6006505472,42.0,232.37,1980.0,2619.0,43.0,234.97,1980.0,2619.0,20260810,2026-08-10T11:13:45.982383+00:00
ascending_shared_b64_h262144,ok,,ascending,shared,64,262144,2048,5,30,0.08220800012350082,0.08137600123882294,0.08348800241947174,0.08230826730529467,0.0007908913090560812,222.04178401831518,131072,18253611008,2048,1343488,0.025625,10780672,0.205625,52428800,268435456,2.45419901330024,17.497430002549663,202.99650300876237,0.5686820077244192,14267187200,46.0,252.7,1980.0,2619.0,47.0,308.2,1980.0,2619.0,20260810,2026-08-10T11:13:46.301640+00:00
ascending_independent_b64_h262144,ok,,ascending,independent,64,262144,2048,5,30,0.0888959988951683,0.08793599903583527,0.09004800021648407,0.08898666674892107,0.0009170512069092654,205.33669945624655,131072,18253611008,131072,85983232,1.64,95420416,1.82,52428800,268435456,2.45419901330024,17.497430002549663,202.99650300876237,0.5686820077244192,14267187200,46.0,252.7,1980.0,2619.0,47.0,308.2,1980.0,2619.0,20260810,2026-08-10T11:13:46.303665+00:00
ascending_shared_b1_h262144,ok,,ascending,shared,1,262144,2048,5,30,0.03404799848794937,0.033535998314619064,0.03747199848294258,0.03453546675542991,0.0014650895773633313,8.376782326894942,2048,285212672,2048,1343488,0.025625,1490944,0.0284375,52428800,268435456,2.7683619991876185,0.8459500095341355,10.573122999630868,0.08507000165991485,1186660352,47.0,308.2,1980.0,2619.0,45.0,298.13,1980.0,2619.0,20260810,2026-08-10T11:13:46.401168+00:00
ascending_independent_b1_h262144,ok,,ascending,independent,1,262144,2048,5,30,0.0342399999499321,0.033695999532938004,0.036031998693943024,0.034501333410541214,0.0010301510402058788,8.329809357974769,2048,285212672,2048,1343488,0.025625,1490944,0.0284375,52428800,268435456,2.7683619991876185,0.8459500095341355,10.573122999630868,0.08507000165991485,1186660352,47.0,308.2,1980.0,2619.0,45.0,298.13,1980.0,2619.0,20260810,2026-08-10T11:13:46.403100+00:00
ascending_shared_b32_h262144,ok,,ascending,shared,32,262144,2048,5,30,0.05849599838256836,0.05753599852323532,0.059328000992536545,0.05854400011400382,0.0005821745266257433,156.02444195088327,65536,9126805504,2048,1343488,0.025625,6062080,0.115625,52428800,268435456,1.529995002783835,8.931435993872583,101.65969099034555,0.15518401050940156,8760066048,45.0,298.13,1980.0,2619.0,47.0,295.57,1980.0,2619.0,20260810,2026-08-10T11:13:46.612295+00:00
ascending_independent_b32_h262144,ok,,ascending,independent,32,262144,2048,5,30,0.06220800057053566,0.060864001512527466,0.06515199691057205,0.06228373336295287,0.0011460430954898283,146.71433610298098,65536,9126805504,65536,42991616,0.82,47710208,0.91,52428800,268435456,1.529995002783835,8.931435993872583,101.65969099034555,0.15518401050940156,8760066048,45.0,298.13,1980.0,2619.0,47.0,295.57,1980.0,2619.0,20260810,2026-08-10T11:13:46.613892+00:00
ascending_shared_b8_h262144,ok,,ascending,shared,8,262144,2048,5,30,0.03686400130391121,0.0363520011305809,0.037567999213933945,0.0371253335227569,0.0012916026336864455,61.895108921828175,16384,2281701376,2048,1343488,0.025625,2523136,0.048125,52428800,268435456,11.094729008618742,2.5707650056574494,25.69998800754547,0.09800898260436952,4629725184,47.0,295.57,1980.0,2619.0,44.0,298.74,1980.0,2619.0,20260810,2026-08-10T11:13:46.751542+00:00
ascending_independent_b8_h262144,ok,,ascending,independent,8,262144,2048,5,30,0.03788800165057182,0.03728000074625015,0.03923200070858002,0.03802560021479925,0.00050550223121911,60.22226764671722,16384,2281701376,16384,10747904,0.205,11927552,0.2275,52428800,268435456,11.094729008618742,2.5707650056574494,25.69998800754547,0.09800898260436952,4629725184,47.0,295.57,1980.0,2619.0,44.0,298.74,1980.0,2619.0,20260810,2026-08-10T11:13:46.753148+00:00
ascending_shared_b1_h524288,ok,,ascending,shared,1,524288,2048,5,30,0.033952001482248306,0.03363199904561043,0.035071998834609985,0.03412053349117438,0.0004137732590531557,8.400467116765487,2048,285212672,2048,1343488,0.025625,1490944,0.0284375,52428800,268435456,1.1859990190714598,0.7424179930239916,6.814121996285394,0.08454802446067333,2105688064,44.0,298.74,1980.0,2619.0,44.0,313.48,1980.0,2619.0,20260810,2026-08-10T11:13:46.832737+00:00
ascending_independent_b1_h524288,ok,,ascending,independent,1,524288,2048,5,30,0.03392000123858452,0.03363199904561043,0.03551999852061272,0.03410879982014497,0.000732063435923864,8.40839214579881,2048,285212672,2048,1343488,0.025625,1490944,0.0284375,52428800,268435456,1.1859990190714598,0.7424179930239916,6.814121996285394,0.08454802446067333,2105688064,44.0,298.74,1980.0,2619.0,44.0,313.48,1980.0,2619.0,20260810,2026-08-10T11:13:46.833999+00:00
ascending_shared_b8_h524288,ok,,ascending,shared,8,524288,2048,5,30,0.03702399879693985,0.03641600161790848,0.03807999938726425,0.03732693356772264,0.001389520469428835,61.62763208031948,16384,2281701376,2048,1343488,0.025625,2523136,0.048125,52428800,268435456,1.3420599862001836,2.8470569814089686,51.00921701523475,0.09811401832848787,6005587968,44.0,313.48,1980.0,2619.0,44.0,317.3,1980.0,2619.0,20260810,2026-08-10T11:13:46.959845+00:00
ascending_independent_b8_h524288,ok,,ascending,independent,8,524288,2048,5,30,0.0382080003619194,0.03753599897027016,0.0390079990029335,0.03842026653389136,0.0008185785119388918,59.71789558173511,16384,2281701376,16384,10747904,0.205,11927552,0.2275,52428800,268435456,1.3420599862001836,2.8470569814089686,51.00921701523475,0.09811401832848787,6005587968,44.0,313.48,1980.0,2619.0,44.0,317.3,1980.0,2619.0,20260810,2026-08-10T11:13:46.961243+00:00
ascending_shared_b64_h524288,ok,,ascending,shared,64,524288,2048,5,30,0.14182400703430176,0.11785600334405899,0.21904000639915466,0.15235946774482728,0.02973820742114599,128.7060730387145,131072,18253611008,2048,1343488,0.025625,10780672,0.205625,52428800,268435456,11.912803020095453,17.76714899460785,405.48956498969346,0.9886710031423718,25274089472,44.0,317.3,1980.0,2619.0,48.0,362.99,1980.0,2619.0,20260810,2026-08-10T11:13:47.549681+00:00
ascending_independent_b64_h524288,ok,,ascending,independent,64,524288,2048,5,30,0.14032000303268433,0.12086399644613266,0.1879040002822876,0.14681600034236908,0.019601662474265348,130.08559445190605,131072,18253611008,131072,85983232,1.64,95420416,1.82,52428800,268435456,11.912803020095453,17.76714899460785,405.48956498969346,0.9886710031423718,25274089472,44.0,317.3,1980.0,2619.0,48.0,362.99,1980.0,2619.0,20260810,2026-08-10T11:13:47.552197+00:00
ascending_shared_b16_h524288,ok,,ascending,shared,16,524288,2048,5,30,0.044319998472929,0.04339199885725975,0.04505600035190582,0.04427306627233823,0.0004818263229329962,102.96486708561964,32768,4563402752,2048,1343488,0.025625,3702784,0.070625,52428800,268435456,7.181358989328146,7.182081986684352,101.75850801169872,0.11170899961143732,8758231040,45.0,335.7,1980.0,2619.0,49.0,362.94,1980.0,2619.0,20260810,2026-08-10T11:13:47.828915+00:00
ascending_independent_b16_h524288,ok,,ascending,independent,16,524288,2048,5,30,0.04623999819159508,0.04575999826192856,0.04681599885225296,0.04635199978947639,0.0007524086681565191,98.68950974201114,32768,4563402752,32768,21495808,0.41,23855104,0.455,52428800,268435456,7.181358989328146,7.182081986684352,101.75850801169872,0.11170899961143732,8758231040,45.0,335.7,1980.0,2619.0,49.0,362.94,1980.0,2619.0,20260810,2026-08-10T11:13:47.830506+00:00
ascending_shared_b32_h524288,ok,,ascending,shared,32,524288,2048,5,30,0.058559998869895935,0.05740800127387047,0.06220800057053566,0.05888533343871435,0.001659256420567745,155.85392213338716,65536,9126805504,2048,1343488,0.025625,6062080,0.115625,52428800,268435456,2.8523819928523153,9.066191996680573,212.13911499944516,0.14041300164535642,14263517184,49.0,362.94,1980.0,2619.0,50.0,389.2,1980.0,2619.0,20260810,2026-08-10T11:13:48.149420+00:00
ascending_independent_b32_h524288,ok,,ascending,independent,32,524288,2048,5,30,0.06217600032687187,0.06083200126886368,0.0655680000782013,0.062307200456659,0.0011786936309016239,146.78984585722029,65536,9126805504,65536,42991616,0.82,47710208,0.91,52428800,268435456,2.8523819928523153,9.066191996680573,212.13911499944516,0.14041300164535642,14263517184,49.0,362.94,1980.0,2619.0,50.0,389.2,1980.0,2619.0,20260810,2026-08-10T11:13:48.150970+00:00
descending_shared_b64_h524288,ok,,descending,shared,64,524288,2048,5,30,0.12803199887275696,0.10777600109577179,0.16604800522327423,0.1300266665716966,0.017954211767937905,142.57069458191563,131072,18253611008,2048,1343488,0.025625,10780672,0.205625,52428800,268435456,4.552028985926881,17.868543014628813,405.48356299404986,0.6939329905435443,25274089472,46.0,362.06,1980.0,2619.0,51.0,407.67,1980.0,2619.0,20260810,2026-08-10T11:13:48.717995+00:00
descending_independent_b64_h524288,ok,,descending,independent,64,524288,2048,5,30,0.12825599312782288,0.10255999863147736,0.16889600455760956,0.13235093330343564,0.021957508522896206,142.321700240612,131072,18253611008,131072,85983232,1.64,95420416,1.82,52428800,268435456,4.552028985926881,17.868543014628813,405.48356299404986,0.6939329905435443,25274089472,46.0,362.06,1980.0,2619.0,51.0,407.67,1980.0,2619.0,20260810,2026-08-10T11:13:48.719484+00:00
descending_shared_b32_h524288,ok,,descending,shared,32,524288,2048,5,30,0.05843200162053108,0.057440001517534256,0.06006399914622307,0.058556799714763956,0.0008319734670653295,156.1953253505035,65536,9126805504,2048,1343488,0.025625,6062080,0.115625,52428800,268435456,3.6040830018464476,9.414636006113142,205.53502198890783,0.31165999826043844,14263517184,51.0,407.67,1980.0,2619.0,52.0,428.03,1980.0,2619.0,20260810,2026-08-10T11:13:49.021658+00:00
descending_independent_b32_h524288,ok,,descending,independent,32,524288,2048,5,30,0.06172800064086914,0.06054399907588959,0.06351999938488007,0.061873066673676175,0.001190289544602773,147.8551939029965,65536,9126805504,65536,42991616,0.82,47710208,0.91,52428800,268435456,3.6040830018464476,9.414636006113142,205.53502198890783,0.31165999826043844,14263517184,51.0,407.67,1980.0,2619.0,52.0,428.03,1980.0,2619.0,20260810,2026-08-10T11:13:49.023507+00:00
descending_shared_b16_h524288,ok,,descending,shared,16,524288,2048,5,30,0.04438399896025658,0.044064000248909,0.04483199864625931,0.04442666669686635,0.0003536763726200596,102.816394621996,32768,4563402752,2048,1343488,0.025625,3702784,0.070625,52428800,268435456,4.985230014426634,5.003216996556148,103.17418599152006,0.11071798508055508,8758231040,52.0,428.03,1980.0,2619.0,51.0,416.13,1980.0,2619.0,20260810,2026-08-10T11:13:49.217649+00:00
descending_independent_b16_h524288,ok,,descending,independent,16,524288,2048,5,30,0.04614400118589401,0.04569600149989128,0.04992000013589859,0.04637333353360494,0.0011414656476608507,98.89482131417353,32768,4563402752,32768,21495808,0.41,23855104,0.455,52428800,268435456,4.985230014426634,5.003216996556148,103.17418599152006,0.11071798508055508,8758231040,52.0,428.03,1980.0,2619.0,51.0,416.13,1980.0,2619.0,20260810,2026-08-10T11:13:49.219093+00:00
descending_shared_b1_h524288,ok,,descending,shared,1,524288,2048,5,30,0.03411199897527695,0.03372799977660179,0.03782400116324425,0.03438613327840964,0.0009954586717208411,8.361065917207346,2048,285212672,2048,1343488,0.025625,1490944,0.0284375,52428800,268435456,1.7805029929149896,0.7906790124252439,6.817084999056533,0.08609300130046904,2105688064,51.0,416.13,1980.0,2619.0,47.0,411.12,1980.0,2619.0,20260810,2026-08-10T11:13:49.336570+00:00
descending_independent_b1_h524288,ok,,descending,independent,1,524288,2048,5,30,0.03404799848794937,0.033663999289274216,0.03497600182890892,0.03415146681169669,0.000438347933024916,8.376782326894942,2048,285212672,2048,1343488,0.025625,1490944,0.0284375,52428800,268435456,1.7805029929149896,0.7906790124252439,6.817084999056533,0.08609300130046904,2105688064,51.0,416.13,1980.0,2619.0,47.0,411.12,1980.0,2619.0,20260810,2026-08-10T11:13:49.338209+00:00
descending_shared_b8_h524288,ok,,descending,shared,8,524288,2048,5,30,0.036959998309612274,0.03638400137424469,0.04073600098490715,0.03727360007663568,0.0011690996954492026,61.73434741220192,16384,2281701376,2048,1343488,0.025625,2523136,0.048125,52428800,268435456,1.2876880064141005,2.754167013335973,50.9997229964938,0.09609901462681592,6005587968,47.0,411.12,1980.0,2619.0,46.0,387.12,1980.0,2619.0,20260810,2026-08-10T11:13:49.468403+00:00
descending_independent_b8_h524288,ok,,descending,independent,8,524288,2048,5,30,0.03824000060558319,0.03753599897027016,0.03891199827194214,0.03824000010887782,0.00040316638720861223,59.66792206762838,16384,2281701376,16384,10747904,0.205,11927552,0.2275,52428800,268435456,1.2876880064141005,2.754167013335973,50.9997229964938,0.09609901462681592,6005587968,47.0,411.12,1980.0,2619.0,46.0,387.12,1980.0,2619.0,20260810,2026-08-10T11:13:49.469766+00:00
descending_shared_b8_h262144,ok,,descending,shared,8,262144,2048,5,30,0.03711999952793121,0.03657599911093712,0.038176000118255615,0.03723733363052209,0.0008190722425241971,61.46824905757656,16384,2281701376,2048,1343488,0.025625,2523136,0.048125,52428800,268435456,1.6761200095061213,2.56210399675183,25.690009002573788,0.0929870002437383,4629725184,46.0,364.51,1980.0,2619.0,46.0,364.51,1980.0,2619.0,20260810,2026-08-10T11:13:49.602741+00:00
descending_independent_b8_h262144,ok,,descending,independent,8,262144,2048,5,30,0.03814399987459183,0.03750399872660637,0.0390079990029335,0.038218666488925614,0.0004155350746905915,59.81809415639886,16384,2281701376,16384,10747904,0.205,11927552,0.2275,52428800,268435456,1.6761200095061213,2.56210399675183,25.690009002573788,0.0929870002437383,4629725184,46.0,364.51,1980.0,2619.0,46.0,364.51,1980.0,2619.0,20260810,2026-08-10T11:13:49.604302+00:00
descending_shared_b32_h262144,ok,,descending,shared,32,262144,2048,5,30,0.05849599838256836,0.05772799998521805,0.059776000678539276,0.0586816002925237,0.001022845944980953,156.02444195088327,65536,9126805504,2048,1343488,0.025625,6062080,0.115625,52428800,268435456,1.8948880024254322,8.84537200909108,101.62031798972748,0.13296600081957877,8760066048,47.0,338.84,1980.0,2619.0,48.0,323.58,1980.0,2619.0,20260810,2026-08-10T11:13:49.802552+00:00
descending_independent_b32_h262144,ok,,descending,independent,32,262144,2048,5,30,0.06201599910855293,0.06083200126886368,0.0631679967045784,0.061910399918754896,0.0007113863371720164,147.16856351897871,65536,9126805504,65536,42991616,0.82,47710208,0.91,52428800,268435456,1.8948880024254322,8.84537200909108,101.62031798972748,0.13296600081957877,8760066048,47.0,338.84,1980.0,2619.0,48.0,323.58,1980.0,2619.0,20260810,2026-08-10T11:13:49.803944+00:00
descending_shared_b16_h262144,ok,,descending,shared,16,262144,2048,5,30,0.04447999969124794,0.044064000248909,0.0459199994802475,0.04476586679617564,0.0012127375935118356,102.59448704308136,32768,4563402752,2048,1343488,0.025625,3702784,0.070625,52428800,268435456,10.724823019700125,4.599979991326109,51.001459010876715,0.10720299906097353,6006505472,48.0,339.04,1980.0,2619.0,48.0,289.76,1980.0,2619.0,20260810,2026-08-10T11:13:50.012305+00:00
descending_independent_b16_h262144,ok,,descending,independent,16,262144,2048,5,30,0.046112000942230225,0.04566400125622749,0.04729599878191948,0.04634880026181539,0.0007910152256526528,98.96345113535837,32768,4563402752,32768,21495808,0.41,23855104,0.455,52428800,268435456,10.724823019700125,4.599979991326109,51.001459010876715,0.10720299906097353,6006505472,48.0,339.04,1980.0,2619.0,48.0,289.76,1980.0,2619.0,20260810,2026-08-10T11:13:50.013681+00:00
descending_shared_b1_h262144,ok,,descending,shared,1,262144,2048,5,30,0.034015998244285583,0.03347200155258179,0.034752000123262405,0.034167466685175896,0.0008132841454051862,8.384662709344813,2048,285212672,2048,1343488,0.025625,1490944,0.0284375,52428800,268435456,23.367605987004936,0.785273005021736,10.013311984948814,0.08868001168593764,1186660352,48.0,289.76,1980.0,2619.0,45.0,280.87,1980.0,2619.0,20260810,2026-08-10T11:13:50.145998+00:00
descending_independent_b1_h262144,ok,,descending,independent,1,262144,2048,5,30,0.03404799848794937,0.033535998314619064,0.03657599911093712,0.03420906650523345,0.000768154704407605,8.376782326894942,2048,285212672,2048,1343488,0.025625,1490944,0.0284375,52428800,268435456,23.367605987004936,0.785273005021736,10.013311984948814,0.08868001168593764,1186660352,48.0,289.76,1980.0,2619.0,45.0,280.87,1980.0,2619.0,20260810,2026-08-10T11:13:50.147832+00:00
descending_shared_b64_h262144,ok,,descending,shared,64,262144,2048,5,30,0.1327359974384308,0.08105599880218506,0.20975999534130096,0.1333162657916546,0.041700821493444305,137.51816658828275,131072,18253611008,2048,1343488,0.025625,10780672,0.205625,52428800,268435456,1.7697809962555766,22.16284500900656,203.6170239734929,0.5398989887908101,14267187200,45.0,280.87,1980.0,2619.0,47.0,297.82,1980.0,2619.0,20260810,2026-08-10T11:13:50.516544+00:00
descending_independent_b64_h262144,ok,,descending,independent,64,262144,2048,5,30,0.14585599303245544,0.08819200098514557,0.1929599940776825,0.1358175997932752,0.040532081351629334,125.14817271812933,131072,18253611008,131072,85983232,1.64,95420416,1.82,52428800,268435456,1.7697809962555766,22.16284500900656,203.6170239734929,0.5398989887908101,14267187200,45.0,280.87,1980.0,2619.0,47.0,297.82,1980.0,2619.0,20260810,2026-08-10T11:13:50.518794+00:00
descending_shared_b16_h131072,ok,,descending,shared,16,131072,2048,5,30,0.044256001710891724,0.04368000105023384,0.046911999583244324,0.04450133331120014,0.0009863868414230384,103.11376029427697,32768,4563402752,2048,1343488,0.025625,3702784,0.070625,52428800,268435456,3.344353986904025,5.299437005305663,25.726243009557948,0.10728699271567166,4630642688,47.0,297.82,1980.0,2619.0,45.0,288.01,1980.0,2619.0,20260810,2026-08-10T11:13:50.715141+00:00
descending_independent_b16_h131072,ok,,descending,independent,16,131072,2048,5,30,0.04608000069856644,0.045471999794244766,0.046879999339580536,0.046170666938026746,0.00043226354754773605,99.03217627646367,32768,4563402752,32768,21495808,0.41,23855104,0.455,52428800,268435456,3.344353986904025,5.299437005305663,25.726243009557948,0.10728699271567166,4630642688,47.0,297.82,1980.0,2619.0,45.0,288.01,1980.0,2619.0,20260810,2026-08-10T11:13:50.717105+00:00
descending_shared_b64_h131072,ok,,descending,shared,64,131072,2048,5,30,0.08230400085449219,0.08160000294446945,0.0835840031504631,0.08247466608881951,0.0008039295758203756,221.78279085449475,131072,18253611008,2048,1343488,0.025625,10780672,0.205625,52428800,268435456,2.035145997069776,17.60033701430075,105.00239298562519,0.16175699420273304,8763736064,45.0,288.01,1980.0,2619.0,48.0,288.08,1980.0,2619.0,20260810,2026-08-10T11:13:50.957733+00:00
descending_independent_b64_h131072,ok,,descending,independent,64,131072,2048,5,30,0.08870399743318558,0.08771199733018875,0.09020800143480301,0.08880533327658971,0.0006789777723547505,205.78115458380722,131072,18253611008,131072,85983232,1.64,95420416,1.82,52428800,268435456,2.035145997069776,17.60033701430075,105.00239298562519,0.16175699420273304,8763736064,45.0,288.01,1980.0,2619.0,48.0,288.08,1980.0,2619.0,20260810,2026-08-10T11:13:50.959361+00:00
descending_shared_b32_h131072,ok,,descending,shared,32,131072,2048,5,30,0.05833600088953972,0.057631999254226685,0.06035200133919716,0.05860800010462602,0.000935902218305338,156.4523684316615,65536,9126805504,2048,1343488,0.025625,6062080,0.115625,52428800,268435456,2.318965009180829,9.216427017236128,59.390987997176126,0.1272240187972784,6008340480,48.0,288.08,1980.0,2619.0,48.0,298.81,1980.0,2619.0,20260810,2026-08-10T11:13:51.115038+00:00
descending_independent_b32_h131072,ok,,descending,independent,32,131072,2048,5,30,0.061824001371860504,0.060447998344898224,0.06297600269317627,0.061941333735982575,0.0007948351845600152,147.62560334948023,65536,9126805504,65536,42991616,0.82,47710208,0.91,52428800,268435456,2.318965009180829,9.216427017236128,59.390987997176126,0.1272240187972784,6008340480,48.0,288.08,1980.0,2619.0,48.0,298.81,1980.0,2619.0,20260810,2026-08-10T11:13:51.116856+00:00
descending_shared_b1_h131072,ok,,descending,shared,1,131072,2048,5,30,0.0342399999499321,0.033663999289274216,0.03484800085425377,0.03415466658771038,0.000329183747348582,8.329809357974769,2048,285212672,2048,1343488,0.025625,1490944,0.0284375,52428800,268435456,1.3682360004168004,0.7571660098619759,2.324474015040323,0.08446301217190921,728358912,48.0,298.81,1980.0,2619.0,48.0,298.81,1980.0,2619.0,20260810,2026-08-10T11:13:51.190279+00:00
descending_independent_b1_h131072,ok,,descending,independent,1,131072,2048,5,30,0.03420799970626831,0.033663999289274216,0.03494400158524513,0.034306133290131886,0.0006404765670909178,8.337601568317874,2048,285212672,2048,1343488,0.025625,1490944,0.0284375,52428800,268435456,1.3682360004168004,0.7571660098619759,2.324474015040323,0.08446301217190921,728358912,48.0,298.81,1980.0,2619.0,48.0,298.81,1980.0,2619.0,20260810,2026-08-10T11:13:51.191627+00:00
descending_shared_b8_h131072,ok,,descending,shared,8,131072,2048,5,30,0.03683200106024742,0.03651199862360954,0.042047999799251556,0.037353599816560744,0.001725690373201933,61.94888440266222,16384,2281701376,2048,1343488,0.025625,2523136,0.048125,52428800,268435456,0.8652070246171206,2.7423359861131757,13.044877996435389,0.09347699233330786,3941793792,45.0,302.48,1980.0,2619.0,46.0,284.86,1980.0,2619.0,20260810,2026-08-10T11:13:51.353971+00:00
descending_independent_b8_h131072,ok,,descending,independent,8,131072,2048,5,30,0.03782400116324425,0.03734400123357773,0.0390079990029335,0.03793173308173815,0.0005465966065788418,60.324167349520394,16384,2281701376,16384,10747904,0.205,11927552,0.2275,52428800,268435456,0.8652070246171206,2.7423359861131757,13.044877996435389,0.09347699233330786,3941793792,45.0,302.48,1980.0,2619.0,46.0,284.86,1980.0,2619.0,20260810,2026-08-10T11:13:51.355686+00:00
descending_shared_b8_h65536,ok,,descending,shared,8,65536,2048,5,30,0.03667199984192848,0.03619199991226196,0.040192000567913055,0.03698133379220962,0.001294117244490911,62.219169552658116,16384,2281701376,2048,1343488,0.025625,2523136,0.048125,52428800,268435456,1.9099829951301217,2.615491015603766,16.70578299672343,0.08758399053476751,2106490880,46.0,284.86,1980.0,2619.0,44.0,254.15,1980.0,2619.0,20260810,2026-08-10T11:13:51.458568+00:00
descending_independent_b8_h65536,ok,,descending,independent,8,65536,2048,5,30,0.037856001406908035,0.03721600025892258,0.03843199834227562,0.037942399829626085,0.0006073907519957066,60.273174429448076,16384,2281701376,16384,10747904,0.205,11927552,0.2275,52428800,268435456,1.9099829951301217,2.615491015603766,16.70578299672343,0.08758399053476751,2106490880,46.0,284.86,1980.0,2619.0,44.0,254.15,1980.0,2619.0,20260810,2026-08-10T11:13:51.464054+00:00
descending_shared_b1_h65536,ok,,descending,shared,1,65536,2048,5,30,0.05951999872922897,0.04630399867892265,0.09641599655151367,0.0631637333581845,0.01570867549679565,4.791879672200635,2048,285212672,2048,1343488,0.025625,1490944,0.0284375,52428800,268435456,2.820633992087096,2.703908976400271,5.019356001866981,0.3083759802393615,499503104,44.0,236.85,1980.0,2619.0,43.0,233.95,1980.0,2619.0,20260810,2026-08-10T11:13:51.635282+00:00
descending_independent_b1_h65536,ok,,descending,independent,1,65536,2048,5,30,0.056832000613212585,0.042208001017570496,0.1050880029797554,0.061466666559378304,0.018056349855376613,5.018522468373079,2048,285212672,2048,1343488,0.025625,1490944,0.0284375,52428800,268435456,2.820633992087096,2.703908976400271,5.019356001866981,0.3083759802393615,499503104,44.0,236.85,1980.0,2619.0,43.0,233.95,1980.0,2619.0,20260810,2026-08-10T11:13:51.637019+00:00
descending_shared_b64_h65536,ok,,descending,shared,64,65536,2048,5,30,0.08236800134181976,0.08076799660921097,0.08377599716186523,0.08228693281610806,0.0009506291374803431,221.61046414431212,131072,18253611008,2048,1343488,0.025625,10780672,0.205625,52428800,268435456,1.1250419775024056,17.763887997716665,50.98313000053167,0.1524680119473487,6012010496,43.0,233.95,1980.0,2619.0,43.0,230.08,1980.0,2619.0,20260810,2026-08-10T11:13:51.761327+00:00
descending_independent_b64_h65536,ok,,descending,independent,64,65536,2048,5,30,0.08883199840784073,0.08803199976682663,0.09017600119113922,0.0889962668220202,0.0008616556972173328,205.48463768871883,131072,18253611008,131072,85983232,1.64,95420416,1.82,52428800,268435456,1.1250419775024056,17.763887997716665,50.98313000053167,0.1524680119473487,6012010496,43.0,233.95,1980.0,2619.0,43.0,230.08,1980.0,2619.0,20260810,2026-08-10T11:13:51.763041+00:00
descending_shared_b16_h65536,ok,,descending,shared,16,65536,2048,5,30,0.04416000097990036,0.04364800080657005,0.04492799937725067,0.04421013370156288,0.0003507064140401449,103.33792234463616,32768,4563402752,2048,1343488,0.025625,3702784,0.070625,52428800,268435456,2.055538003332913,5.7736219896469265,13.065973005723208,0.10482801008038223,3942711296,45.0,248.26,1980.0,2619.0,45.0,248.26,1980.0,2619.0,20260810,2026-08-10T11:13:51.880660+00:00
descending_independent_b16_h65536,ok,,descending,independent,16,65536,2048,5,30,0.04633599892258644,0.04479999840259552,0.04950400069355965,0.04642773295442263,0.0011556900284483969,98.4850409640262,32768,4563402752,32768,21495808,0.41,23855104,0.455,52428800,268435456,2.055538003332913,5.7736219896469265,13.065973005723208,0.10482801008038223,3942711296,45.0,248.26,1980.0,2619.0,45.0,248.26,1980.0,2619.0,20260810,2026-08-10T11:13:51.882176+00:00
descending_shared_b32_h65536,ok,,descending,shared,32,65536,2048,5,30,0.058400001376867294,0.05737600103020668,0.060095999389886856,0.058549333239595096,0.0010130861865636697,156.28091247982744,65536,9126805504,2048,1343488,0.025625,6062080,0.115625,52428800,268435456,1.5427310136146843,9.138460998656228,25.654354016296566,0.12339602108113468,4632477696,45.0,228.74,1980.0,2619.0,45.0,228.74,1980.0,2619.0,20260810,2026-08-10T11:13:51.994041+00:00
descending_independent_b32_h65536,ok,,descending,independent,32,65536,2048,5,30,0.06195199862122536,0.060416001826524734,0.06310400366783142,0.061860266824563345,0.0008106276262913682,147.3205983200204,65536,9126805504,65536,42991616,0.82,47710208,0.91,52428800,268435456,1.5427310136146843,9.138460998656228,25.654354016296566,0.12339602108113468,4632477696,45.0,228.74,1980.0,2619.0,45.0,228.74,1980.0,2619.0,20260810,2026-08-10T11:13:51.995709+00:00
descending_shared_b8_h32768,ok,,descending,shared,8,32768,2048,5,30,0.036768000572919846,0.036320000886917114,0.037696000188589096,0.03703680001199246,0.0008922436830077848,62.056716178374565,16384,2281701376,2048,1343488,0.025625,2523136,0.048125,52428800,268435456,1.1660789896268398,2.646092005306855,3.7414089892990887,0.0901640160009265,1187463168,46.0,227.3,1980.0,2619.0,46.0,227.3,1980.0,2619.0,20260810,2026-08-10T11:13:52.065745+00:00
descending_independent_b8_h32768,ok,,descending,independent,8,32768,2048,5,30,0.0379519984126091,0.03731200098991394,0.03907199949026108,0.03806613298753898,0.000525143426355047,60.120717523057536,16384,2281701376,16384,10747904,0.205,11927552,0.2275,52428800,268435456,1.1660789896268398,2.646092005306855,3.7414089892990887,0.0901640160009265,1187463168,46.0,227.3,1980.0,2619.0,46.0,227.3,1980.0,2619.0,20260810,2026-08-10T11:13:52.067023+00:00
descending_shared_b1_h32768,ok,,descending,shared,1,32768,2048,5,30,0.03404799848794937,0.03376000002026558,0.03500799834728241,0.034144000088175135,0.0003694112952734843,8.376782326894942,2048,285212672,2048,1343488,0.025625,1490944,0.0284375,52428800,268435456,0.6522820040117949,0.6748829910065979,1.1551200004760176,0.08046001312322915,383313920,46.0,227.3,1980.0,2619.0,44.0,211.54,1980.0,2619.0,20260810,2026-08-10T11:13:52.159868+00:00
descending_independent_b1_h32768,ok,,descending,independent,1,32768,2048,5,30,0.033984001725912094,0.03359999880194664,0.034752000123262405,0.03413119999070962,0.0007061591097173937,8.39255701257016,2048,285212672,2048,1343488,0.025625,1490944,0.0284375,52428800,268435456,0.6522820040117949,0.6748829910065979,1.1551200004760176,0.08046001312322915,383313920,46.0,227.3,1980.0,2619.0,44.0,211.54,1980.0,2619.0,20260810,2026-08-10T11:13:52.161298+00:00
descending_shared_b32_h32768,ok,,descending,shared,32,32768,2048,5,30,0.05830400064587593,0.056992001831531525,0.059039998799562454,0.05821866678694884,0.0006746529281279751,156.53823756338707,65536,9126805504,2048,1343488,0.025625,6062080,0.115625,52428800,268435456,1.0702819854486734,8.948983013397083,13.044589984929189,0.12675797916017473,3944546304,43.0,210.59,1980.0,2619.0,44.0,209.66,1980.0,2619.0,20260810,2026-08-10T11:13:52.320105+00:00
descending_independent_b32_h32768,ok,,descending,independent,32,32768,2048,5,30,0.0613120011985302,0.06035200133919716,0.0628800019621849,0.061581866815686226,0.0009487587110565786,148.8583853990855,65536,9126805504,65536,42991616,0.82,47710208,0.91,52428800,268435456,1.0702819854486734,8.948983013397083,13.044589984929189,0.12675797916017473,3944546304,43.0,210.59,1980.0,2619.0,44.0,209.66,1980.0,2619.0,20260810,2026-08-10T11:13:52.321598+00:00
descending_shared_b16_h32768,ok,,descending,shared,16,32768,2048,5,30,0.04416000097990036,0.04358400031924248,0.04495999962091446,0.04432213318844636,0.0007308773885402815,103.33792234463616,32768,4563402752,2048,1343488,0.025625,3702784,0.070625,52428800,268435456,1.1992759827990085,4.753402987262234,6.823112984420732,0.10023501818068326,2107408384,44.0,209.66,1980.0,2619.0,44.0,209.66,1980.0,2619.0,20260810,2026-08-10T11:13:52.385393+00:00
descending_independent_b16_h32768,ok,,descending,independent,16,32768,2048,5,30,0.04649600014090538,0.04604800045490265,0.04758400097489357,0.04932586674888929,0.014758554570936624,98.14613597235638,32768,4563402752,32768,21495808,0.41,23855104,0.455,52428800,268435456,1.1992759827990085,4.753402987262234,6.823112984420732,0.10023501818068326,2107408384,44.0,209.66,1980.0,2619.0,44.0,209.66,1980.0,2619.0,20260810,2026-08-10T11:13:52.386950+00:00
descending_shared_b64_h32768,ok,,descending,shared,64,32768,2048,5,30,0.08153600245714188,0.08044800162315369,0.08470399677753448,0.08200640032688776,0.001241999468919704,223.87179231155866,131072,18253611008,2048,1343488,0.025625,10780672,0.205625,52428800,268435456,1.2004559976048768,17.351587011944503,25.674225005786866,0.1518569770269096,4636147712,44.0,215.28,1980.0,2619.0,45.0,222.25,1980.0,2619.0,20260810,2026-08-10T11:13:52.524895+00:00
descending_independent_b64_h32768,ok,,descending,independent,64,32768,2048,5,30,0.08851200342178345,0.08767999708652496,0.08982399851083755,0.0886112002034982,0.0006343939297831318,206.22752058855394,131072,18253611008,131072,85983232,1.64,95420416,1.82,52428800,268435456,1.2004559976048768,17.351587011944503,25.674225005786866,0.1518569770269096,4636147712,44.0,215.28,1980.0,2619.0,45.0,222.25,1980.0,2619.0,20260810,2026-08-10T11:13:52.526272+00:00
descending_shared_b32_h16384,ok,,descending,shared,32,16384,2048,5,30,0.058368001133203506,0.057472001761198044,0.0623680017888546,0.058709333464503285,0.0013470022871655675,156.36659345540073,65536,9126805504,2048,1343488,0.025625,6062080,0.115625,52428800,268435456,1.2935230042785406,9.12875501671806,6.833919003838673,0.117586983833462,2109243392,45.0,222.25,1980.0,2619.0,43.0,227.47,1980.0,2619.0,20260810,2026-08-10T11:13:52.635127+00:00
descending_independent_b32_h16384,ok,,descending,independent,32,16384,2048,5,30,0.061664000153541565,0.061055999249219894,0.06313599646091461,0.061863466476400696,0.0006273781573747602,148.00865142181047,65536,9126805504,65536,42991616,0.82,47710208,0.91,52428800,268435456,1.2935230042785406,9.12875501671806,6.833919003838673,0.117586983833462,2109243392,45.0,222.25,1980.0,2619.0,43.0,227.47,1980.0,2619.0,20260810,2026-08-10T11:13:52.636557+00:00
descending_shared_b64_h16384,ok,,descending,shared,64,16384,2048,5,30,0.0809599980711937,0.0799039974808693,0.08361600339412689,0.08127253254254659,0.0010876134983839555,225.46456821736018,131072,18253611008,2048,1343488,0.025625,10780672,0.205625,52428800,268435456,1.2933480029460043,17.687952989945188,13.040368998190388,0.15538398292846978,3948216320,43.0,227.47,1980.0,2619.0,43.0,228.02,1980.0,2619.0,20260810,2026-08-10T11:13:52.722891+00:00
descending_independent_b64_h16384,ok,,descending,independent,64,16384,2048,5,30,0.08844800293445587,0.0878399983048439,0.08991999924182892,0.0886218674480915,0.0006587485312620328,206.37674568556153,131072,18253611008,131072,85983232,1.64,95420416,1.82,52428800,268435456,1.2933480029460043,17.687952989945188,13.040368998190388,0.15538398292846978,3948216320,43.0,227.47,1980.0,2619.0,43.0,228.02,1980.0,2619.0,20260810,2026-08-10T11:13:52.724522+00:00
descending_shared_b16_h16384,ok,,descending,shared,16,16384,2048,5,30,0.04416000097990036,0.043776001781225204,0.04758400097489357,0.04446399969359239,0.0014242876192042365,103.33792234463616,32768,4563402752,2048,1343488,0.025625,3702784,0.070625,52428800,268435456,1.171962998341769,4.825020994758233,3.65890801185742,0.09784600115381181,1188380672,43.0,228.02,1980.0,2619.0,44.0,217.36,1980.0,2619.0,20260810,2026-08-10T11:13:52.814351+00:00
descending_independent_b16_h16384,ok,,descending,independent,16,16384,2048,5,30,0.04633599892258644,0.0451200008392334,0.047839999198913574,0.0477589330325524,0.007268475110703276,98.4850409640262,32768,4563402752,32768,21495808,0.41,23855104,0.455,52428800,268435456,1.171962998341769,4.825020994758233,3.65890801185742,0.09784600115381181,1188380672,43.0,228.02,1980.0,2619.0,44.0,217.36,1980.0,2619.0,20260810,2026-08-10T11:13:52.815784+00:00
descending_shared_b8_h16384,ok,,descending,shared,8,16384,2048,5,30,0.03702399879693985,0.03641600161790848,0.03827200084924698,0.037097599978248276,0.0006917308581564142,61.62763208031948,16384,2281701376,2048,1343488,0.025625,2523136,0.048125,52428800,268435456,0.7406010117847472,2.9385930101852864,2.3769070103298873,0.09556900477036834,729161728,44.0,217.36,1980.0,2619.0,44.0,217.36,1980.0,2619.0,20260810,2026-08-10T11:13:52.870598+00:00
descending_independent_b8_h16384,ok,,descending,independent,8,16384,2048,5,30,0.03811199963092804,0.03763199970126152,0.04217600077390671,0.038518399745225904,0.0012455677792607475,59.86831963937128,16384,2281701376,16384,10747904,0.205,11927552,0.2275,52428800,268435456,0.7406010117847472,2.9385930101852864,2.3769070103298873,0.09556900477036834,729161728,44.0,217.36,1980.0,2619.0,44.0,217.36,1980.0,2619.0,20260810,2026-08-10T11:13:52.872187+00:00
descending_shared_b1_h16384,ok,,descending,shared,1,16384,2048,5,30,0.033984001725912094,0.03363199904561043,0.03497600182890892,0.03409173327187697,0.00045092250741874627,8.39255701257016,2048,285212672,2048,1343488,0.025625,1490944,0.0284375,52428800,268435456,0.7067449914757162,0.7547709974460304,1.0336760024074465,0.08368800627067685,325932032,43.0,212.35,1980.0,2619.0,43.0,212.35,1980.0,2619.0,20260810,2026-08-10T11:13:52.971084+00:00
descending_independent_b1_h16384,ok,,descending,independent,1,16384,2048,5,30,0.033984001725912094,0.033535998314619064,0.03798399865627289,0.03438933317859968,0.001160394071371564,8.39255701257016,2048,285212672,2048,1343488,0.025625,1490944,0.0284375,52428800,268435456,0.7067449914757162,0.7547709974460304,1.0336760024074465,0.08368800627067685,325932032,43.0,212.35,1980.0,2619.0,43.0,212.35,1980.0,2619.0,20260810,2026-08-10T11:13:52.972446+00:00
descending_shared_b32_h8192,ok,,descending,shared,32,8192,2048,5,30,0.058240000158548355,0.05696000158786774,0.05955199897289276,0.05823466641207536,0.0007562243426345991,156.7102589140427,65536,9126805504,2048,1343488,0.025625,6062080,0.115625,52428800,268435456,1.923197996802628,9.283124993089586,12.203655001940206,0.12144900392740965,1190215680,43.0,201.54,1980.0,2619.0,43.0,201.54,1980.0,2619.0,20260810,2026-08-10T11:13:53.105604+00:00
descending_independent_b32_h8192,ok,,descending,independent,32,8192,2048,5,30,0.061792001128196716,0.06060799956321716,0.06515199691057205,0.06198826655745506,0.0011947540705119098,147.7020542685627,65536,9126805504,65536,42991616,0.82,47710208,0.91,52428800,268435456,1.923197996802628,9.283124993089586,12.203655001940206,0.12144900392740965,1190215680,43.0,201.54,1980.0,2619.0,43.0,201.54,1980.0,2619.0,20260810,2026-08-10T11:13:53.107096+00:00
descending_shared_b16_h8192,ok,,descending,shared,16,8192,2048,5,30,0.045632001012563705,0.044064000248909,0.050335999578237534,0.046591999505956966,0.004590194758497872,100.00444097868015,32768,4563402752,2048,1343488,0.025625,3702784,0.070625,52428800,268435456,1.888258004328236,4.925486020511016,4.1945969860535115,0.10303701856173575,730079232,43.0,200.45,1980.0,2619.0,42.0,202.71,1980.0,2619.0,20260810,2026-08-10T11:13:53.280546+00:00
descending_independent_b16_h8192,ok,,descending,independent,16,8192,2048,5,30,0.04681599885225296,0.04553600028157234,0.05027199909090996,0.048380799839893976,0.006443576587139167,97.47528331931322,32768,4563402752,32768,21495808,0.41,23855104,0.455,52428800,268435456,1.888258004328236,4.925486020511016,4.1945969860535115,0.10303701856173575,730079232,43.0,200.45,1980.0,2619.0,42.0,202.71,1980.0,2619.0,20260810,2026-08-10T11:13:53.285273+00:00
descending_shared_b8_h8192,ok,,descending,shared,8,8192,2048,5,30,0.03753599897027016,0.03657599911093712,0.04966399818658829,0.039126399780313174,0.005409275397058797,60.78701616033154,16384,2281701376,2048,1343488,0.025625,2523136,0.048125,52428800,268435456,1.791112998034805,4.19698900077492,2.8037489973939955,0.18257199553772807,500305920,42.0,194.35,1980.0,2619.0,42.0,194.35,1980.0,2619.0,20260810,2026-08-10T11:13:53.401873+00:00
descending_independent_b8_h8192,ok,,descending,independent,8,8192,2048,5,30,0.03916800022125244,0.03766399994492531,0.047968000173568726,0.0407669335603714,0.005493369332108406,58.25422189315542,16384,2281701376,16384,10747904,0.205,11927552,0.2275,52428800,268435456,1.791112998034805,4.19698900077492,2.8037489973939955,0.18257199553772807,500305920,42.0,194.35,1980.0,2619.0,42.0,194.35,1980.0,2619.0,20260810,2026-08-10T11:13:53.403712+00:00
descending_shared_b64_h8192,ok,,descending,shared,64,8192,2048,5,30,0.08128000050783157,0.07952000200748444,0.08553600311279297,0.08226986726125081,0.0021630028803327956,224.57690568347388,131072,18253611008,2048,1343488,0.025625,10780672,0.205625,52428800,268435456,1.0198230156674981,27.370121009880677,7.000702986260876,0.15645500388927758,2112913408,42.0,190.91,1980.0,2619.0,42.0,185.51,1980.0,2619.0,20260810,2026-08-10T11:13:53.572410+00:00
descending_independent_b64_h8192,ok,,descending,independent,64,8192,2048,5,30,0.08851200342178345,0.0873280018568039,0.09516800194978714,0.08981546660264333,0.002504327696029296,206.22752058855394,131072,18253611008,131072,85983232,1.64,95420416,1.82,52428800,268435456,1.0198230156674981,27.370121009880677,7.000702986260876,0.15645500388927758,2112913408,42.0,190.91,1980.0,2619.0,42.0,185.51,1980.0,2619.0,20260810,2026-08-10T11:13:53.573994+00:00
descending_shared_b1_h8192,ok,,descending,shared,1,8192,2048,5,30,0.033952001482248306,0.033440001308918,0.03465599939227104,0.034069333349665006,0.0008663405907705623,8.400467116765487,2048,285212672,2048,1343488,0.025625,1490944,0.0284375,52428800,268435456,0.9067359787877649,0.7955129840411246,0.8444570121355355,0.08361300569958985,297943552,42.0,185.51,1980.0,2619.0,42.0,179.29,1980.0,2619.0,20260810,2026-08-10T11:13:53.699998+00:00
descending_independent_b1_h8192,ok,,descending,independent,1,8192,2048,5,30,0.033824000507593155,0.03356799855828285,0.034591998904943466,0.03395946671565374,0.00034992701081258524,8.432257205529918,2048,285212672,2048,1343488,0.025625,1490944,0.0284375,52428800,268435456,0.9067359787877649,0.7955129840411246,0.8444570121355355,0.08361300569958985,297943552,42.0,185.51,1980.0,2619.0,42.0,179.29,1980.0,2619.0,20260810,2026-08-10T11:13:53.701486+00:00
descending_shared_b1_h4096,ok,,descending,shared,1,4096,2048,5,30,0.03376000002026558,0.033215999603271484,0.03452799841761589,0.03381013348698616,0.0003803095839934555,8.448242648957093,2048,285212672,2048,1343488,0.025625,1490944,0.0284375,52428800,268435456,0.6434560054913163,0.7704489980824292,0.6486120109912008,0.07973099127411842,289627648,42.0,172.32,1980.0,2619.0,42.0,172.32,1980.0,2619.0,20260810,2026-08-10T11:13:53.771544+00:00
descending_independent_b1_h4096,ok,,descending,independent,1,4096,2048,5,30,0.03379200026392937,0.03328000009059906,0.03433600068092346,0.03391786652306716,0.0007072861629881001,8.440242358320672,2048,285212672,2048,1343488,0.025625,1490944,0.0284375,52428800,268435456,0.6434560054913163,0.7704489980824292,0.6486120109912008,0.07973099127411842,289627648,42.0,172.32,1980.0,2619.0,42.0,172.32,1980.0,2619.0,20260810,2026-08-10T11:13:53.773076+00:00
descending_shared_b32_h4096,ok,,descending,shared,32,4096,2048,5,30,0.058079998940229416,0.05686400085687637,0.05929600074887276,0.05801386709014575,0.0006766032371666431,157.14197091140562,65536,9126805504,2048,1343488,0.025625,6062080,0.115625,52428800,268435456,0.677286006975919,9.422828006790951,2.3676120035815984,0.11590000940486789,731914240,42.0,172.32,1980.0,2619.0,42.0,169.05,1980.0,2619.0,20260810,2026-08-10T11:13:53.835494+00:00
descending_independent_b32_h4096,ok,,descending,independent,32,4096,2048,5,30,0.061216000467538834,0.059967998415231705,0.06281600147485733,0.06128213343520959,0.0008924094136065013,149.09182949382156,65536,9126805504,65536,42991616,0.82,47710208,0.91,52428800,268435456,0.677286006975919,9.422828006790951,2.3676120035815984,0.11590000940486789,731914240,42.0,172.32,1980.0,2619.0,42.0,169.05,1980.0,2619.0,20260810,2026-08-10T11:13:53.836715+00:00
descending_shared_b16_h4096,ok,,descending,shared,16,4096,2048,5,30,0.043935999274253845,0.04358400031924248,0.04479999840259552,0.044065066675345106,0.0006913027916222289,103.86477666104021,32768,4563402752,2048,1343488,0.025625,3702784,0.070625,52428800,268435456,0.6579489854630083,4.936213983455673,1.468313013901934,0.09562098421156406,501223424,42.0,169.05,1980.0,2619.0,42.0,169.05,1980.0,2619.0,20260810,2026-08-10T11:13:53.925140+00:00
descending_independent_b16_h4096,ok,,descending,independent,16,4096,2048,5,30,0.04566400125622749,0.045184001326560974,0.04652800038456917,0.045799466967582705,0.0004294588650875795,99.93436025008124,32768,4563402752,32768,21495808,0.41,23855104,0.455,52428800,268435456,0.6579489854630083,4.936213983455673,1.468313013901934,0.09562098421156406,501223424,42.0,169.05,1980.0,2619.0,42.0,169.05,1980.0,2619.0,20260810,2026-08-10T11:13:53.926647+00:00
descending_shared_b8_h4096,ok,,descending,shared,8,4096,2048,5,30,0.036639999598264694,0.036288000643253326,0.03743999823927879,0.036814934015274046,0.0008122259771099171,62.27350985309682,16384,2281701376,2048,1343488,0.025625,2523136,0.048125,52428800,268435456,0.6598299951292574,2.769825019640848,1.194351993035525,0.0853060046210885,384116736,42.0,170.67,1980.0,2619.0,42.0,170.67,1980.0,2619.0,20260810,2026-08-10T11:13:54.025870+00:00
descending_independent_b8_h4096,ok,,descending,independent,8,4096,2048,5,30,0.037696000188589096,0.03705599904060364,0.03868800029158592,0.03776533355315526,0.00047908067131086947,60.52900479055842,16384,2281701376,16384,10747904,0.205,11927552,0.2275,52428800,268435456,0.6598299951292574,2.769825019640848,1.194351993035525,0.0853060046210885,384116736,42.0,170.67,1980.0,2619.0,42.0,170.67,1980.0,2619.0,20260810,2026-08-10T11:13:54.027079+00:00
descending_shared_b64_h4096,ok,,descending,shared,64,4096,2048,5,30,0.08111999928951263,0.07952000200748444,0.08243200182914734,0.08113600040475527,0.0011782131069565604,225.01986153690544,131072,18253611008,2048,1343488,0.025625,10780672,0.205625,52428800,268435456,0.756201014155522,18.29853598610498,3.703245980432257,0.149536004755646,1193885696,42.0,170.96,1980.0,2619.0,42.0,170.96,1980.0,2619.0,20260810,2026-08-10T11:13:54.104356+00:00
descending_independent_b64_h4096,ok,,descending,independent,64,4096,2048,5,30,0.08755200356245041,0.08640000224113464,0.08912000060081482,0.08773546740412712,0.0007156814809387733,208.48878683832507,131072,18253611008,131072,85983232,1.64,95420416,1.82,52428800,268435456,0.756201014155522,18.29853598610498,3.703245980432257,0.149536004755646,1193885696,42.0,170.96,1980.0,2619.0,42.0,170.96,1980.0,2619.0,20260810,2026-08-10T11:13:54.105722+00:00
