B,H,Q,pattern,latency_ms,latency_ms_pass_min,latency_ms_pass_max,pass_spread,tflops,tflops_pass_min,tflops_pass_max,adjacent_overlap,unique_kv,reuse_factor,c4_consecutive_fraction,pass_count
1,8192,64,csa_trace_replay,0.0703359991312027,0.07023999840021133,0.07043199986219406,0.0027335060699851255,259.52066137562826,259.1664448505605,259.874877900696,0.8130270337301587,6416,20.428927680798004,0.65404843444227,2
1,8192,64,original_strided,0.07036799937486649,0.07030399888753891,0.07043199986219406,0.0018206784348058225,259.4023742291428,259.1664448505605,259.63830360772516,0.2423580109126984,8253,15.881739973343027,,2
1,8192,256,csa_trace_replay,0.1950719952583313,0.19494399428367615,0.19519999623298645,0.0013132076740860477,374.2950154000275,374.04941312012915,374.5406176799259,0.8064338235294117,7236,72.4555002763958,0.684029476516634,2
1,8192,256,original_strided,0.19702399522066116,0.19686399400234222,0.1971839964389801,0.0016255000730813762,370.58680138206944,370.2858515426976,370.88775122144125,0.2553098192401961,8445,62.08265245707519,,2
1,8192,1024,csa_trace_replay,0.5605760216712952,0.5600640177726746,0.5610880255699158,0.001828376336893811,520.996276109288,520.5204224976058,521.4721297209703,0.7891904172776149,8080,259.54851485148515,0.6677814640410958,2
1,8192,1024,original_strided,0.559552013874054,0.5576320290565491,0.5614719986915588,0.006886207095217589,521.9554349567583,520.1644548768319,523.7464150366847,0.23165962167033236,9214,227.60494899066637,,2
1,8192,2048,csa_trace_replay,1.103983998298645,1.1009279489517212,1.1070400476455688,0.005551769940682627,529.1018975186887,527.6372372420362,530.5665577953413,0.7906864466292135,8176,513.0019569471624,0.667993594055773,2
1,8192,2048,original_strided,1.1066240072250366,1.1028800010681152,1.110368013381958,0.00678950774933873,527.8416468474604,526.0558168250014,529.6274768699195,0.22087105367611137,10238,409.68001562805233,,2
1,16384,64,csa_trace_replay,0.07025599852204323,0.07004799693822861,0.07046400010585785,0.005938830313678922,259.81797130010267,259.04874802136777,260.58719457883757,0.7241443452380952,8596,15.24802233597022,0.526174168297456,2
1,16384,64,original_strided,0.07011199742555618,0.07001599669456482,0.07020799815654755,0.0027422513575048324,260.3498103168517,259.9933267901854,260.706293843518,0.10764663938492064,16439,7.973234381653385,,2
1,16384,256,csa_trace_replay,0.19729600101709366,0.19708800315856934,0.19750399887561798,0.002110710496741719,370.0760522562728,369.6859022990328,370.4662022135128,0.7431142769607844,12176,43.059132720105126,0.5567285347358122,2
1,16384,256,original_strided,0.2004000023007393,0.20000000298023224,0.20080000162124634,0.003999993145465952,364.3449804737602,363.61774622752023,365.07221472000015,0.12882008272058823,16633,31.520952323693862,,2
1,16384,1024,csa_trace_replay,0.560368001461029,0.5603520274162292,0.5603839755058289,5.701431963567316e-05,521.1892463592799,521.1743891576751,521.2041035608846,0.7388291941593352,14824,141.47004856988667,0.5522527825342466,2
1,16384,1024,original_strided,0.5608159899711609,0.5606719851493835,0.5609599947929382,0.0005136865247119538,520.7729462202547,520.6392235435693,520.9066688969401,0.11923942677785923,17402,120.5121250430985,,2
1,16384,2048,csa_trace_replay,1.1035839915275574,1.1031999588012695,1.1039680242538452,0.0006962159909889021,529.2896847668799,529.1054989122485,529.4738706215113,0.7345906356863703,16024,261.75137294058914,0.5452649140777887,2
1,16384,2048,original_strided,1.1065439581871033,1.1059199571609497,1.1071679592132568,0.0011284741216814886,527.8739571850485,527.5762790959621,528.1716352741348,0.11496125236626771,18423,227.66672094664278,,2
1,32768,64,csa_trace_replay,0.07017599791288376,0.07004799693822861,0.07030399888753891,0.003654664808417918,260.11274909328137,259.63830360772516,260.58719457883757,0.7473338293650794,9948,13.175713711298753,0.5219239236790607,2
1,32768,64,original_strided,0.07036799937486649,0.07030399888753891,0.07043199986219406,0.0018206784348058225,259.4023742291428,259.1664448505605,259.63830360772516,0.09202938988095238,31118,4.212095893052252,,2
1,32768,256,csa_trace_replay,0.19884799420833588,0.19871999323368073,0.19897599518299103,0.001288254619701279,367.18738138348084,366.95101821127344,367.42374455568824,0.7310202205882353,15744,33.300813008130085,0.5082864481409002,2
1,32768,256,original_strided,0.20475199818611145,0.20454399287700653,0.20496000349521637,0.0020338442227436637,356.5997891695562,356.237523355156,356.9620549839564,0.07243412990196078,33013,15.881258898009875,,2
1,32768,1024,csa_trace_replay,0.5651199817657471,0.5648319721221924,0.5654079914093018,0.0010198064478275093,516.8068045895143,516.5434174356724,517.0701917433561,0.7304095643939394,21896,95.77785896967482,0.4931124633072407,2
1,32768,1024,original_strided,0.5656639933586121,0.565343976020813,0.5659840106964111,0.0011321154956014379,516.3098111825082,516.017715356728,516.6019070082883,0.05516909900415445,33772,62.09735875873505,,2
1,32768,2048,csa_trace_replay,1.1124320030212402,1.1120959520339966,1.1127680540084839,0.0006043561018795884,525.0798286761831,524.9212090083479,525.2384483440181,0.7205075262579385,25628,163.66099578585923,0.4906280577299413,2
1,32768,2048,original_strided,1.1183840036392212,1.114240050315857,1.1225279569625854,0.0074381697591816565,522.2924952005186,520.3572424481441,524.2277479528931,0.057523681759892524,34801,120.5225137208701,,2
1,65536,64,csa_trace_replay,0.07028799876570702,0.07023999840021133,0.0703359991312027,0.0013667530349925627,259.69752790529594,259.52017790989584,259.874877900696,0.5724826388888888,11768,11.138001359619306,0.4511986301369863,2
1,65536,64,original_strided,0.07707199826836586,0.07705599814653397,0.07708799839019775,0.0004152855641805786,236.83843944370003,236.78927186052178,236.88760702687827,0.031374007936507936,55194,2.3747508787187015,,2
1,65536,256,csa_trace_replay,0.1998080015182495,0.19926400482654572,0.2003519982099533,0.005460059805355577,365.4257322196129,364.43082516944276,366.420639269783,0.5276654411764706,16744,31.311992355470615,0.42799045988258316,2
1,65536,256,original_strided,0.21487999707460403,0.21436800062656403,0.21539199352264404,0.0047767992101761525,339.79365019246853,338.9840208908417,340.6032794940954,0.03348843443627451,65763,7.972385688000852,,2
1,65536,1024,csa_trace_replay,0.5642879903316498,0.5639680027961731,0.5646079778671265,0.0011347719512107002,517.568821322983,517.2753265571678,517.8623160887981,0.5850096224340176,27284,76.8638029614426,0.45881428877201563,2
1,65536,1024,original_strided,0.6043199896812439,0.6039999723434448,0.604640007019043,0.0010596601074581713,483.2834640828104,483.0275415745054,483.53938659111543,0.03247141907991202,66531,31.52142610211781,,2
1,65536,2048,csa_trace_replay,1.1138399839401245,1.1133760213851929,1.1143039464950562,0.0008334337115585289,524.4161298094626,524.197687797197,524.6345718217283,0.5799703071568149,39212,106.96480669182903,0.43524301308708413,2
1,65536,2048,original_strided,1.2115520238876343,1.1928960084915161,1.2302080392837524,0.03127852765591821,482.2360694611832,474.81038458835127,489.6617543340152,0.031713950674767954,67555,62.08724742802161,,2
8,8192,64,csa_trace_replay,0.3293440043926239,0.328000009059906,0.3306879997253418,0.00819509326582013,443.40057203278576,441.59113177764726,445.21001228792426,0.7371690538194444,48740,21.513664341403366,0.6102540973581213,2
8,8192,64,original_strided,0.33051198720932007,0.3288959860801697,0.33212798833847046,0.009826821837567223,441.83686154002396,439.6765499786259,443.99717310142205,0.24883645678323413,66016,15.883664566165779,,2
8,8192,256,csa_trace_replay,1.1165120005607605,1.114016056060791,1.11900794506073,0.004480984787230469,523.1636301528227,521.9941063280827,524.3331539775628,0.742416321997549,55536,75.52405646787669,0.6207994434931506,2
8,8192,256,original_strided,1.1108800172805786,1.1055359840393066,1.1162240505218506,0.009667768970751167,525.8255267724383,523.2959744801392,528.3550790647373,0.24569283279718138,67561,62.08173354450052,,2
8,8192,1024,csa_trace_replay,4.5103840827941895,4.509920120239258,4.510848045349121,0.00020575200560624118,518.0184638066021,517.9651776195373,518.0717499936668,0.7576101234115347,62060,270.3386400257815,0.6336242317453522,2
8,8192,1024,original_strided,4.501487970352173,4.48799991607666,4.5149760246276855,0.006010719486511773,519.0468577697238,517.491609319602,520.6021062198457,0.2350506227853128,73702,227.63583077799788,,2
8,8192,2048,csa_trace_replay,8.956672191619873,8.956480026245117,8.956864356994629,4.291091459873719e-05,521.725515931146,521.7143223117811,521.7367095505108,0.7704616559675745,64116,523.339447251856,0.644818031624572,2
8,8192,2048,original_strided,9.003056049346924,8.963168144226074,9.042943954467773,0.008900403178656147,519.0477677793215,516.7481344102864,521.3474011483564,0.22297889847375732,81893,409.73504450929875,,2
8,16384,64,csa_trace_replay,0.32948799431324005,0.32927998900413513,0.32969599962234497,0.0012633947767917153,443.1995968971323,442.919805612658,443.4793881816066,0.6936887710813492,64348,16.295393796232982,0.5605315863502935,2
8,16384,64,original_strided,0.33660800755023956,0.33641600608825684,0.3368000090122223,0.0011414525974269285,433.8249010720415,433.5774470204978,434.0723551235851,0.12697637648809523,131511,7.973295009542928,,2
8,16384,256,csa_trace_replay,1.1288000345230103,1.127776026725769,1.1298240423202515,0.001815977238342592,517.4663492990267,516.9969219777242,517.935776620329,0.7057081035539216,87336,48.02491526976276,0.5520320526541096,2
8,16384,256,original_strided,1.126751959323883,1.1233279705047607,1.1301759481430054,0.006096151629846336,518.4112984413082,516.8359433022457,519.9866535803708,0.1247891295189951,133069,31.519767939940934,,2
8,16384,1024,csa_trace_replay,4.648015975952148,4.569056034088135,4.726975917816162,0.034562912459344286,502.8245795505594,494.28265547488405,511.3665036262348,0.7115813821175465,109820,152.77013294481878,0.5501142826565557,2
8,16384,1024,original_strided,4.713360071182251,4.6877760887146,4.738944053649902,0.010915189626587551,495.72513337608996,493.03435165571807,498.4159150964619,0.11872387957829302,139221,120.507796955919,,2
8,16384,2048,csa_trace_replay,8.980160236358643,8.978464126586914,8.981856346130371,0.0003778173522364092,520.3609358578772,520.2626537287276,520.4592179870268,0.7089899805737054,120864,277.6213926396611,0.5453393268025318,2
8,16384,2048,original_strided,9.0283842086792,8.989472389221191,9.067296028137207,0.008657197613658685,517.5910898403226,515.3603018526362,519.8218778280092,0.11565610497068882,147390,227.6574530158084,,2
8,32768,64,csa_trace_replay,0.33187200129032135,0.33164799213409424,0.33209601044654846,0.0013508850440231424,440.01589175356867,439.71888691961163,440.31289658752576,0.6102663070436507,98868,10.605817858154307,0.4761879280821918,2
8,32768,64,original_strided,0.3529760092496872,0.3527680039405823,0.3531840145587921,0.0011792753695425429,413.70782984614675,413.46403586930063,413.95162382299293,0.07359967912946429,257009,4.079919380255166,,2
8,32768,256,csa_trace_replay,1.1357280015945435,1.1353600025177002,1.1360960006713867,0.0006482509090106614,514.3094233493985,514.1427765882561,514.4760701105407,0.5723249846813726,153376,27.34654704777801,0.4553246544765166,2
8,32768,256,original_strided,1.1480479836463928,1.1473280191421509,1.1487679481506348,0.0012550281911187788,508.7903905566093,508.471317637604,509.1094634756145,0.06530905330882353,264085,15.8824014995172,,2
8,32768,1024,csa_trace_replay,4.634608030319214,4.627488136291504,4.641727924346924,0.003077217625636397,504.1349145208375,503.3604397122722,504.90938932940287,0.5805644970369013,206752,81.14657173812104,0.4499542773819716,2
8,32768,1024,original_strided,4.87609601020813,4.875904083251953,4.876287937164307,7.872466434921677e-05,479.1665725515698,479.1477121801623,479.1854329229773,0.05906395338847141,270217,62.08793673232994,,2
8,32768,2048,csa_trace_replay,9.095759868621826,9.056960105895996,9.134559631347656,0.008567943829314695,513.7569061248621,511.5653744283002,515.9484378214241,0.553346098139045,232100,144.56885825075398,0.4432453073400807,2
8,32768,2048,original_strided,9.14473581314087,9.113696098327637,9.175775527954102,0.00681166334236849,511.001996261072,509.26751682317035,512.7364756989737,0.05920917043234001,278393,120.52900755406925,,2
8,65536,64,csa_trace_replay,0.3356959968805313,0.33561599254608154,0.3357760012149811,0.00047676115695693966,435.0033891233751,434.89971747714276,435.10706076960736,0.46844385540674605,139724,7.504623400417967,0.3585799902152642,2
8,65536,64,original_strided,0.3899040073156357,0.3898560106754303,0.38995200395584106,0.00024622752447611695,374.5252357937456,374.47913225889357,374.5713393285976,0.0325927734375,447368,2.3438779707086783,,2
8,65536,256,csa_trace_replay,1.1441919803619385,1.1435840129852295,1.1447999477386475,0.0010632666595642437,510.50499146724735,510.23373420816307,510.77624872633163,0.4404909620098039,219016,19.15067392336633,0.3646792059075342,2
8,65536,256,original_strided,1.2455840110778809,1.2448320388793945,1.2463359832763672,0.0012081504572507562,468.94931209104834,468.66620244765573,469.23242173444095,0.03703254250919118,526028,7.97353753032158,,2
8,65536,1024,csa_trace_replay,4.594079971313477,4.588287830352783,4.59987211227417,0.0025247504842118573,508.5819005333577,507.94068878337936,509.22311228333615,0.47358221835288367,310568,54.02107106978182,0.37160114206213307,2
8,65536,1024,original_strided,5.039743900299072,4.959712028503418,5.119775772094727,0.032272789765096066,463.7242706599211,456.36026127528044,471.0882800445618,0.032800996991080154,532242,31.52178144528241,,2
8,65536,2048,csa_trace_replay,9.12337589263916,9.1146240234375,9.13212776184082,0.0019204015830287524,512.1929396693024,511.70160338471317,512.6842759538915,0.5106991319232413,381572,87.93735389389158,0.3771431581381482,2
8,65536,2048,original_strided,10.060431957244873,10.035072326660156,10.08579158782959,0.00505419986208655,464.48841662320626,463.317566832014,465.6592664143986,0.031198416795157547,540404,62.09138348346792,,2
32,8192,64,csa_trace_replay,1.131488025188446,1.1312960386276245,1.1316800117492676,0.0003394099409284035,516.2366335917759,516.1490405340969,516.3242266494548,0.7256547231522817,199580,21.01565287102916,0.5979553342098827,2
32,8192,64,original_strided,1.1200639605522156,1.1087039709091187,1.1314239501953125,0.020492376578721716,521.5556114799344,516.2658543291105,526.8453686307582,0.2503696017795139,264075,15.883002934772318,,2
32,8192,256,csa_trace_replay,4.556080102920532,4.5366082191467285,4.575551986694336,0.008584335623968098,512.832266737448,510.6405119684818,515.0240215064141,0.7264827952665441,230224,72.87344499270276,0.6037048220401174,2
32,8192,256,original_strided,4.8174238204956055,4.782623767852783,4.852223873138428,0.014552703424733915,485.02772983087607,481.5239919078119,488.53146775394026,0.24627637676164216,270239,62.08288218946932,,2
32,8192,1024,csa_trace_replay,17.99278450012207,17.92403221130371,18.06153678894043,0.007671520337371618,519.4296244242474,517.4448301552455,521.4144186932493,0.7389809766006843,252892,265.3657055185613,0.6159856090806934,2
32,8192,1024,original_strided,18.058448791503906,18.052064895629883,18.06483268737793,0.0007072759721320487,517.5333779752534,517.3504232134978,517.716332737009,0.2357016346205248,294796,227.64509694839822,,2
32,8192,2048,csa_trace_replay,37.72820854187012,37.47068786621094,37.9857292175293,0.013745180049998362,495.4533830162528,492.07157680591087,498.8351892265947,0.7503041918241634,257832,520.5627230134351,0.6291332804760121,2
32,8192,2048,original_strided,38.23184013366699,38.16361618041992,38.30006408691406,0.0035753400791234125,488.9055072497101,488.03306516080664,489.77794933861355,0.22321918526683485,327561,409.74880403955297,,2
32,16384,64,csa_trace_replay,1.143567979335785,1.1424319744110107,1.144703984260559,0.001988748477317115,510.78391422849614,510.2765084139367,511.2913200430556,0.6697658962673612,258888,16.201229875467384,0.5461468780577299,2
32,16384,64,original_strided,1.1694239974021912,1.1656639575958252,1.1731840372085571,0.006451327214613389,499.4951294510332,497.88910667914394,501.10115222292256,0.12411450582837301,526077,7.972794857026633,,2
32,16384,256,csa_trace_replay,4.561712026596069,4.559711933135986,4.563712120056152,0.000877289394335623,512.1898630523963,511.96529219184225,512.4144339129502,0.683718931908701,349212,48.04306839398417,0.5396850347052349,2
32,16384,256,original_strided,4.878751993179321,4.877535820007324,4.879968166351318,0.0004986834405227292,478.90574423109365,478.7863628157515,479.02512564643587,0.12422712737438725,532253,31.521129988933833,,2
32,16384,1024,csa_trace_replay,18.05087947845459,17.985023498535156,18.116735458374023,0.007323424395280664,517.7572232220637,515.8682621143042,519.6461843298231,0.688334206798326,444012,151.1420051710314,0.5344674246651786,2
32,16384,1024,original_strided,18.137359619140625,18.124767303466797,18.149951934814453,0.001389514741126474,515.2819118776722,514.9241645190915,515.639659236253,0.12131984259492608,556840,120.51731915810646,,2
32,16384,2048,csa_trace_replay,38.205759048461914,38.00950241088867,38.402015686035156,0.010326714380613389,489.2506095871176,486.7374104789299,491.7638086953053,0.6823732555931699,488028,275.0205480013442,0.5296158165381146,2
32,16384,2048,original_strided,38.55502510070801,38.42486572265625,38.685184478759766,0.006774747320718033,484.81127049689223,483.1745776591744,486.44796333461,0.11781533916344804,589571,227.65320546634757,,2
32,32768,64,csa_trace_replay,1.1521759629249573,1.151487946510315,1.1528639793395996,0.001195004110511766,506.96749397425134,506.66476073838436,507.2702272101183,0.6096113901289684,390068,10.752750802424194,0.46526609894814086,2
32,32768,64,original_strided,1.2204639911651611,1.2080960273742676,1.2328319549560547,0.020475133616281616,478.6503723185284,473.7998150581855,483.5009295788713,0.06067136734250992,1035516,4.050448278925676,,2
32,32768,256,csa_trace_replay,4.599567890167236,4.599455833435059,4.599679946899414,4.872608249129051e-05,507.97428502045784,507.9619095235049,507.9866605174108,0.5796393899356618,602316,27.854508264764675,0.452125026755137,2
32,32768,256,original_strided,5.00054407119751,5.000160217285156,5.000927925109863,0.0001535366450964304,467.2416020187196,467.20573541812666,467.27746861931263,0.060973403033088236,1056286,15.88321344787302,,2
32,32768,1024,csa_trace_replay,19.198416709899902,19.16022491455078,19.236608505249023,0.003986570671215661,486.8050299497724,485.8366189417346,487.7734409578102,0.5902415822794477,813988,82.44453726590564,0.44229072227403377,2
32,32768,1024,original_strided,19.647536277770996,19.5567684173584,19.738304138183594,0.00928250091994065,475.6855095338186,473.4879334449269,477.88308562271027,0.06103087543625519,1080831,62.09006218363463,,2
32,32768,2048,csa_trace_replay,38.54142379760742,38.40028762817383,38.682559967041016,0.007350787098273859,484.9833370186293,483.20735980550467,486.759314231754,0.5590345627747924,911676,147.2208635524024,0.4331985145165729,2
32,32768,2048,original_strided,38.01840019226074,37.95487976074219,38.0819206237793,0.0033471549333825568,491.6500893218944,490.82864955399435,492.4715290897945,0.06058518969261419,1113578,120.52835813925921,,2
32,65536,64,csa_trace_replay,1.1862879991531372,1.1830079555511475,1.189568042755127,0.005545260429735022,492.3930936548644,491.0316444809206,493.75454282880827,0.39025103856646826,653388,6.41931593478913,0.3576034277152642,2
32,65536,64,original_strided,1.389952003955841,1.3823679685592651,1.397536039352417,0.01097252767579704,420.2540383571401,417.9609940697232,422.5470826445569,0.038091265966021824,1819690,2.304955239628728,,2
32,65536,256,csa_trace_replay,4.804912090301514,4.654816150665283,4.955008029937744,0.06449059845887928,486.7403074869606,471.53550406120246,501.94511091271875,0.3691281786151961,993588,16.885485734529805,0.3615560214346869,2
32,65536,256,original_strided,5.418255805969238,5.416639804840088,5.419871807098389,0.000596680298995178,431.2203964764933,431.0917844890617,431.349008463925,0.036185290766697305,2103941,7.974185587903843,,2
32,65536,1024,csa_trace_replay,18.39964771270752,18.39014434814453,18.409151077270508,0.0010335280009856618,507.9364276538357,507.67407996532626,508.19877534234513,0.4222351253207478,1328528,50.51369937253863,0.3752120702933892,2
32,65536,1024,original_strided,20.081552505493164,20.073152542114258,20.08995246887207,0.0008369351412322867,465.3948178941969,465.20014671894904,465.58948906944465,0.03212480740812867,2128873,31.52318809060005,,2
32,65536,2048,csa_trace_replay,38.628719329833984,38.51238250732422,38.74505615234375,0.006041528201359281,483.885242230235,482.4279412242202,485.34254323624987,0.44829275693087445,1573636,85.2914702002242,0.3769899133133562,2
32,65536,2048,original_strided,41.998735427856445,41.89932632446289,42.09814453125,0.004745140894330646,445.05631424654314,444.00288612047757,446.1097423726087,0.03143628842084071,2161653,62.09032069439452,,2
128,8192,64,csa_trace_replay,4.661200046539307,4.640672206878662,4.681727886199951,0.008846925077025336,501.26737801139245,499.0598056565931,503.47495036619176,0.7294224330357142,789420,21.252585442476754,0.5995482204011742,2
128,8192,64,original_strided,4.774768114089966,4.771488189697266,4.778048038482666,0.0013748014297854105,489.3354516291737,488.9993131517312,489.67159010661624,0.2510587298680866,1056332,15.882521782924307,,2
128,8192,256,csa_trace_replay,19.35414409637451,19.315519332885742,19.39276885986328,0.0039993502450652585,482.88810974765113,481.9244174790772,483.85180201622507,0.7283991196576287,914348,73.39531994382882,0.6069890151051859,2
128,8192,256,original_strided,19.573359489440918,19.571327209472656,19.57539176940918,0.00020767932051923843,477.4780201574521,477.42844415001326,477.5275961648909,0.24697506474513634,1080934,62.084145748029016,,2
128,8192,1024,csa_trace_replay,76.41068649291992,76.02425384521484,76.797119140625,0.010166035920375016,489.2555376397744,486.7812199560558,491.729855323493,0.7399554061516755,1010664,265.60306491573857,0.6190233771814992,2
128,8192,1024,original_strided,77.3693733215332,77.23951721191406,77.49922943115234,0.003362426755280312,483.1821565658863,482.3711876721836,483.99312545958895,0.23590087144838634,1179156,227.65050256285005,,2
128,8192,2048,csa_trace_replay,153.3198699951172,152.83468627929688,153.8050537109375,0.00634913091565692,487.65720599041344,486.11400526074607,489.2004067200809,0.7496216088664434,1032044,520.2015728011596,0.6308553363479046,2
128,8192,2048,original_strided,153.6684341430664,153.2340850830078,154.102783203125,0.005669091962448247,486.5500741541662,485.1748238071525,487.92532450117994,0.22328003965824128,1310247,409.7478658604065,,2
128,16384,64,csa_trace_replay,4.752511978149414,4.712063789367676,4.792960166931152,0.017167929208855792,491.66240399504136,487.47791086275504,495.8468971273277,0.6705867222377232,1051576,15.954354226418252,0.5416694536601027,2
128,16384,64,original_strided,4.9028801918029785,4.869344234466553,4.936416149139404,0.013774321847713766,476.5712065544137,473.31143453765134,479.83097857117605,0.12490009126209077,2104260,7.972976723408705,,2
128,16384,256,csa_trace_replay,18.259807586669922,18.257375717163086,18.262239456176758,0.00026639858263410865,511.82625871091057,511.75809289561107,511.8944245262101,0.6793155445772059,1415080,47.42407779065495,0.5348452215325343,2
128,16384,256,original_strided,19.493887901306152,19.491615295410156,19.49616050720215,0.00023318805153427213,479.42457709984103,479.36868557496314,479.4804686247189,0.12372173234528186,2129026,31.520922713015246,,2
128,16384,1024,csa_trace_replay,77.48212814331055,77.43545532226562,77.52880096435547,0.0012054638498781856,482.47782817405334,482.18719855568696,482.7684577924197,0.6848376321652767,1788928,150.05380652547223,0.5317408940563464,2
128,16384,1024,original_strided,77.74264144897461,77.22099304199219,78.26428985595703,0.013510533507352207,480.88253559012924,477.6558429545194,484.109228225739,0.1211201993134947,2227338,120.51850953918984,,2
128,16384,2048,csa_trace_replay,153.0031509399414,152.32211303710938,153.68418884277344,0.00894207530676927,488.6714527412598,486.49630942359425,490.8465960589254,0.6760175636936294,1946700,275.7851297066831,0.5297196793229613,2
128,16384,2048,original_strided,155.46746063232422,155.1036834716797,155.83123779296875,0.004690761076747041,480.9186420256205,479.793344054035,482.043939997206,0.11766083367463724,2358297,227.65195053888462,,2
128,32768,64,csa_trace_replay,4.808559894561768,4.777503967285156,4.839615821838379,0.013000900675027127,485.91672400267896,482.7784466859748,489.05500131938305,0.6078718881758431,1537640,10.911016883015531,0.4624878646342955,2
128,32768,64,original_strided,5.1484479904174805,5.147488117218018,5.149407863616943,0.0003729481943832713,453.81876141844657,453.7341517521336,453.9033710847595,0.06239918300083706,4143129,4.049407102699433,,2
128,32768,256,csa_trace_replay,18.376736640930176,18.37104034423828,18.38243293762207,0.0006201387167146244,508.56960714457284,508.4119641730605,508.7272501160852,0.5912311628753064,2333472,28.75923259417726,0.45234091921095276,2
128,32768,256,original_strided,19.978864669799805,19.977920532226562,19.979808807373047,9.451810279448303e-05,467.7867842557873,467.7646781408213,467.80889037075343,0.06248821183746936,4225171,15.88311194978854,,2
128,32768,1024,csa_trace_replay,77.4164924621582,77.31414031982422,77.51884460449219,0.002647695283439333,482.88755405393283,482.2491296808834,483.52597842698225,0.5879244389538658,3244396,82.7381910223043,0.4361644528383378,2
128,32768,1024,original_strided,78.9932632446289,78.81954956054688,79.16697692871094,0.004407883197774076,473.2501810474422,472.2094589774139,474.29090311747046,0.06135720917672822,4323406,62.088884550745405,,2
128,32768,2048,csa_trace_replay,153.69722747802734,153.4698486328125,153.9246063232422,0.002963172860864116,486.45610302264674,485.7364425006714,487.17576354462204,0.5557068199079445,3571820,150.30738167096885,0.4310215541294643,2
128,32768,2048,original_strided,156.6626205444336,155.74342346191406,157.58181762695312,0.011803992259670881,477.26358999167667,474.46330937599066,480.0638706073627,0.060421780137591787,4454413,120.52562526195932,,2
128,65536,64,csa_trace_replay,5.074431896209717,5.010879993438721,5.137983798980713,0.025365565670784962,460.5104150568838,454.74300823749456,466.27782187627304,0.35459851461743547,2732032,6.140929535232384,0.35796724980124756,2
128,65536,64,original_strided,5.926432132720947,5.9113922119140625,5.941472053527832,0.005088453030259954,394.24685953659605,393.2463517415171,395.2473673316749,0.032335311647445436,7373676,2.2752852173054525,,2
128,65536,256,csa_trace_replay,18.667360305786133,18.58448028564453,18.750240325927734,0.008919272303312242,500.66173863661595,498.4388825764868,502.88459469674507,0.3866701612285539,3941496,17.02624181275333,0.3682512555803572,2
128,65536,256,original_strided,21.904271125793457,21.90355110168457,21.904991149902344,6.574496578615197e-05,426.6678764393681,426.65385126794104,426.6819016107952,0.032053479961320464,8415315,7.9746110513985515,,2
128,65536,1024,csa_trace_replay,78.06516647338867,77.86825561523438,78.26207733154297,0.00505753870042458,478.8772622271366,477.66934662385825,480.0851778304149,0.41883797892610586,5304788,50.60248515115024,0.3746767883897994,2
128,65536,1024,original_strided,85.86724853515625,85.72828674316406,86.00621032714844,0.0032419122619002927,435.3638190292843,434.6592554442976,436.068382614271,0.031045460631071296,8515530,31.52304742041893,,2
128,65536,2048,csa_trace_replay,154.7379608154297,154.5926971435547,154.8832244873047,0.0018793083316233083,483.18367507410227,482.7300757474636,483.6372744007409,0.47192740615076945,5816904,92.29495828021228,0.3896063713178243,2
128,65536,2048,original_strided,170.0452117919922,169.7013702392578,170.38905334472656,0.004052313216441394,439.6895131767933,438.8004347761815,440.5785915774052,0.030610511753695384,8646622,62.09024888563418,,2
