B,H,Q,original_tflops,trace_tflops,trace_vs_original_tflops,original_latency_ms,trace_latency_ms,original_overlap,trace_overlap,overlap_delta,original_unique_kv,trace_unique_kv,original_vs_trace_unique_kv,trace_c4_consecutive_fraction,original_pass_spread,trace_pass_spread,complete_two_pass
1,8192,64,259.4023742291428,259.52066137562826,1.0004559987040864,0.07036799937486649,0.0703359991312027,0.2423580109126984,0.8130270337301587,0.5706690228174603,8253,6416,1.2863154613466334,0.65404843444227,0.0018206784348058225,0.0027335060699851255,True
1,8192,256,370.58680138206944,374.2950154000275,1.0100063305118494,0.19702399522066116,0.1950719952583313,0.2553098192401961,0.8064338235294117,0.5511240042892156,8445,7236,1.1670812603648424,0.684029476516634,0.0016255000730813762,0.0013132076740860477,True
1,8192,1024,521.9554349567583,520.996276109288,0.9981623740587169,0.559552013874054,0.5605760216712952,0.23165962167033236,0.7891904172776149,0.5575307956072825,9214,8080,1.1403465346534654,0.6677814640410958,0.006886207095217589,0.001828376336893811,True
1,8192,2048,527.8416468474604,529.1018975186887,1.0023875544469731,1.1066240072250366,1.103983998298645,0.22087105367611137,0.7906864466292135,0.5698153929531021,10238,8176,1.2522015655577299,0.667993594055773,0.00678950774933873,0.005551769940682627,True
1,16384,64,260.3498103168517,259.81797130010267,0.9979572137344684,0.07011199742555618,0.07025599852204323,0.10764663938492064,0.7241443452380952,0.6164977058531746,16439,8596,1.9124011167985109,0.526174168297456,0.0027422513575048324,0.005938830313678922,True
1,16384,256,364.3449804737602,370.0760522562728,1.0157297948089212,0.2004000023007393,0.19729600101709366,0.12882008272058823,0.7431142769607844,0.6142941942401962,16633,12176,1.3660479632063074,0.5567285347358122,0.003999993145465952,0.002110710496741719,True
1,16384,1024,520.7729462202547,521.1892463592799,1.000799388950687,0.5608159899711609,0.560368001461029,0.11923942677785923,0.7388291941593352,0.619589767381476,17402,14824,1.173907177549919,0.5522527825342466,0.0005136865247119538,5.701431963567316e-05,True
1,16384,2048,527.8739571850485,529.2896847668799,1.00268194246479,1.1065439581871033,1.1035839915275574,0.11496125236626771,0.7345906356863703,0.6196293833201025,18423,16024,1.1497129306040939,0.5452649140777887,0.0011284741216814886,0.0006962159909889021,True
1,32768,64,259.4023742291428,260.11274909328137,1.0027385056372347,0.07036799937486649,0.07017599791288376,0.09202938988095238,0.7473338293650794,0.655304439484127,31118,9948,3.128065942903096,0.5219239236790607,0.0018206784348058225,0.003654664808417918,True
1,32768,256,356.5997891695562,367.18738138348084,1.0296904051418003,0.20475199818611145,0.19884799420833588,0.07243412990196078,0.7310202205882353,0.6585860906862746,33013,15744,2.0968622967479673,0.5082864481409002,0.0020338442227436637,0.001288254619701279,True
1,32768,1024,516.3098111825082,516.8068045895143,1.0009625875709545,0.5656639933586121,0.5651199817657471,0.05516909900415445,0.7304095643939394,0.675240465389785,33772,21896,1.542382170259408,0.4931124633072407,0.0011321154956014379,0.0010198064478275093,True
1,32768,2048,522.2924952005186,525.0798286761831,1.005336728942648,1.1183840036392212,1.1124320030212402,0.057523681759892524,0.7205075262579385,0.6629838444980459,34801,25628,1.357928827844545,0.4906280577299413,0.0074381697591816565,0.0006043561018795884,True
1,65536,64,236.83843944370003,259.69752790529594,1.0965176451731766,0.07707199826836586,0.07028799876570702,0.031374007936507936,0.5724826388888888,0.5411086309523809,55194,11768,4.690176750509857,0.4511986301369863,0.0004152855641805786,0.0013667530349925627,True
1,65536,256,339.79365019246853,365.4257322196129,1.0754342584466356,0.21487999707460403,0.1998080015182495,0.03348843443627451,0.5276654411764706,0.4941770067401961,65763,16744,3.9275561395126615,0.42799045988258316,0.0047767992101761525,0.005460059805355577,True
1,65536,1024,483.2834640828104,517.568821322983,1.070942541568726,0.6043199896812439,0.5642879903316498,0.03247141907991202,0.5850096224340176,0.5525382033541055,66531,27284,2.4384621023310364,0.45881428877201563,0.0010596601074581713,0.0011347719512107002,True
1,65536,2048,482.2360694611832,524.4161298094626,1.0874676595539783,1.2115520238876343,1.1138399839401245,0.031713950674767954,0.5799703071568149,0.5482563564820468,67555,39212,1.7228144445577884,0.43524301308708413,0.03127852765591821,0.0008334337115585289,True
8,8192,64,441.83686154002396,443.40057203278576,1.0035391128012985,0.33051198720932007,0.3293440043926239,0.24883645678323413,0.7371690538194444,0.4883325970362103,66016,48740,1.3544521953221174,0.6102540973581213,0.009826821837567223,0.00819509326582013,True
8,8192,256,525.8255267724383,523.1636301528227,0.9949376808768595,1.1108800172805786,1.1165120005607605,0.24569283279718138,0.742416321997549,0.4967234892003677,67561,55536,1.2165262172284643,0.6207994434931506,0.009667768970751167,0.004480984787230469,True
8,8192,1024,519.0468577697238,518.0184638066021,0.9980186876238099,4.501487970352173,4.5103840827941895,0.2350506227853128,0.7576101234115347,0.5225595006262218,73702,62060,1.1875926522719948,0.6336242317453522,0.006010719486511773,0.00020575200560624118,True
8,8192,2048,519.0477677793215,521.725515931146,1.0051589628509163,9.003056049346924,8.956672191619873,0.22297889847375732,0.7704616559675745,0.5474827574938173,81893,64116,1.2772630856572462,0.644818031624572,0.008900403178656147,4.291091459873719e-05,True
8,16384,64,433.8249010720415,443.1995968971323,1.0216094000181286,0.33660800755023956,0.32948799431324005,0.12697637648809523,0.6936887710813492,0.566712394593254,131511,64348,2.043746503387829,0.5605315863502935,0.0011414525974269285,0.0012633947767917153,True
8,16384,256,518.4112984413082,517.4663492990267,0.99817722116566,1.126751959323883,1.1288000345230103,0.1247891295189951,0.7057081035539216,0.5809189740349264,133069,87336,1.5236443162040854,0.5520320526541096,0.006096151629846336,0.001815977238342592,True
8,16384,1024,495.72513337608996,502.8245795505594,1.014321335951073,4.713360071182251,4.648015975952148,0.11872387957829302,0.7115813821175465,0.5928575025392535,139221,109820,1.2677199052995811,0.5501142826565557,0.010915189626587551,0.034562912459344286,True
8,16384,2048,517.5910898403226,520.3609358578772,1.0053514175029732,9.0283842086792,8.980160236358643,0.11565610497068882,0.7089899805737054,0.5933338756030166,147390,120864,1.2194698173153296,0.5453393268025318,0.008657197613658685,0.0003778173522364092,True
8,32768,64,413.70782984614675,440.01589175356867,1.0635909209579273,0.3529760092496872,0.33187200129032135,0.07359967912946429,0.6102663070436507,0.5366666279141864,257009,98868,2.5995165270866205,0.4761879280821918,0.0011792753695425429,0.0013508850440231424,True
8,32768,256,508.7903905566093,514.3094233493985,1.010847360514713,1.1480479836463928,1.1357280015945435,0.06530905330882353,0.5723249846813726,0.5070159313725491,264085,153376,1.7218143646985187,0.4553246544765166,0.0012550281911187788,0.0006482509090106614,True
8,32768,1024,479.1665725515698,504.1349145208375,1.0521078543444942,4.87609601020813,4.634608030319214,0.05906395338847141,0.5805644970369013,0.5215005436484299,270217,206752,1.3069619640922459,0.4499542773819716,7.872466434921677e-05,0.003077217625636397,True
8,32768,2048,511.001996261072,513.7569061248621,1.0053911919795762,9.14473581314087,9.095759868621826,0.05920917043234001,0.553346098139045,0.494136927706705,278393,232100,1.1994528220594571,0.4432453073400807,0.00681166334236849,0.008567943829314695,True
8,65536,64,374.5252357937456,435.0033891233751,1.1614795147287094,0.3899040073156357,0.3356959968805313,0.0325927734375,0.46844385540674605,0.43585108196924605,447368,139724,3.2017978300077297,0.3585799902152642,0.00024622752447611695,0.00047676115695693966,True
8,65536,256,468.94931209104834,510.50499146724735,1.0886144372211615,1.2455840110778809,1.1441919803619385,0.03703254250919118,0.4404909620098039,0.40345841950061273,526028,219016,2.401778865471016,0.3646792059075342,0.0012081504572507562,0.0010632666595642437,True
8,65536,1024,463.7242706599211,508.5819005333577,1.0967334097255685,5.039743900299072,4.594079971313477,0.032800996991080154,0.47358221835288367,0.44078122136180353,532242,310568,1.7137696092321166,0.37160114206213307,0.032272789765096066,0.0025247504842118573,True
8,65536,2048,464.48841662320626,512.1929396693024,1.102703364258046,10.060431957244873,9.12337589263916,0.031198416795157547,0.5106991319232413,0.4795007151280838,540404,381572,1.4162569580577191,0.3771431581381482,0.00505419986208655,0.0019204015830287524,True
32,8192,64,521.5556114799344,516.2366335917759,0.989801705185252,1.1200639605522156,1.131488025188446,0.2503696017795139,0.7256547231522817,0.47528512137276785,264075,199580,1.3231536226074756,0.5979553342098827,0.020492376578721716,0.0003394099409284035,True
32,8192,256,485.02772983087607,512.832266737448,1.0573256644857543,4.8174238204956055,4.556080102920532,0.24627637676164216,0.7264827952665441,0.480206418504902,270239,230224,1.173808986030996,0.6037048220401174,0.014552703424733915,0.008584335623968098,True
32,8192,1024,517.5333779752534,519.4296244242474,1.00366400802285,18.058448791503906,17.99278450012207,0.2357016346205248,0.7389809766006843,0.5032793419801596,294796,252892,1.1656991917498378,0.6159856090806934,0.0007072759721320487,0.007671520337371618,True
32,8192,2048,488.9055072497101,495.4533830162528,1.0133929269960102,38.23184013366699,37.72820854187012,0.22321918526683485,0.7503041918241634,0.5270850065573286,327561,257832,1.270443544633715,0.6291332804760121,0.0035753400791234125,0.013745180049998362,True
32,16384,64,499.4951294510332,510.78391422849614,1.0226003900976368,1.1694239974021912,1.143567979335785,0.12411450582837301,0.6697658962673612,0.5456513904389881,526077,258888,2.032064058589042,0.5461468780577299,0.006451327214613389,0.001988748477317115,True
32,16384,256,478.90574423109365,512.1898630523963,1.069500354134908,4.878751993179321,4.561712026596069,0.12422712737438725,0.683718931908701,0.5594918045343138,532253,349212,1.524154381865457,0.5396850347052349,0.0004986834405227292,0.000877289394335623,True
32,16384,1024,515.2819118776722,517.7572232220637,1.004803800186526,18.137359619140625,18.05087947845459,0.12131984259492608,0.688334206798326,0.5670143642033999,556840,444012,1.2541102492725422,0.5344674246651786,0.001389514741126474,0.007323424395280664,True
32,16384,2048,484.81127049689223,489.2506095871176,1.00915683970316,38.55502510070801,38.205759048461914,0.11781533916344804,0.6823732555931699,0.5645579164297219,589571,488028,1.2080679797060825,0.5296158165381146,0.006774747320718033,0.010326714380613389,True
32,32768,64,478.6503723185284,506.96749397425134,1.0591603460341168,1.2204639911651611,1.1521759629249573,0.06067136734250992,0.6096113901289684,0.5489400227864585,1035516,390068,2.65470635889127,0.46526609894814086,0.020475133616281616,0.001195004110511766,True
32,32768,256,467.2416020187196,507.97428502045784,1.0871769183774571,5.00054407119751,4.599567890167236,0.060973403033088236,0.5796393899356618,0.5186659869025736,1056286,602316,1.753707356271459,0.452125026755137,0.0001535366450964304,4.872608249129051e-05,True
32,32768,1024,475.6855095338186,486.8050299497724,1.0233757812527255,19.647536277770996,19.198416709899902,0.06103087543625519,0.5902415822794477,0.5292107068431925,1080831,813988,1.3278217860705563,0.44229072227403377,0.00928250091994065,0.003986570671215661,True
32,32768,2048,491.6500893218944,484.9833370186293,0.9864400465939909,38.01840019226074,38.54142379760742,0.06058518969261419,0.5590345627747924,0.4984493730821782,1113578,911676,1.221462449378946,0.4331985145165729,0.0033471549333825568,0.007350787098273859,True
32,65536,64,420.2540383571401,492.3930936548644,1.1716558288880004,1.389952003955841,1.1862879991531372,0.038091265966021824,0.39025103856646826,0.35215977260044645,1819690,653388,2.785006764740093,0.3576034277152642,0.01097252767579704,0.005545260429735022,True
32,65536,256,431.2203964764933,486.7403074869606,1.1287506608317257,5.418255805969238,4.804912090301514,0.036185290766697305,0.3691281786151961,0.3329428878484988,2103941,993588,2.1175185288067087,0.3615560214346869,0.000596680298995178,0.06449059845887928,True
32,65536,1024,465.3948178941969,507.9364276538357,1.091409719498231,20.081552505493164,18.39964771270752,0.03212480740812867,0.4222351253207478,0.39011031791261913,2128873,1328528,1.60242990738622,0.3752120702933892,0.0008369351412322867,0.0010335280009856618,True
32,65536,2048,445.05631424654314,483.885242230235,1.0872449771877233,41.998735427856445,38.628719329833984,0.03143628842084071,0.44829275693087445,0.4168564685100337,2161653,1573636,1.3736677351051958,0.3769899133133562,0.004745140894330646,0.006041528201359281,True
128,8192,64,489.3354516291737,501.26737801139245,1.0243839401835553,4.774768114089966,4.661200046539307,0.2510587298680866,0.7294224330357142,0.4783637031676276,1056332,789420,1.3381115249170277,0.5995482204011742,0.0013748014297854105,0.008846925077025336,True
128,8192,256,477.4780201574521,482.88810974765113,1.0113305521129854,19.573359489440918,19.35414409637451,0.24697506474513634,0.7283991196576287,0.4814240549124924,1080934,914348,1.1821910257363717,0.6069890151051859,0.00020767932051923843,0.0039993502450652585,True
128,8192,1024,483.1821565658863,489.2555376397744,1.0125695475119638,77.3693733215332,76.41068649291992,0.23590087144838634,0.7399554061516755,0.5040545347032892,1179156,1010664,1.1667141601956734,0.6190233771814992,0.003362426755280312,0.010166035920375016,True
128,8192,2048,486.5500741541662,487.65720599041344,1.002275473574168,153.6684341430664,153.3198699951172,0.22328003965824128,0.7496216088664434,0.5263415692082021,1310247,1032044,1.2695650573037585,0.6308553363479046,0.005669091962448247,0.00634913091565692,True
128,16384,64,476.5712065544137,491.66240399504136,1.0316661964320846,4.9028801918029785,4.752511978149414,0.12490009126209077,0.6705867222377232,0.5456866309756324,2104260,1051576,2.0010536566068455,0.5416694536601027,0.013774321847713766,0.017167929208855792,True
128,16384,256,479.42457709984103,511.82625871091057,1.0675845235283419,19.493887901306152,18.259807586669922,0.12372173234528186,0.6793155445772059,0.5555938122319241,2129026,1415080,1.5045269525397857,0.5348452215325343,0.00023318805153427213,0.00026639858263410865,True
128,16384,1024,480.88253559012924,482.47782817405334,1.0033174267432408,77.74264144897461,77.48212814331055,0.1211201993134947,0.6848376321652767,0.563717432851782,2227338,1788928,1.2450685550228964,0.5317408940563464,0.013510533507352207,0.0012054638498781856,True
128,16384,2048,480.9186420256205,488.6714527412598,1.0161208363289571,155.46746063232422,153.0031509399414,0.11766083367463724,0.6760175636936294,0.5583567300189922,2358297,1946700,1.2114331946370782,0.5297196793229613,0.004690761076747041,0.00894207530676927,True
128,32768,64,453.81876141844657,485.91672400267896,1.0707285932470214,5.1484479904174805,4.808559894561768,0.06239918300083706,0.6078718881758431,0.5454727051750061,4143129,1537640,2.694472698420957,0.4624878646342955,0.0003729481943832713,0.013000900675027127,True
128,32768,256,467.7867842557873,508.56960714457284,1.0871825033570963,19.978864669799805,18.376736640930176,0.06248821183746936,0.5912311628753064,0.5287429510378371,4225171,2333472,1.810679965304919,0.45234091921095276,9.451810279448303e-05,0.0006201387167146244,True
128,32768,1024,473.2501810474422,482.88755405393283,1.0203642246584255,78.9932632446289,77.4164924621582,0.06135720917672822,0.5879244389538658,0.5265672297771375,4323406,3244396,1.3325765412113688,0.4361644528383378,0.004407883197774076,0.002647695283439333,True
128,32768,2048,477.26358999167667,486.45610302264674,1.01926087223861,156.6626205444336,153.69722747802734,0.060421780137591787,0.5557068199079445,0.49528503977035265,4454413,3571820,1.2470989579542082,0.4310215541294643,0.011803992259670881,0.002963172860864116,True
128,65536,64,394.24685953659605,460.5104150568838,1.1680763052828753,5.926432132720947,5.074431896209717,0.032335311647445436,0.35459851461743547,0.32226320296999,7373676,2732032,2.6989713151236883,0.35796724980124756,0.005088453030259954,0.025365565670784962,True
128,65536,256,426.6678764393681,500.66173863661595,1.173422622801468,21.904271125793457,18.667360305786133,0.032053479961320464,0.3866701612285539,0.35461668126723345,8415315,3941496,2.1350560802294356,0.3682512555803572,6.574496578615197e-05,0.008919272303312242,True
128,65536,1024,435.3638190292843,478.8772622271366,1.0999473114115748,85.86724853515625,78.06516647338867,0.031045460631071296,0.41883797892610586,0.3877925182950346,8515530,5304788,1.6052535935460568,0.3746767883897994,0.0032419122619002927,0.00505753870042458,True
128,65536,2048,439.6895131767933,483.18367507410227,1.0989201711522751,170.0452117919922,154.7379608154297,0.030610511753695384,0.47192740615076945,0.44131689439707406,8646622,5816904,1.4864646210423964,0.3896063713178243,0.004052313216441394,0.0018793083316233083,True
