Q,H,B,kind,role,backend,status,skip_reason,figure2_hardware_tflops,figure2_latency_us
1,2048,1,decode,dense,flashmla_dense_bf16,ok,,28.11639116719235,10.144000000000029
1,2048,2,decode,dense,flashmla_dense_bf16,ok,,53.74019916152428,10.61450000000001
1,2048,4,decode,dense,flashmla_dense_bf16,ok,,90.48410079074901,12.608299999999991
1,2048,8,decode,dense,flashmla_dense_bf16,ok,,136.12832913718424,16.761400000000002
1,2048,16,decode,dense,flashmla_dense_bf16,ok,,190.54907999181543,23.948700000000052
1,2048,32,decode,dense,flashmla_dense_bf16,ok,,231.88375595156438,39.35939999999999
1,2048,64,decode,dense,flashmla_dense_bf16,ok,,256.33385911869493,71.2103
1,2048,128,decode,dense,flashmla_dense_bf16,ok,,291.44899746210115,125.26110000000003
1,2048,256,decode,dense,flashmla_dense_bf16,ok,,296.3626210158274,246.36860000000007
1,2048,1,decode,sparse,flashmla_sparse_fp8,ok,,16.158076526507845,17.651399999999967
1,2048,2,decode,sparse,flashmla_sparse_fp8,ok,,30.79285620202326,18.5246
1,2048,4,decode,sparse,flashmla_sparse_fp8,ok,,66.68794538004232,17.10730000000003
1,2048,8,decode,sparse,flashmla_sparse_fp8,ok,,116.96833834008298,19.507000000000012
1,2048,16,decode,sparse,flashmla_sparse_fp8,ok,,149.92206422786936,30.438499999999994
1,2048,32,decode,sparse,flashmla_sparse_fp8,ok,,175.13121216714868,52.114099999999986
1,2048,64,decode,sparse,flashmla_sparse_fp8,ok,,222.61098478251859,81.99779999999998
1,2048,128,decode,sparse,flashmla_sparse_fp8,ok,,303.3426064355736,120.3498
1,2048,256,decode,sparse,flashmla_sparse_fp8,ok,,339.20133438635276,215.25400000000008
1,4096,1,decode,dense,flashmla_dense_bf16,ok,,52.81569437886011,10.800299999999947
1,4096,2,decode,dense,flashmla_dense_bf16,ok,,93.59674198047429,12.188999999999988
1,4096,4,decode,dense,flashmla_dense_bf16,ok,,149.07527104281417,15.305699999999996
1,4096,8,decode,dense,flashmla_dense_bf16,ok,,197.78707593087822,23.072299999999995
1,4096,16,decode,dense,flashmla_dense_bf16,ok,,254.10752828040125,35.917100000000005
1,4096,32,decode,dense,flashmla_dense_bf16,ok,,265.78000110659093,68.6794
1,4096,64,decode,dense,flashmla_dense_bf16,ok,,281.9131864946282,129.49809999999997
1,4096,128,decode,dense,flashmla_dense_bf16,ok,,354.9382020832209,205.71030000000002
1,4096,256,decode,dense,flashmla_dense_bf16,ok,,354.31452262408743,412.14480000000003
1,4096,1,decode,sparse,flashmla_sparse_fp8,ok,,16.47770939973423,17.309000000000015
1,4096,2,decode,sparse,flashmla_sparse_fp8,ok,,30.807823889044965,18.51559999999997
1,4096,4,decode,sparse,flashmla_sparse_fp8,ok,,66.90107712516424,17.05279999999999
1,4096,8,decode,sparse,flashmla_sparse_fp8,ok,,116.54653154625706,19.577599999999983
1,4096,16,decode,sparse,flashmla_sparse_fp8,ok,,148.25195579148445,30.7814
1,4096,32,decode,sparse,flashmla_sparse_fp8,ok,,180.02334424108298,50.6979
1,4096,64,decode,sparse,flashmla_sparse_fp8,ok,,212.58153373147113,85.86640000000004
1,4096,128,decode,sparse,flashmla_sparse_fp8,ok,,317.34565505874957,115.03929999999998
1,4096,256,decode,sparse,flashmla_sparse_fp8,ok,,322.5417091240485,226.37209999999996
1,8192,1,decode,dense,flashmla_dense_bf16,ok,,91.50817248459926,12.467200000000048
1,8192,2,decode,dense,flashmla_dense_bf16,ok,,146.08217884284082,15.619300000000113
1,8192,4,decode,dense,flashmla_dense_bf16,ok,,205.33484903843564,22.224199999999996
1,8192,8,decode,dense,flashmla_dense_bf16,ok,,258.55778803305486,35.2989
1,8192,16,decode,dense,flashmla_dense_bf16,ok,,296.4923529526421,61.565200000000004
1,8192,32,decode,dense,flashmla_dense_bf16,ok,,321.58408302803565,113.52310000000003
1,8192,64,decode,dense,flashmla_dense_bf16,ok,,297.2926235607065,245.59789999999992
1,8192,128,decode,dense,flashmla_dense_bf16,ok,,365.3813327675213,399.6616
1,8192,256,decode,dense,flashmla_dense_bf16,ok,,345.2157959450133,846.0151
1,8192,1,decode,sparse,flashmla_sparse_fp8,ok,,16.356751276022198,17.437000000000058
1,8192,2,decode,sparse,flashmla_sparse_fp8,ok,,30.8079902784155,18.51549999999993
1,8192,4,decode,sparse,flashmla_sparse_fp8,ok,,67.24374704554424,16.965900000000016
1,8192,8,decode,sparse,flashmla_sparse_fp8,ok,,115.97900596744846,19.673399999999997
1,8192,16,decode,sparse,flashmla_sparse_fp8,ok,,148.02593556590676,30.828400000000006
1,8192,32,decode,sparse,flashmla_sparse_fp8,ok,,179.74148940276584,50.777399999999986
1,8192,64,decode,sparse,flashmla_sparse_fp8,ok,,231.66715327874257,78.79240000000001
1,8192,128,decode,sparse,flashmla_sparse_fp8,ok,,316.0065198378212,115.52680000000001
1,8192,256,decode,sparse,flashmla_sparse_fp8,ok,,320.44047034866236,227.85650000000004
1,16384,1,decode,dense,flashmla_dense_bf16,ok,,153.30511684158162,14.883400000000028
1,16384,2,decode,dense,flashmla_dense_bf16,ok,,197.18796460176995,23.1424
1,16384,4,decode,dense,flashmla_dense_bf16,ok,,254.3568067465768,35.88190000000002
1,16384,8,decode,dense,flashmla_dense_bf16,ok,,301.52269410503476,60.538099999999986
1,16384,16,decode,dense,flashmla_dense_bf16,ok,,323.3285627390166,112.91059999999997
1,16384,32,decode,dense,flashmla_dense_bf16,ok,,337.16927135510156,216.5513
1,16384,64,decode,dense,flashmla_dense_bf16,ok,,342.26737293552236,426.65149999999994
1,16384,128,decode,dense,flashmla_dense_bf16,ok,,348.6570538266555,837.6649
1,16384,256,decode,dense,flashmla_dense_bf16,ok,,358.5256757676118,1629.2154
1,16384,1,decode,sparse,flashmla_sparse_fp8,ok,,16.37797868430724,17.4144
1,16384,2,decode,sparse,flashmla_sparse_fp8,ok,,30.85665298085608,18.48630000000001
1,16384,4,decode,sparse,flashmla_sparse_fp8,ok,,67.3278776254522,16.9447
1,16384,8,decode,sparse,flashmla_sparse_fp8,ok,,115.16938859360886,19.811699999999995
1,16384,16,decode,sparse,flashmla_sparse_fp8,ok,,147.0168412371135,31.039999999999985
1,16384,32,decode,sparse,flashmla_sparse_fp8,ok,,177.6794207920696,51.366699999999994
1,16384,64,decode,sparse,flashmla_sparse_fp8,ok,,230.72250531504767,79.11500000000002
1,16384,128,decode,sparse,flashmla_sparse_fp8,ok,,316.273715974814,115.4292
1,16384,256,decode,sparse,flashmla_sparse_fp8,ok,,321.1672164225619,227.3409
1,32768,1,decode,dense,flashmla_dense_bf16,ok,,194.97388409413355,23.405199999999923
1,32768,2,decode,dense,flashmla_dense_bf16,ok,,255.911594189082,35.6639
1,32768,4,decode,dense,flashmla_dense_bf16,ok,,297.8236418339043,61.290000000000035
1,32768,8,decode,dense,flashmla_dense_bf16,ok,,325.9998358357429,111.9854
1,32768,16,decode,dense,flashmla_dense_bf16,ok,,337.6577846261989,216.23799999999997
1,32768,32,decode,dense,flashmla_dense_bf16,ok,,347.21710153900875,420.56940000000003
1,32768,64,decode,dense,flashmla_dense_bf16,ok,,354.71942340833226,823.3487000000001
1,32768,128,decode,dense,flashmla_dense_bf16,ok,,359.3976458056686,1625.2625999999998
1,32768,256,decode,dense,flashmla_dense_bf16,ok,,361.0275718618733,3235.8501000000006
1,32768,1,decode,sparse,flashmla_sparse_fp8,ok,,16.530139039416706,17.25410000000001
1,32768,2,decode,sparse,flashmla_sparse_fp8,ok,,30.88304832029453,18.470499999999998
1,32768,4,decode,sparse,flashmla_sparse_fp8,ok,,67.26515656967662,16.960499999999996
1,32768,8,decode,sparse,flashmla_sparse_fp8,ok,,115.994335563373,19.67080000000002
1,32768,16,decode,sparse,flashmla_sparse_fp8,ok,,146.4003937030609,31.1707
1,32768,32,decode,sparse,flashmla_sparse_fp8,ok,,176.96181297140092,51.57499999999999
1,32768,64,decode,sparse,flashmla_sparse_fp8,ok,,229.50730453303555,79.53390000000002
1,32768,128,decode,sparse,flashmla_sparse_fp8,ok,,315.4285049140951,115.73850000000002
1,32768,256,decode,sparse,flashmla_sparse_fp8,ok,,318.19189464963756,229.46670000000003
1,65536,1,decode,dense,flashmla_dense_bf16,ok,,255.92881690338297,35.66150000000003
1,65536,2,decode,dense,flashmla_dense_bf16,ok,,298.3362018282349,61.1847
1,65536,4,decode,dense,flashmla_dense_bf16,ok,,326.62750908560605,111.77019999999997
1,65536,8,decode,dense,flashmla_dense_bf16,ok,,338.2196122639186,215.87879999999996
1,65536,16,decode,dense,flashmla_dense_bf16,ok,,348.15784181025333,419.4330000000001
1,65536,32,decode,dense,flashmla_dense_bf16,ok,,358.0594907611341,815.6683000000002
1,65536,64,decode,dense,flashmla_dense_bf16,ok,,365.68307087470436,1597.3272999999995
1,65536,128,decode,dense,flashmla_dense_bf16,ok,,362.4248425941657,3223.374799999999
1,65536,256,decode,dense,flashmla_dense_bf16,ok,,364.5833935818241,6408.581
1,65536,1,decode,sparse,flashmla_sparse_fp8,ok,,16.49009435707677,17.296000000000014
1,65536,2,decode,sparse,flashmla_sparse_fp8,ok,,30.841137567854,18.495599999999985
1,65536,4,decode,sparse,flashmla_sparse_fp8,ok,,67.68819531875765,16.85449999999999
1,65536,8,decode,sparse,flashmla_sparse_fp8,ok,,115.69261772326482,19.722099999999994
1,65536,16,decode,sparse,flashmla_sparse_fp8,ok,,146.24837762914586,31.20309999999999
1,65536,32,decode,sparse,flashmla_sparse_fp8,ok,,176.55820246107297,51.69290000000001
1,65536,64,decode,sparse,flashmla_sparse_fp8,ok,,229.97921157303634,79.37070000000001
1,65536,128,decode,sparse,flashmla_sparse_fp8,ok,,313.417020723498,116.48130000000003
1,65536,256,decode,sparse,flashmla_sparse_fp8,ok,,316.9996923193146,230.32969999999992
1,131072,1,decode,dense,flashmla_dense_bf16,ok,,300.0955349357182,60.82600000000002
1,131072,2,decode,dense,flashmla_dense_bf16,ok,,325.4633325844699,112.17000000000003
1,131072,4,decode,dense,flashmla_dense_bf16,ok,,340.12221495943555,214.67120000000006
1,131072,8,decode,dense,flashmla_dense_bf16,ok,,350.5972853388572,416.5146000000001
1,131072,16,decode,dense,flashmla_dense_bf16,ok,,361.6579431405388,807.5525000000001
1,131072,32,decode,dense,flashmla_dense_bf16,ok,,367.1983444742993,1590.7358
1,131072,64,decode,dense,flashmla_dense_bf16,ok,,366.71476999431417,3185.6669000000006
1,131072,128,decode,dense,flashmla_dense_bf16,ok,,368.475569914919,6340.887700000001
1,131072,256,decode,dense,flashmla_dense_bf16,ok,,379.59202125509256,12310.386299999998
1,131072,1,decode,sparse,flashmla_sparse_fp8,ok,,16.609557175801918,17.17159999999999
1,131072,2,decode,sparse,flashmla_sparse_fp8,ok,,30.829469588057883,18.502600000000008
1,131072,4,decode,sparse,flashmla_sparse_fp8,ok,,67.59835562218181,16.876899999999996
1,131072,8,decode,sparse,flashmla_sparse_fp8,ok,,115.45085238369917,19.763399999999997
1,131072,16,decode,sparse,flashmla_sparse_fp8,ok,,144.74677899437938,31.52680000000001
1,131072,32,decode,sparse,flashmla_sparse_fp8,ok,,177.70190739132624,51.360200000000034
1,131072,64,decode,sparse,flashmla_sparse_fp8,ok,,229.4995135321349,79.53659999999999
1,131072,128,decode,sparse,flashmla_sparse_fp8,ok,,312.6354408443769,116.77250000000001
1,131072,256,decode,sparse,flashmla_sparse_fp8,ok,,319.4568209658726,228.55809999999997
1,262144,1,decode,dense,flashmla_dense_bf16,ok,,325.68690298234515,112.09299999999996
1,262144,2,decode,dense,flashmla_dense_bf16,ok,,344.70237784370414,211.8188
1,262144,4,decode,dense,flashmla_dense_bf16,ok,,351.48706919218745,415.4602
1,262144,8,decode,dense,flashmla_dense_bf16,ok,,362.1955274576089,806.3539000000001
1,262144,16,decode,dense,flashmla_dense_bf16,ok,,365.6446826162211,1597.495
1,262144,32,decode,dense,flashmla_dense_bf16,ok,,369.03802968380484,3165.6117000000004
1,262144,64,decode,dense,flashmla_dense_bf16,ok,,369.69241062669977,6320.0167
1,262144,128,decode,dense,flashmla_dense_bf16,ok,,380.936406072875,12266.941000000003
1,262144,256,decode,dense,flashmla_dense_bf16,ok,,382.45021096181904,24436.7726
1,262144,1,decode,sparse,flashmla_sparse_fp8,ok,,16.42315216076928,17.36650000000002
1,262144,2,decode,sparse,flashmla_sparse_fp8,ok,,30.814147948875817,18.511800000000022
1,262144,4,decode,sparse,flashmla_sparse_fp8,ok,,67.3306591123701,16.944000000000017
1,262144,8,decode,sparse,flashmla_sparse_fp8,ok,,114.89334347132063,19.85930000000002
1,262144,16,decode,sparse,flashmla_sparse_fp8,ok,,147.167612180004,31.0082
1,262144,32,decode,sparse,flashmla_sparse_fp8,ok,,176.83289553326122,51.61260000000001
1,262144,64,decode,sparse,flashmla_sparse_fp8,ok,,229.27668419710625,79.61390000000002
1,262144,128,decode,sparse,flashmla_sparse_fp8,ok,,314.14492912055124,116.21139999999991
1,262144,256,decode,sparse,flashmla_sparse_fp8,ok,,319.0818380547376,228.8266999999999
1,524288,1,decode,dense,flashmla_dense_bf16,ok,,343.7484712433607,212.40659999999997
1,524288,2,decode,dense,flashmla_dense_bf16,ok,,350.9313535364118,416.11810000000014
1,524288,4,decode,dense,flashmla_dense_bf16,ok,,361.88626396363026,807.0429999999999
1,524288,8,decode,dense,flashmla_dense_bf16,ok,,366.9673773091912,1591.7369999999999
1,524288,16,decode,dense,flashmla_dense_bf16,ok,,366.51935310334994,3187.3653999999997
1,524288,32,decode,dense,flashmla_dense_bf16,ok,,371.9618249434805,6281.457
1,524288,64,decode,dense,flashmla_dense_bf16,ok,,382.3608262262955,12221.242600000001
1,524288,128,decode,dense,flashmla_dense_bf16,ok,,383.2385854070063,24386.502800000006
1,524288,256,decode,dense,flashmla_dense_bf16,skipped_memory_limit,skipped_memory_limit: estimated live tensors 144.0 GiB exceed current free GPU memory 78.6 GiB,,
1,524288,1,decode,sparse,flashmla_sparse_fp8,ok,,16.50803787650778,17.277199999999986
1,524288,2,decode,sparse,flashmla_sparse_fp8,ok,,30.931613155112142,18.441499999999984
1,524288,4,decode,sparse,flashmla_sparse_fp8,ok,,67.10096976826262,17.00199999999999
1,524288,8,decode,sparse,flashmla_sparse_fp8,ok,,114.39507946535106,19.94580000000001
1,524288,16,decode,sparse,flashmla_sparse_fp8,ok,,147.135820267033,31.01489999999999
1,524288,32,decode,sparse,flashmla_sparse_fp8,ok,,177.8463030680944,51.31849999999999
1,524288,64,decode,sparse,flashmla_sparse_fp8,ok,,228.6995771210355,79.8147999999999
1,524288,128,decode,sparse,flashmla_sparse_fp8,ok,,314.20522248644676,116.18909999999997
1,524288,256,decode,sparse,flashmla_sparse_fp8,skipped_memory_limit,skipped_memory_limit: estimated live tensors 84.8 GiB exceed current free GPU memory 78.7 GiB,,
