B,H,Q,backend,cache_state,case_id,effective_e2e_latency_ms,effective_e2e_tflops,figure2_flops_formula,figure2_hardware_flops,figure2_hardware_tflops,figure2_latency_us,figure2_pairs,figure2_timing_scope,kind,profile_repeat,profiled_kernel_name,status
128,4096,1,flashmla_dense_bf16,steady,decode_b128_h4096_dense_steady,0.22271999716758728,327.83066164040827,"selected/attended pairs, FlashMLA sparse benchmark convention",73014444032,354.9382020832209,205.71030000000002,524288,dense split-kv kernel only,decode,10,"void sm90::flash_fwd_splitkv_mla_kernel<Traits<cutlass::bfloat16_t>, TmaParams<cute::tuple<int, int, int, int>, cute::TiledCopy<cute::Copy_Atom<cute::Copy_Traits<cute::SM90_TMA_LOAD, cute::C<65536>, cute::AuxTmaParams<cute::tuple<cute::ScaledBasis<cute::C<1>, 1>, cute::ScaledBasis<cute::C<1>, 0>, cute::ScaledBasis<cute::C<1>, 2>, cute::ScaledBasis<cute::C<1>, 3> >, cute::Layout<cute::tuple<cute::C<64>, cute::C<64>, cute::C<1>, cute::C<1> >, cute::tuple<cute::ScaledBasis<cute::C<1>, 1>, cute::ScaledBasis<cute::C<1>, 0>, cute::ScaledBasis<cute::C<1>, 2>, cute::ScaledBasis<cute::C<1>, 3> > > const&, cute::Swizzle<3, 4, 3> const&> >, cutlass::bfloat16_t>, cute::Layout<cute::tuple<cute::C<1>, cute::tuple<cute::tuple<cute::tuple<cute::C<64>, cute::C<64> >, cute::C<9> > > >, cute::tuple<cute::C<0>, cute::tuple<cute::tuple<cute::tuple<cute::C<64>, cute::C<1> >, cute::C<4096> > > > >, cute::tuple<cute::C<64>, cute::C<576> > >, cute::tuple<cute::C<64>, cute::C<576>, int, int>, cute::TiledCopy<cute::Copy_Atom<cute::Copy_Traits<cute::SM90_TMA_LOAD, cute::C<65536>, cute::AuxTmaParams<cute::tuple<cute::ScaledBasis<cute::C<1>, 1>, cute::ScaledBasis<cute::C<1>, 0>, cute::ScaledBasis<cute::C<1>, 2>, cute::ScaledBasis<cute::C<1>, 3> >, cute::Layout<cute::tuple<cute::C<64>, cute::C<64>, cute::C<1>, cute::C<1> >, cute::tuple<cute::ScaledBasis<cute::C<1>, 1>, cute::ScaledBasis<cute::C<1>, 0>, cute::ScaledBasis<cute::C<1>, 2>, cute::ScaledBasis<cute::C<1>, 3> > > const&, cute::Swizzle<3, 4, 3> const&> >, cutlass::bfloat16_t>, cute::Layout<cute::tuple<cute::C<1>, cute::tuple<cute::tuple<cute::tuple<cute::C<64>, cute::C<64> >, cute::C<1> > > >, cute::tuple<cute::C<0>, cute::tuple<cute::tuple<cute::tuple<cute::C<64>, cute::C<1> >, cute::C<0> > > > >, cute::tuple<cute::C<64>, cute::C<64> > >, cute::tuple<int, int, int, int>, cute::TiledCopy<cute::Copy_Atom<cute::Copy_Traits<cute::SM90_TMA_STORE, cute::C<65536>, cute::AuxTmaParams<cute::tuple<cute::ScaledBasis<cute::C<1>, 1>, cute::ScaledBasis<cute::C<1>, 0>, cute::ScaledBasis<cute::C<1>, 2>, cute::ScaledBasis<cute::C<1>, 3> >, cute::Layout<cute::tuple<cute::C<64>, cute::C<64>, cute::C<1>, cute::C<1> >, cute::tuple<cute::ScaledBasis<cute::C<1>, 1>, cute::ScaledBasis<cute::C<1>, 0>, cute::ScaledBasis<cute::C<1>, 2>, cute::ScaledBasis<cute::C<1>, 3> > > const&, cute::Swizzle<3, 4, 3> const&> >, cutlass::bfloat16_t>, cute::Layout<cute::tuple<cute::C<1>, cute::tuple<cute::tuple<cute::tuple<cute::C<64>, cute::C<64> >, cute::C<8> > > >, cute::tuple<cute::C<0>, cute::tuple<cute::tuple<cute::tuple<cute::C<64>, cute::C<1> >, cute::C<4096> > > > >, cute::tuple<cute::C<64>, cute::C<512> > > > >(DenseAttnDecodeParams, TmaParams<cute::tuple<int, int, int, int>, cute::TiledCopy<cute::Copy_Atom<cute::Copy_Traits<cute::SM90_TMA_LOAD, cute::C<65536>, cute::AuxTmaParams<cute::tuple<cute::ScaledBasis<cute::C<1>, 1>, cute::ScaledBasis<cute::C<1>, 0>, cute::ScaledBasis<cute::C<1>, 2>, cute::ScaledBasis<cute::C<1>, 3> >, cute::Layout<cute::tuple<cute::C<64>, cute::C<64>, cute::C<1>, cute::C<1> >, cute::tuple<cute::ScaledBasis<cute::C<1>, 1>, cute::ScaledBasis<cute::C<1>, 0>, cute::ScaledBasis<cute::C<1>, 2>, cute::ScaledBasis<cute::C<1>, 3> > > const&, cute::Swizzle<3, 4, 3> const&> >, cutlass::bfloat16_t>, cute::Layout<cute::tuple<cute::C<1>, cute::tuple<cute::tuple<cute::tuple<cute::C<64>, cute::C<64> >, cute::C<9> > > >, cute::tuple<cute::C<0>, cute::tuple<cute::tuple<cute::tuple<cute::C<64>, cute::C<1> >, cute::C<4096> > > > >, cute::tuple<cute::C<64>, cute::C<576> > >, cute::tuple<cute::C<64>, cute::C<576>, int, int>, cute::TiledCopy<cute::Copy_Atom<cute::Copy_Traits<cute::SM90_TMA_LOAD, cute::C<65536>, cute::AuxTmaParams<cute::tuple<cute::ScaledBasis<cute::C<1>, 1>, cute::ScaledBasis<cute::C<1>, 0>, cute::ScaledBasis<cute::C<1>, 2>, cute::ScaledBasis<cute::C<1>, 3> >, cute::Layout<cute::tuple<cute::C<64>, cute::C<64>, cute::C<1>, cute::C<1> >, cute::tuple<cute::ScaledBasis<cute::C<1>, 1>, cute::ScaledBasis<cute::C<1>, 0>, cute::ScaledBasis<cute::C<1>, 2>, cute::ScaledBasis<cute::C<1>, 3> > > const&, cute::Swizzle<3, 4, 3> const&> >, cutlass::bfloat16_t>, cute::Layout<cute::tuple<cute::C<1>, cute::tuple<cute::tuple<cute::tuple<cute::C<64>, cute::C<64> >, cute::C<1> > > >, cute::tuple<cute::C<0>, cute::tuple<cute::tuple<cute::tuple<cute::C<64>, cute::C<1> >, cute::C<0> > > > >, cute::tuple<cute::C<64>, cute::C<64> > >, cute::tuple<int, int, int, int>, cute::TiledCopy<cute::Copy_Atom<cute::Copy_Traits<cute::SM90_TMA_STORE, cute::C<65536>, cute::AuxTmaParams<cute::tuple<cute::ScaledBasis<cute::C<1>, 1>, cute::ScaledBasis<cute::C<1>, 0>, cute::ScaledBasis<cute::C<1>, 2>, cute::ScaledBasis<cute::C<1>, 3> >, cute::Layout<cute::tuple<cute::C<64>, cute::C<64>, cute::C<1>, cute::C<1> >, cute::tuple<cute::ScaledBasis<cute::C<1>, 1>, cute::ScaledBasis<cute::C<1>, 0>, cute::ScaledBasis<cute::C<1>, 2>, cute::ScaledBasis<cute::C<1>, 3> > > const&, cute::Swizzle<3, 4, 3> const&> >, cutlass::bfloat16_t>, cute::Layout<cute::tuple<cute::C<1>, cute::tuple<cute::tuple<cute::tuple<cute::C<64>, cute::C<64> >, cute::C<8> > > >, cute::tuple<cute::C<0>, cute::tuple<cute::tuple<cute::tuple<cute::C<64>, cute::C<1> >, cute::C<4096> > > > >, cute::tuple<cute::C<64>, cute::C<512> > > >)",ok
2,16384,1024,flashmla_sparse_bf16,steady,prefillq1024_b2_h16384_sparse_steady,0.9381120204925537,622.650109471267,"selected/attended pairs, FlashMLA sparse benchmark convention",584115552256,634.5515496192304,920.5171,4194304,sparse prefill kernel only,prefill,10,"void sm90::fwd::sparse_attn_fwd_kernel<sm90::fwd::KernelTemplate<576, true>, sm90::fwd::KernelTemplate<576, true>::TmaParams<cute::tuple<int, int, int>, cute::TiledCopy<cute::Copy_Atom<cute::Copy_Traits<cute::SM90_TMA_LOAD, cute::C<65536>, cute::AuxTmaParams<cute::tuple<cute::ScaledBasis<cute::C<1>, 1>, cute::ScaledBasis<cute::C<1>, 0>, cute::ScaledBasis<cute::C<1>, 2> >, cute::Layout<cute::tuple<cute::C<64>, cute::C<64>, cute::C<1> >, cute::tuple<cute::ScaledBasis<cute::C<1>, 1>, cute::ScaledBasis<cute::C<1>, 0>, cute::ScaledBasis<cute::C<1>, 2> > > const&, cute::Swizzle<3, 4, 3> const&> >, cutlass::bfloat16_t>, cute::Layout<cute::tuple<cute::C<1>, cute::tuple<cute::tuple<cute::tuple<cute::C<64>, cute::C<64> >, cute::C<9> > > >, cute::tuple<cute::C<0>, cute::tuple<cute::tuple<cute::tuple<cute::C<64>, cute::C<1> >, cute::C<4096> > > > >, cute::tuple<cute::C<64>, cute::C<576> > > > >(SparseAttnFwdParams, sm90::fwd::KernelTemplate<576, true>::TmaParams<cute::tuple<int, int, int>, cute::TiledCopy<cute::Copy_Atom<cute::Copy_Traits<cute::SM90_TMA_LOAD, cute::C<65536>, cute::AuxTmaParams<cute::tuple<cute::ScaledBasis<cute::C<1>, 1>, cute::ScaledBasis<cute::C<1>, 0>, cute::ScaledBasis<cute::C<1>, 2> >, cute::Layout<cute::tuple<cute::C<64>, cute::C<64>, cute::C<1> >, cute::tuple<cute::ScaledBasis<cute::C<1>, 1>, cute::ScaledBasis<cute::C<1>, 0>, cute::ScaledBasis<cute::C<1>, 2> > > const&, cute::Swizzle<3, 4, 3> const&> >, cutlass::bfloat16_t>, cute::Layout<cute::tuple<cute::C<1>, cute::tuple<cute::tuple<cute::tuple<cute::C<64>, cute::C<64> >, cute::C<9> > > >, cute::tuple<cute::C<0>, cute::tuple<cute::tuple<cute::tuple<cute::C<64>, cute::C<1> >, cute::C<4096> > > > >, cute::tuple<cute::C<64>, cute::C<576> > > >)",ok
1,2048,2048,flashmla_dense_bf16_multiquery,steady,prefillq2048_b1_h2048_dense_flashmla_multiquery_steady,1.3656320571899414,641.6925628731898,"rectangular B*Q*(H+Q), FlashMLA dense benchmark convention",1168231104512,938.8268035325374,1244.3520999999996,8388608,dense split-kv kernel only,prefill,10,"void sm90::flash_fwd_splitkv_mla_kernel<Traits<cutlass::bfloat16_t>, TmaParams<cute::tuple<int, int, int, int>, cute::TiledCopy<cute::Copy_Atom<cute::Copy_Traits<cute::SM90_TMA_LOAD, cute::C<65536>, cute::AuxTmaParams<cute::tuple<cute::ScaledBasis<cute::C<1>, 1>, cute::ScaledBasis<cute::C<1>, 0>, cute::ScaledBasis<cute::C<1>, 2>, cute::ScaledBasis<cute::C<1>, 3> >, cute::Layout<cute::tuple<cute::C<64>, cute::C<64>, cute::C<1>, cute::C<1> >, cute::tuple<cute::ScaledBasis<cute::C<1>, 1>, cute::ScaledBasis<cute::C<1>, 0>, cute::ScaledBasis<cute::C<1>, 2>, cute::ScaledBasis<cute::C<1>, 3> > > const&, cute::Swizzle<3, 4, 3> const&> >, cutlass::bfloat16_t>, cute::Layout<cute::tuple<cute::C<1>, cute::tuple<cute::tuple<cute::tuple<cute::C<64>, cute::C<64> >, cute::C<9> > > >, cute::tuple<cute::C<0>, cute::tuple<cute::tuple<cute::tuple<cute::C<64>, cute::C<1> >, cute::C<4096> > > > >, cute::tuple<cute::C<64>, cute::C<576> > >, cute::tuple<cute::C<64>, cute::C<576>, int, int>, cute::TiledCopy<cute::Copy_Atom<cute::Copy_Traits<cute::SM90_TMA_LOAD, cute::C<65536>, cute::AuxTmaParams<cute::tuple<cute::ScaledBasis<cute::C<1>, 1>, cute::ScaledBasis<cute::C<1>, 0>, cute::ScaledBasis<cute::C<1>, 2>, cute::ScaledBasis<cute::C<1>, 3> >, cute::Layout<cute::tuple<cute::C<64>, cute::C<64>, cute::C<1>, cute::C<1> >, cute::tuple<cute::ScaledBasis<cute::C<1>, 1>, cute::ScaledBasis<cute::C<1>, 0>, cute::ScaledBasis<cute::C<1>, 2>, cute::ScaledBasis<cute::C<1>, 3> > > const&, cute::Swizzle<3, 4, 3> const&> >, cutlass::bfloat16_t>, cute::Layout<cute::tuple<cute::C<1>, cute::tuple<cute::tuple<cute::tuple<cute::C<64>, cute::C<64> >, cute::C<1> > > >, cute::tuple<cute::C<0>, cute::tuple<cute::tuple<cute::tuple<cute::C<64>, cute::C<1> >, cute::C<0> > > > >, cute::tuple<cute::C<64>, cute::C<64> > >, cute::tuple<int, int, int, int>, cute::TiledCopy<cute::Copy_Atom<cute::Copy_Traits<cute::SM90_TMA_STORE, cute::C<65536>, cute::AuxTmaParams<cute::tuple<cute::ScaledBasis<cute::C<1>, 1>, cute::ScaledBasis<cute::C<1>, 0>, cute::ScaledBasis<cute::C<1>, 2>, cute::ScaledBasis<cute::C<1>, 3> >, cute::Layout<cute::tuple<cute::C<64>, cute::C<64>, cute::C<1>, cute::C<1> >, cute::tuple<cute::ScaledBasis<cute::C<1>, 1>, cute::ScaledBasis<cute::C<1>, 0>, cute::ScaledBasis<cute::C<1>, 2>, cute::ScaledBasis<cute::C<1>, 3> > > const&, cute::Swizzle<3, 4, 3> const&> >, cutlass::bfloat16_t>, cute::Layout<cute::tuple<cute::C<1>, cute::tuple<cute::tuple<cute::tuple<cute::C<64>, cute::C<64> >, cute::C<8> > > >, cute::tuple<cute::C<0>, cute::tuple<cute::tuple<cute::tuple<cute::C<64>, cute::C<1> >, cute::C<4096> > > > >, cute::tuple<cute::C<64>, cute::C<512> > > > >(DenseAttnDecodeParams, TmaParams<cute::tuple<int, int, int, int>, cute::TiledCopy<cute::Copy_Atom<cute::Copy_Traits<cute::SM90_TMA_LOAD, cute::C<65536>, cute::AuxTmaParams<cute::tuple<cute::ScaledBasis<cute::C<1>, 1>, cute::ScaledBasis<cute::C<1>, 0>, cute::ScaledBasis<cute::C<1>, 2>, cute::ScaledBasis<cute::C<1>, 3> >, cute::Layout<cute::tuple<cute::C<64>, cute::C<64>, cute::C<1>, cute::C<1> >, cute::tuple<cute::ScaledBasis<cute::C<1>, 1>, cute::ScaledBasis<cute::C<1>, 0>, cute::ScaledBasis<cute::C<1>, 2>, cute::ScaledBasis<cute::C<1>, 3> > > const&, cute::Swizzle<3, 4, 3> const&> >, cutlass::bfloat16_t>, cute::Layout<cute::tuple<cute::C<1>, cute::tuple<cute::tuple<cute::tuple<cute::C<64>, cute::C<64> >, cute::C<9> > > >, cute::tuple<cute::C<0>, cute::tuple<cute::tuple<cute::tuple<cute::C<64>, cute::C<1> >, cute::C<4096> > > > >, cute::tuple<cute::C<64>, cute::C<576> > >, cute::tuple<cute::C<64>, cute::C<576>, int, int>, cute::TiledCopy<cute::Copy_Atom<cute::Copy_Traits<cute::SM90_TMA_LOAD, cute::C<65536>, cute::AuxTmaParams<cute::tuple<cute::ScaledBasis<cute::C<1>, 1>, cute::ScaledBasis<cute::C<1>, 0>, cute::ScaledBasis<cute::C<1>, 2>, cute::ScaledBasis<cute::C<1>, 3> >, cute::Layout<cute::tuple<cute::C<64>, cute::C<64>, cute::C<1>, cute::C<1> >, cute::tuple<cute::ScaledBasis<cute::C<1>, 1>, cute::ScaledBasis<cute::C<1>, 0>, cute::ScaledBasis<cute::C<1>, 2>, cute::ScaledBasis<cute::C<1>, 3> > > const&, cute::Swizzle<3, 4, 3> const&> >, cutlass::bfloat16_t>, cute::Layout<cute::tuple<cute::C<1>, cute::tuple<cute::tuple<cute::tuple<cute::C<64>, cute::C<64> >, cute::C<1> > > >, cute::tuple<cute::C<0>, cute::tuple<cute::tuple<cute::tuple<cute::C<64>, cute::C<1> >, cute::C<0> > > > >, cute::tuple<cute::C<64>, cute::C<64> > >, cute::tuple<int, int, int, int>, cute::TiledCopy<cute::Copy_Atom<cute::Copy_Traits<cute::SM90_TMA_STORE, cute::C<65536>, cute::AuxTmaParams<cute::tuple<cute::ScaledBasis<cute::C<1>, 1>, cute::ScaledBasis<cute::C<1>, 0>, cute::ScaledBasis<cute::C<1>, 2>, cute::ScaledBasis<cute::C<1>, 3> >, cute::Layout<cute::tuple<cute::C<64>, cute::C<64>, cute::C<1>, cute::C<1> >, cute::tuple<cute::ScaledBasis<cute::C<1>, 1>, cute::ScaledBasis<cute::C<1>, 0>, cute::ScaledBasis<cute::C<1>, 2>, cute::ScaledBasis<cute::C<1>, 3> > > const&, cute::Swizzle<3, 4, 3> const&> >, cutlass::bfloat16_t>, cute::Layout<cute::tuple<cute::C<1>, cute::tuple<cute::tuple<cute::tuple<cute::C<64>, cute::C<64> >, cute::C<8> > > >, cute::tuple<cute::C<0>, cute::tuple<cute::tuple<cute::tuple<cute::C<64>, cute::C<1> >, cute::C<4096> > > > >, cute::tuple<cute::C<64>, cute::C<512> > > >)",ok
1,8192,2048,flashmla_sparse_bf16,steady,prefillq2048_b1_h8192_sparse_steady,0.9292160272598267,628.6111465150935,"selected/attended pairs, FlashMLA sparse benchmark convention",584115552256,637.3840302461824,916.4264,4194304,sparse prefill kernel only,prefill,10,"void sm90::fwd::sparse_attn_fwd_kernel<sm90::fwd::KernelTemplate<576, true>, sm90::fwd::KernelTemplate<576, true>::TmaParams<cute::tuple<int, int, int>, cute::TiledCopy<cute::Copy_Atom<cute::Copy_Traits<cute::SM90_TMA_LOAD, cute::C<65536>, cute::AuxTmaParams<cute::tuple<cute::ScaledBasis<cute::C<1>, 1>, cute::ScaledBasis<cute::C<1>, 0>, cute::ScaledBasis<cute::C<1>, 2> >, cute::Layout<cute::tuple<cute::C<64>, cute::C<64>, cute::C<1> >, cute::tuple<cute::ScaledBasis<cute::C<1>, 1>, cute::ScaledBasis<cute::C<1>, 0>, cute::ScaledBasis<cute::C<1>, 2> > > const&, cute::Swizzle<3, 4, 3> const&> >, cutlass::bfloat16_t>, cute::Layout<cute::tuple<cute::C<1>, cute::tuple<cute::tuple<cute::tuple<cute::C<64>, cute::C<64> >, cute::C<9> > > >, cute::tuple<cute::C<0>, cute::tuple<cute::tuple<cute::tuple<cute::C<64>, cute::C<1> >, cute::C<4096> > > > >, cute::tuple<cute::C<64>, cute::C<576> > > > >(SparseAttnFwdParams, sm90::fwd::KernelTemplate<576, true>::TmaParams<cute::tuple<int, int, int>, cute::TiledCopy<cute::Copy_Atom<cute::Copy_Traits<cute::SM90_TMA_LOAD, cute::C<65536>, cute::AuxTmaParams<cute::tuple<cute::ScaledBasis<cute::C<1>, 1>, cute::ScaledBasis<cute::C<1>, 0>, cute::ScaledBasis<cute::C<1>, 2> >, cute::Layout<cute::tuple<cute::C<64>, cute::C<64>, cute::C<1> >, cute::tuple<cute::ScaledBasis<cute::C<1>, 1>, cute::ScaledBasis<cute::C<1>, 0>, cute::ScaledBasis<cute::C<1>, 2> > > const&, cute::Swizzle<3, 4, 3> const&> >, cutlass::bfloat16_t>, cute::Layout<cute::tuple<cute::C<1>, cute::tuple<cute::tuple<cute::tuple<cute::C<64>, cute::C<64> >, cute::C<9> > > >, cute::tuple<cute::C<0>, cute::tuple<cute::tuple<cute::tuple<cute::C<64>, cute::C<1> >, cute::C<4096> > > > >, cute::tuple<cute::C<64>, cute::C<576> > > >)",ok
2,65536,2048,flashmla_sparse_bf16,steady,prefillq2048_b2_h65536_sparse_steady,2.3420159816741943,498.8143179436751,"selected/attended pairs, FlashMLA sparse benchmark convention",1168231104512,503.8612394432193,2318.5571999999997,8388608,sparse prefill kernel only,prefill,10,"void sm90::fwd::sparse_attn_fwd_kernel<sm90::fwd::KernelTemplate<576, true>, sm90::fwd::KernelTemplate<576, true>::TmaParams<cute::tuple<int, int, int>, cute::TiledCopy<cute::Copy_Atom<cute::Copy_Traits<cute::SM90_TMA_LOAD, cute::C<65536>, cute::AuxTmaParams<cute::tuple<cute::ScaledBasis<cute::C<1>, 1>, cute::ScaledBasis<cute::C<1>, 0>, cute::ScaledBasis<cute::C<1>, 2> >, cute::Layout<cute::tuple<cute::C<64>, cute::C<64>, cute::C<1> >, cute::tuple<cute::ScaledBasis<cute::C<1>, 1>, cute::ScaledBasis<cute::C<1>, 0>, cute::ScaledBasis<cute::C<1>, 2> > > const&, cute::Swizzle<3, 4, 3> const&> >, cutlass::bfloat16_t>, cute::Layout<cute::tuple<cute::C<1>, cute::tuple<cute::tuple<cute::tuple<cute::C<64>, cute::C<64> >, cute::C<9> > > >, cute::tuple<cute::C<0>, cute::tuple<cute::tuple<cute::tuple<cute::C<64>, cute::C<1> >, cute::C<4096> > > > >, cute::tuple<cute::C<64>, cute::C<576> > > > >(SparseAttnFwdParams, sm90::fwd::KernelTemplate<576, true>::TmaParams<cute::tuple<int, int, int>, cute::TiledCopy<cute::Copy_Atom<cute::Copy_Traits<cute::SM90_TMA_LOAD, cute::C<65536>, cute::AuxTmaParams<cute::tuple<cute::ScaledBasis<cute::C<1>, 1>, cute::ScaledBasis<cute::C<1>, 0>, cute::ScaledBasis<cute::C<1>, 2> >, cute::Layout<cute::tuple<cute::C<64>, cute::C<64>, cute::C<1> >, cute::tuple<cute::ScaledBasis<cute::C<1>, 1>, cute::ScaledBasis<cute::C<1>, 0>, cute::ScaledBasis<cute::C<1>, 2> > > const&, cute::Swizzle<3, 4, 3> const&> >, cutlass::bfloat16_t>, cute::Layout<cute::tuple<cute::C<1>, cute::tuple<cute::tuple<cute::tuple<cute::C<64>, cute::C<64> >, cute::C<9> > > >, cute::tuple<cute::C<0>, cute::tuple<cute::tuple<cute::tuple<cute::C<64>, cute::C<1> >, cute::C<4096> > > > >, cute::tuple<cute::C<64>, cute::C<576> > > >)",ok
4,262144,2048,flashmla_dense_bf16_multiquery,steady,prefillq2048_b4_h262144_dense_flashmla_multiquery_steady,488.16815185546875,615.0257101856542,"rectangular B*Q*(H+Q), FlashMLA dense benchmark convention",301403624964096,614.5792013403046,490422.75479999994,2164260864,dense split-kv kernel only,prefill,10,"void sm90::flash_fwd_splitkv_mla_kernel<Traits<cutlass::bfloat16_t>, TmaParams<cute::tuple<int, int, int, int>, cute::TiledCopy<cute::Copy_Atom<cute::Copy_Traits<cute::SM90_TMA_LOAD, cute::C<65536>, cute::AuxTmaParams<cute::tuple<cute::ScaledBasis<cute::C<1>, 1>, cute::ScaledBasis<cute::C<1>, 0>, cute::ScaledBasis<cute::C<1>, 2>, cute::ScaledBasis<cute::C<1>, 3> >, cute::Layout<cute::tuple<cute::C<64>, cute::C<64>, cute::C<1>, cute::C<1> >, cute::tuple<cute::ScaledBasis<cute::C<1>, 1>, cute::ScaledBasis<cute::C<1>, 0>, cute::ScaledBasis<cute::C<1>, 2>, cute::ScaledBasis<cute::C<1>, 3> > > const&, cute::Swizzle<3, 4, 3> const&> >, cutlass::bfloat16_t>, cute::Layout<cute::tuple<cute::C<1>, cute::tuple<cute::tuple<cute::tuple<cute::C<64>, cute::C<64> >, cute::C<9> > > >, cute::tuple<cute::C<0>, cute::tuple<cute::tuple<cute::tuple<cute::C<64>, cute::C<1> >, cute::C<4096> > > > >, cute::tuple<cute::C<64>, cute::C<576> > >, cute::tuple<cute::C<64>, cute::C<576>, int, int>, cute::TiledCopy<cute::Copy_Atom<cute::Copy_Traits<cute::SM90_TMA_LOAD, cute::C<65536>, cute::AuxTmaParams<cute::tuple<cute::ScaledBasis<cute::C<1>, 1>, cute::ScaledBasis<cute::C<1>, 0>, cute::ScaledBasis<cute::C<1>, 2>, cute::ScaledBasis<cute::C<1>, 3> >, cute::Layout<cute::tuple<cute::C<64>, cute::C<64>, cute::C<1>, cute::C<1> >, cute::tuple<cute::ScaledBasis<cute::C<1>, 1>, cute::ScaledBasis<cute::C<1>, 0>, cute::ScaledBasis<cute::C<1>, 2>, cute::ScaledBasis<cute::C<1>, 3> > > const&, cute::Swizzle<3, 4, 3> const&> >, cutlass::bfloat16_t>, cute::Layout<cute::tuple<cute::C<1>, cute::tuple<cute::tuple<cute::tuple<cute::C<64>, cute::C<64> >, cute::C<1> > > >, cute::tuple<cute::C<0>, cute::tuple<cute::tuple<cute::tuple<cute::C<64>, cute::C<1> >, cute::C<0> > > > >, cute::tuple<cute::C<64>, cute::C<64> > >, cute::tuple<int, int, int, int>, cute::TiledCopy<cute::Copy_Atom<cute::Copy_Traits<cute::SM90_TMA_STORE, cute::C<65536>, cute::AuxTmaParams<cute::tuple<cute::ScaledBasis<cute::C<1>, 1>, cute::ScaledBasis<cute::C<1>, 0>, cute::ScaledBasis<cute::C<1>, 2>, cute::ScaledBasis<cute::C<1>, 3> >, cute::Layout<cute::tuple<cute::C<64>, cute::C<64>, cute::C<1>, cute::C<1> >, cute::tuple<cute::ScaledBasis<cute::C<1>, 1>, cute::ScaledBasis<cute::C<1>, 0>, cute::ScaledBasis<cute::C<1>, 2>, cute::ScaledBasis<cute::C<1>, 3> > > const&, cute::Swizzle<3, 4, 3> const&> >, cutlass::bfloat16_t>, cute::Layout<cute::tuple<cute::C<1>, cute::tuple<cute::tuple<cute::tuple<cute::C<64>, cute::C<64> >, cute::C<8> > > >, cute::tuple<cute::C<0>, cute::tuple<cute::tuple<cute::tuple<cute::C<64>, cute::C<1> >, cute::C<4096> > > > >, cute::tuple<cute::C<64>, cute::C<512> > > > >(DenseAttnDecodeParams, TmaParams<cute::tuple<int, int, int, int>, cute::TiledCopy<cute::Copy_Atom<cute::Copy_Traits<cute::SM90_TMA_LOAD, cute::C<65536>, cute::AuxTmaParams<cute::tuple<cute::ScaledBasis<cute::C<1>, 1>, cute::ScaledBasis<cute::C<1>, 0>, cute::ScaledBasis<cute::C<1>, 2>, cute::ScaledBasis<cute::C<1>, 3> >, cute::Layout<cute::tuple<cute::C<64>, cute::C<64>, cute::C<1>, cute::C<1> >, cute::tuple<cute::ScaledBasis<cute::C<1>, 1>, cute::ScaledBasis<cute::C<1>, 0>, cute::ScaledBasis<cute::C<1>, 2>, cute::ScaledBasis<cute::C<1>, 3> > > const&, cute::Swizzle<3, 4, 3> const&> >, cutlass::bfloat16_t>, cute::Layout<cute::tuple<cute::C<1>, cute::tuple<cute::tuple<cute::tuple<cute::C<64>, cute::C<64> >, cute::C<9> > > >, cute::tuple<cute::C<0>, cute::tuple<cute::tuple<cute::tuple<cute::C<64>, cute::C<1> >, cute::C<4096> > > > >, cute::tuple<cute::C<64>, cute::C<576> > >, cute::tuple<cute::C<64>, cute::C<576>, int, int>, cute::TiledCopy<cute::Copy_Atom<cute::Copy_Traits<cute::SM90_TMA_LOAD, cute::C<65536>, cute::AuxTmaParams<cute::tuple<cute::ScaledBasis<cute::C<1>, 1>, cute::ScaledBasis<cute::C<1>, 0>, cute::ScaledBasis<cute::C<1>, 2>, cute::ScaledBasis<cute::C<1>, 3> >, cute::Layout<cute::tuple<cute::C<64>, cute::C<64>, cute::C<1>, cute::C<1> >, cute::tuple<cute::ScaledBasis<cute::C<1>, 1>, cute::ScaledBasis<cute::C<1>, 0>, cute::ScaledBasis<cute::C<1>, 2>, cute::ScaledBasis<cute::C<1>, 3> > > const&, cute::Swizzle<3, 4, 3> const&> >, cutlass::bfloat16_t>, cute::Layout<cute::tuple<cute::C<1>, cute::tuple<cute::tuple<cute::tuple<cute::C<64>, cute::C<64> >, cute::C<1> > > >, cute::tuple<cute::C<0>, cute::tuple<cute::tuple<cute::tuple<cute::C<64>, cute::C<1> >, cute::C<0> > > > >, cute::tuple<cute::C<64>, cute::C<64> > >, cute::tuple<int, int, int, int>, cute::TiledCopy<cute::Copy_Atom<cute::Copy_Traits<cute::SM90_TMA_STORE, cute::C<65536>, cute::AuxTmaParams<cute::tuple<cute::ScaledBasis<cute::C<1>, 1>, cute::ScaledBasis<cute::C<1>, 0>, cute::ScaledBasis<cute::C<1>, 2>, cute::ScaledBasis<cute::C<1>, 3> >, cute::Layout<cute::tuple<cute::C<64>, cute::C<64>, cute::C<1>, cute::C<1> >, cute::tuple<cute::ScaledBasis<cute::C<1>, 1>, cute::ScaledBasis<cute::C<1>, 0>, cute::ScaledBasis<cute::C<1>, 2>, cute::ScaledBasis<cute::C<1>, 3> > > const&, cute::Swizzle<3, 4, 3> const&> >, cutlass::bfloat16_t>, cute::Layout<cute::tuple<cute::C<1>, cute::tuple<cute::tuple<cute::tuple<cute::C<64>, cute::C<64> >, cute::C<8> > > >, cute::tuple<cute::C<0>, cute::tuple<cute::tuple<cute::tuple<cute::C<64>, cute::C<1> >, cute::C<4096> > > > >, cute::tuple<cute::C<64>, cute::C<512> > > >)",ok
8,32768,2048,flashmla_sparse_bf16,steady,prefillq2048_b8_h32768_sparse_steady,8.561535835266113,545.8044570460826,"selected/attended pairs, FlashMLA sparse benchmark convention",4672924418048,564.3022444519335,8280.889299999999,33554432,sparse prefill kernel only,prefill,10,"void sm90::fwd::sparse_attn_fwd_kernel<sm90::fwd::KernelTemplate<576, true>, sm90::fwd::KernelTemplate<576, true>::TmaParams<cute::tuple<int, int, int>, cute::TiledCopy<cute::Copy_Atom<cute::Copy_Traits<cute::SM90_TMA_LOAD, cute::C<65536>, cute::AuxTmaParams<cute::tuple<cute::ScaledBasis<cute::C<1>, 1>, cute::ScaledBasis<cute::C<1>, 0>, cute::ScaledBasis<cute::C<1>, 2> >, cute::Layout<cute::tuple<cute::C<64>, cute::C<64>, cute::C<1> >, cute::tuple<cute::ScaledBasis<cute::C<1>, 1>, cute::ScaledBasis<cute::C<1>, 0>, cute::ScaledBasis<cute::C<1>, 2> > > const&, cute::Swizzle<3, 4, 3> const&> >, cutlass::bfloat16_t>, cute::Layout<cute::tuple<cute::C<1>, cute::tuple<cute::tuple<cute::tuple<cute::C<64>, cute::C<64> >, cute::C<9> > > >, cute::tuple<cute::C<0>, cute::tuple<cute::tuple<cute::tuple<cute::C<64>, cute::C<1> >, cute::C<4096> > > > >, cute::tuple<cute::C<64>, cute::C<576> > > > >(SparseAttnFwdParams, sm90::fwd::KernelTemplate<576, true>::TmaParams<cute::tuple<int, int, int>, cute::TiledCopy<cute::Copy_Atom<cute::Copy_Traits<cute::SM90_TMA_LOAD, cute::C<65536>, cute::AuxTmaParams<cute::tuple<cute::ScaledBasis<cute::C<1>, 1>, cute::ScaledBasis<cute::C<1>, 0>, cute::ScaledBasis<cute::C<1>, 2> >, cute::Layout<cute::tuple<cute::C<64>, cute::C<64>, cute::C<1> >, cute::tuple<cute::ScaledBasis<cute::C<1>, 1>, cute::ScaledBasis<cute::C<1>, 0>, cute::ScaledBasis<cute::C<1>, 2> > > const&, cute::Swizzle<3, 4, 3> const&> >, cutlass::bfloat16_t>, cute::Layout<cute::tuple<cute::C<1>, cute::tuple<cute::tuple<cute::tuple<cute::C<64>, cute::C<64> >, cute::C<9> > > >, cute::tuple<cute::C<0>, cute::tuple<cute::tuple<cute::tuple<cute::C<64>, cute::C<1> >, cute::C<4096> > > > >, cute::tuple<cute::C<64>, cute::C<576> > > >)",ok
2,16384,4096,flashmla_sparse_bf16,steady,prefillq4096_b2_h16384_sparse_steady,4.105823993682861,569.0604888613915,"selected/attended pairs, FlashMLA sparse benchmark convention",2336462209024,618.0923842099008,3780.1180999999997,16777216,sparse prefill kernel only,prefill,10,"void sm90::fwd::sparse_attn_fwd_kernel<sm90::fwd::KernelTemplate<576, true>, sm90::fwd::KernelTemplate<576, true>::TmaParams<cute::tuple<int, int, int>, cute::TiledCopy<cute::Copy_Atom<cute::Copy_Traits<cute::SM90_TMA_LOAD, cute::C<65536>, cute::AuxTmaParams<cute::tuple<cute::ScaledBasis<cute::C<1>, 1>, cute::ScaledBasis<cute::C<1>, 0>, cute::ScaledBasis<cute::C<1>, 2> >, cute::Layout<cute::tuple<cute::C<64>, cute::C<64>, cute::C<1> >, cute::tuple<cute::ScaledBasis<cute::C<1>, 1>, cute::ScaledBasis<cute::C<1>, 0>, cute::ScaledBasis<cute::C<1>, 2> > > const&, cute::Swizzle<3, 4, 3> const&> >, cutlass::bfloat16_t>, cute::Layout<cute::tuple<cute::C<1>, cute::tuple<cute::tuple<cute::tuple<cute::C<64>, cute::C<64> >, cute::C<9> > > >, cute::tuple<cute::C<0>, cute::tuple<cute::tuple<cute::tuple<cute::C<64>, cute::C<1> >, cute::C<4096> > > > >, cute::tuple<cute::C<64>, cute::C<576> > > > >(SparseAttnFwdParams, sm90::fwd::KernelTemplate<576, true>::TmaParams<cute::tuple<int, int, int>, cute::TiledCopy<cute::Copy_Atom<cute::Copy_Traits<cute::SM90_TMA_LOAD, cute::C<65536>, cute::AuxTmaParams<cute::tuple<cute::ScaledBasis<cute::C<1>, 1>, cute::ScaledBasis<cute::C<1>, 0>, cute::ScaledBasis<cute::C<1>, 2> >, cute::Layout<cute::tuple<cute::C<64>, cute::C<64>, cute::C<1> >, cute::tuple<cute::ScaledBasis<cute::C<1>, 1>, cute::ScaledBasis<cute::C<1>, 0>, cute::ScaledBasis<cute::C<1>, 2> > > const&, cute::Swizzle<3, 4, 3> const&> >, cutlass::bfloat16_t>, cute::Layout<cute::tuple<cute::C<1>, cute::tuple<cute::tuple<cute::tuple<cute::C<64>, cute::C<64> >, cute::C<9> > > >, cute::tuple<cute::C<0>, cute::tuple<cute::tuple<cute::tuple<cute::C<64>, cute::C<1> >, cute::C<4096> > > > >, cute::tuple<cute::C<64>, cute::C<576> > > >)",ok
2,4096,4096,flashmla_sparse_bf16,steady,prefillq4096_b2_h4096_sparse_steady,4.041408061981201,578.1307339399443,"selected/attended pairs, FlashMLA sparse benchmark convention",2336462209024,649.484656659873,3597.4094000000005,16777216,sparse prefill kernel only,prefill,10,"void sm90::fwd::sparse_attn_fwd_kernel<sm90::fwd::KernelTemplate<576, true>, sm90::fwd::KernelTemplate<576, true>::TmaParams<cute::tuple<int, int, int>, cute::TiledCopy<cute::Copy_Atom<cute::Copy_Traits<cute::SM90_TMA_LOAD, cute::C<65536>, cute::AuxTmaParams<cute::tuple<cute::ScaledBasis<cute::C<1>, 1>, cute::ScaledBasis<cute::C<1>, 0>, cute::ScaledBasis<cute::C<1>, 2> >, cute::Layout<cute::tuple<cute::C<64>, cute::C<64>, cute::C<1> >, cute::tuple<cute::ScaledBasis<cute::C<1>, 1>, cute::ScaledBasis<cute::C<1>, 0>, cute::ScaledBasis<cute::C<1>, 2> > > const&, cute::Swizzle<3, 4, 3> const&> >, cutlass::bfloat16_t>, cute::Layout<cute::tuple<cute::C<1>, cute::tuple<cute::tuple<cute::tuple<cute::C<64>, cute::C<64> >, cute::C<9> > > >, cute::tuple<cute::C<0>, cute::tuple<cute::tuple<cute::tuple<cute::C<64>, cute::C<1> >, cute::C<4096> > > > >, cute::tuple<cute::C<64>, cute::C<576> > > > >(SparseAttnFwdParams, sm90::fwd::KernelTemplate<576, true>::TmaParams<cute::tuple<int, int, int>, cute::TiledCopy<cute::Copy_Atom<cute::Copy_Traits<cute::SM90_TMA_LOAD, cute::C<65536>, cute::AuxTmaParams<cute::tuple<cute::ScaledBasis<cute::C<1>, 1>, cute::ScaledBasis<cute::C<1>, 0>, cute::ScaledBasis<cute::C<1>, 2> >, cute::Layout<cute::tuple<cute::C<64>, cute::C<64>, cute::C<1> >, cute::tuple<cute::ScaledBasis<cute::C<1>, 1>, cute::ScaledBasis<cute::C<1>, 0>, cute::ScaledBasis<cute::C<1>, 2> > > const&, cute::Swizzle<3, 4, 3> const&> >, cutlass::bfloat16_t>, cute::Layout<cute::tuple<cute::C<1>, cute::tuple<cute::tuple<cute::tuple<cute::C<64>, cute::C<64> >, cute::C<9> > > >, cute::tuple<cute::C<0>, cute::tuple<cute::tuple<cute::tuple<cute::C<64>, cute::C<1> >, cute::C<4096> > > > >, cute::tuple<cute::C<64>, cute::C<576> > > >)",ok
4,2048,4096,flashmla_dense_bf16_multiquery,steady,prefillq4096_b4_h2048_dense_flashmla_multiquery_steady,14.898336410522461,627.3847917799982,"rectangular B*Q*(H+Q), FlashMLA dense benchmark convention",14018773254144,913.6499413152743,15343.702899999998,100663296,dense split-kv kernel only,prefill,10,"void sm90::flash_fwd_splitkv_mla_kernel<Traits<cutlass::bfloat16_t>, TmaParams<cute::tuple<int, int, int, int>, cute::TiledCopy<cute::Copy_Atom<cute::Copy_Traits<cute::SM90_TMA_LOAD, cute::C<65536>, cute::AuxTmaParams<cute::tuple<cute::ScaledBasis<cute::C<1>, 1>, cute::ScaledBasis<cute::C<1>, 0>, cute::ScaledBasis<cute::C<1>, 2>, cute::ScaledBasis<cute::C<1>, 3> >, cute::Layout<cute::tuple<cute::C<64>, cute::C<64>, cute::C<1>, cute::C<1> >, cute::tuple<cute::ScaledBasis<cute::C<1>, 1>, cute::ScaledBasis<cute::C<1>, 0>, cute::ScaledBasis<cute::C<1>, 2>, cute::ScaledBasis<cute::C<1>, 3> > > const&, cute::Swizzle<3, 4, 3> const&> >, cutlass::bfloat16_t>, cute::Layout<cute::tuple<cute::C<1>, cute::tuple<cute::tuple<cute::tuple<cute::C<64>, cute::C<64> >, cute::C<9> > > >, cute::tuple<cute::C<0>, cute::tuple<cute::tuple<cute::tuple<cute::C<64>, cute::C<1> >, cute::C<4096> > > > >, cute::tuple<cute::C<64>, cute::C<576> > >, cute::tuple<cute::C<64>, cute::C<576>, int, int>, cute::TiledCopy<cute::Copy_Atom<cute::Copy_Traits<cute::SM90_TMA_LOAD, cute::C<65536>, cute::AuxTmaParams<cute::tuple<cute::ScaledBasis<cute::C<1>, 1>, cute::ScaledBasis<cute::C<1>, 0>, cute::ScaledBasis<cute::C<1>, 2>, cute::ScaledBasis<cute::C<1>, 3> >, cute::Layout<cute::tuple<cute::C<64>, cute::C<64>, cute::C<1>, cute::C<1> >, cute::tuple<cute::ScaledBasis<cute::C<1>, 1>, cute::ScaledBasis<cute::C<1>, 0>, cute::ScaledBasis<cute::C<1>, 2>, cute::ScaledBasis<cute::C<1>, 3> > > const&, cute::Swizzle<3, 4, 3> const&> >, cutlass::bfloat16_t>, cute::Layout<cute::tuple<cute::C<1>, cute::tuple<cute::tuple<cute::tuple<cute::C<64>, cute::C<64> >, cute::C<1> > > >, cute::tuple<cute::C<0>, cute::tuple<cute::tuple<cute::tuple<cute::C<64>, cute::C<1> >, cute::C<0> > > > >, cute::tuple<cute::C<64>, cute::C<64> > >, cute::tuple<int, int, int, int>, cute::TiledCopy<cute::Copy_Atom<cute::Copy_Traits<cute::SM90_TMA_STORE, cute::C<65536>, cute::AuxTmaParams<cute::tuple<cute::ScaledBasis<cute::C<1>, 1>, cute::ScaledBasis<cute::C<1>, 0>, cute::ScaledBasis<cute::C<1>, 2>, cute::ScaledBasis<cute::C<1>, 3> >, cute::Layout<cute::tuple<cute::C<64>, cute::C<64>, cute::C<1>, cute::C<1> >, cute::tuple<cute::ScaledBasis<cute::C<1>, 1>, cute::ScaledBasis<cute::C<1>, 0>, cute::ScaledBasis<cute::C<1>, 2>, cute::ScaledBasis<cute::C<1>, 3> > > const&, cute::Swizzle<3, 4, 3> const&> >, cutlass::bfloat16_t>, cute::Layout<cute::tuple<cute::C<1>, cute::tuple<cute::tuple<cute::tuple<cute::C<64>, cute::C<64> >, cute::C<8> > > >, cute::tuple<cute::C<0>, cute::tuple<cute::tuple<cute::tuple<cute::C<64>, cute::C<1> >, cute::C<4096> > > > >, cute::tuple<cute::C<64>, cute::C<512> > > > >(DenseAttnDecodeParams, TmaParams<cute::tuple<int, int, int, int>, cute::TiledCopy<cute::Copy_Atom<cute::Copy_Traits<cute::SM90_TMA_LOAD, cute::C<65536>, cute::AuxTmaParams<cute::tuple<cute::ScaledBasis<cute::C<1>, 1>, cute::ScaledBasis<cute::C<1>, 0>, cute::ScaledBasis<cute::C<1>, 2>, cute::ScaledBasis<cute::C<1>, 3> >, cute::Layout<cute::tuple<cute::C<64>, cute::C<64>, cute::C<1>, cute::C<1> >, cute::tuple<cute::ScaledBasis<cute::C<1>, 1>, cute::ScaledBasis<cute::C<1>, 0>, cute::ScaledBasis<cute::C<1>, 2>, cute::ScaledBasis<cute::C<1>, 3> > > const&, cute::Swizzle<3, 4, 3> const&> >, cutlass::bfloat16_t>, cute::Layout<cute::tuple<cute::C<1>, cute::tuple<cute::tuple<cute::tuple<cute::C<64>, cute::C<64> >, cute::C<9> > > >, cute::tuple<cute::C<0>, cute::tuple<cute::tuple<cute::tuple<cute::C<64>, cute::C<1> >, cute::C<4096> > > > >, cute::tuple<cute::C<64>, cute::C<576> > >, cute::tuple<cute::C<64>, cute::C<576>, int, int>, cute::TiledCopy<cute::Copy_Atom<cute::Copy_Traits<cute::SM90_TMA_LOAD, cute::C<65536>, cute::AuxTmaParams<cute::tuple<cute::ScaledBasis<cute::C<1>, 1>, cute::ScaledBasis<cute::C<1>, 0>, cute::ScaledBasis<cute::C<1>, 2>, cute::ScaledBasis<cute::C<1>, 3> >, cute::Layout<cute::tuple<cute::C<64>, cute::C<64>, cute::C<1>, cute::C<1> >, cute::tuple<cute::ScaledBasis<cute::C<1>, 1>, cute::ScaledBasis<cute::C<1>, 0>, cute::ScaledBasis<cute::C<1>, 2>, cute::ScaledBasis<cute::C<1>, 3> > > const&, cute::Swizzle<3, 4, 3> const&> >, cutlass::bfloat16_t>, cute::Layout<cute::tuple<cute::C<1>, cute::tuple<cute::tuple<cute::tuple<cute::C<64>, cute::C<64> >, cute::C<1> > > >, cute::tuple<cute::C<0>, cute::tuple<cute::tuple<cute::tuple<cute::C<64>, cute::C<1> >, cute::C<0> > > > >, cute::tuple<cute::C<64>, cute::C<64> > >, cute::tuple<int, int, int, int>, cute::TiledCopy<cute::Copy_Atom<cute::Copy_Traits<cute::SM90_TMA_STORE, cute::C<65536>, cute::AuxTmaParams<cute::tuple<cute::ScaledBasis<cute::C<1>, 1>, cute::ScaledBasis<cute::C<1>, 0>, cute::ScaledBasis<cute::C<1>, 2>, cute::ScaledBasis<cute::C<1>, 3> >, cute::Layout<cute::tuple<cute::C<64>, cute::C<64>, cute::C<1>, cute::C<1> >, cute::tuple<cute::ScaledBasis<cute::C<1>, 1>, cute::ScaledBasis<cute::C<1>, 0>, cute::ScaledBasis<cute::C<1>, 2>, cute::ScaledBasis<cute::C<1>, 3> > > const&, cute::Swizzle<3, 4, 3> const&> >, cutlass::bfloat16_t>, cute::Layout<cute::tuple<cute::C<1>, cute::tuple<cute::tuple<cute::tuple<cute::C<64>, cute::C<64> >, cute::C<8> > > >, cute::tuple<cute::C<0>, cute::tuple<cute::tuple<cute::tuple<cute::C<64>, cute::C<1> >, cute::C<4096> > > > >, cute::tuple<cute::C<64>, cute::C<512> > > >)",ok
2,262144,8192,flashmla_dense_bf16_multiquery,steady,prefillq8192_b2_h262144_dense_flashmla_multiquery_steady,987.909912109375,614.9157000559294,"rectangular B*Q*(H+Q), FlashMLA dense benchmark convention",616826023182336,623.664562676321,989034.9077,4429185024,dense split-kv kernel only,prefill,10,"void sm90::flash_fwd_splitkv_mla_kernel<Traits<cutlass::bfloat16_t>, TmaParams<cute::tuple<int, int, int, int>, cute::TiledCopy<cute::Copy_Atom<cute::Copy_Traits<cute::SM90_TMA_LOAD, cute::C<65536>, cute::AuxTmaParams<cute::tuple<cute::ScaledBasis<cute::C<1>, 1>, cute::ScaledBasis<cute::C<1>, 0>, cute::ScaledBasis<cute::C<1>, 2>, cute::ScaledBasis<cute::C<1>, 3> >, cute::Layout<cute::tuple<cute::C<64>, cute::C<64>, cute::C<1>, cute::C<1> >, cute::tuple<cute::ScaledBasis<cute::C<1>, 1>, cute::ScaledBasis<cute::C<1>, 0>, cute::ScaledBasis<cute::C<1>, 2>, cute::ScaledBasis<cute::C<1>, 3> > > const&, cute::Swizzle<3, 4, 3> const&> >, cutlass::bfloat16_t>, cute::Layout<cute::tuple<cute::C<1>, cute::tuple<cute::tuple<cute::tuple<cute::C<64>, cute::C<64> >, cute::C<9> > > >, cute::tuple<cute::C<0>, cute::tuple<cute::tuple<cute::tuple<cute::C<64>, cute::C<1> >, cute::C<4096> > > > >, cute::tuple<cute::C<64>, cute::C<576> > >, cute::tuple<cute::C<64>, cute::C<576>, int, int>, cute::TiledCopy<cute::Copy_Atom<cute::Copy_Traits<cute::SM90_TMA_LOAD, cute::C<65536>, cute::AuxTmaParams<cute::tuple<cute::ScaledBasis<cute::C<1>, 1>, cute::ScaledBasis<cute::C<1>, 0>, cute::ScaledBasis<cute::C<1>, 2>, cute::ScaledBasis<cute::C<1>, 3> >, cute::Layout<cute::tuple<cute::C<64>, cute::C<64>, cute::C<1>, cute::C<1> >, cute::tuple<cute::ScaledBasis<cute::C<1>, 1>, cute::ScaledBasis<cute::C<1>, 0>, cute::ScaledBasis<cute::C<1>, 2>, cute::ScaledBasis<cute::C<1>, 3> > > const&, cute::Swizzle<3, 4, 3> const&> >, cutlass::bfloat16_t>, cute::Layout<cute::tuple<cute::C<1>, cute::tuple<cute::tuple<cute::tuple<cute::C<64>, cute::C<64> >, cute::C<1> > > >, cute::tuple<cute::C<0>, cute::tuple<cute::tuple<cute::tuple<cute::C<64>, cute::C<1> >, cute::C<0> > > > >, cute::tuple<cute::C<64>, cute::C<64> > >, cute::tuple<int, int, int, int>, cute::TiledCopy<cute::Copy_Atom<cute::Copy_Traits<cute::SM90_TMA_STORE, cute::C<65536>, cute::AuxTmaParams<cute::tuple<cute::ScaledBasis<cute::C<1>, 1>, cute::ScaledBasis<cute::C<1>, 0>, cute::ScaledBasis<cute::C<1>, 2>, cute::ScaledBasis<cute::C<1>, 3> >, cute::Layout<cute::tuple<cute::C<64>, cute::C<64>, cute::C<1>, cute::C<1> >, cute::tuple<cute::ScaledBasis<cute::C<1>, 1>, cute::ScaledBasis<cute::C<1>, 0>, cute::ScaledBasis<cute::C<1>, 2>, cute::ScaledBasis<cute::C<1>, 3> > > const&, cute::Swizzle<3, 4, 3> const&> >, cutlass::bfloat16_t>, cute::Layout<cute::tuple<cute::C<1>, cute::tuple<cute::tuple<cute::tuple<cute::C<64>, cute::C<64> >, cute::C<8> > > >, cute::tuple<cute::C<0>, cute::tuple<cute::tuple<cute::tuple<cute::C<64>, cute::C<1> >, cute::C<4096> > > > >, cute::tuple<cute::C<64>, cute::C<512> > > > >(DenseAttnDecodeParams, TmaParams<cute::tuple<int, int, int, int>, cute::TiledCopy<cute::Copy_Atom<cute::Copy_Traits<cute::SM90_TMA_LOAD, cute::C<65536>, cute::AuxTmaParams<cute::tuple<cute::ScaledBasis<cute::C<1>, 1>, cute::ScaledBasis<cute::C<1>, 0>, cute::ScaledBasis<cute::C<1>, 2>, cute::ScaledBasis<cute::C<1>, 3> >, cute::Layout<cute::tuple<cute::C<64>, cute::C<64>, cute::C<1>, cute::C<1> >, cute::tuple<cute::ScaledBasis<cute::C<1>, 1>, cute::ScaledBasis<cute::C<1>, 0>, cute::ScaledBasis<cute::C<1>, 2>, cute::ScaledBasis<cute::C<1>, 3> > > const&, cute::Swizzle<3, 4, 3> const&> >, cutlass::bfloat16_t>, cute::Layout<cute::tuple<cute::C<1>, cute::tuple<cute::tuple<cute::tuple<cute::C<64>, cute::C<64> >, cute::C<9> > > >, cute::tuple<cute::C<0>, cute::tuple<cute::tuple<cute::tuple<cute::C<64>, cute::C<1> >, cute::C<4096> > > > >, cute::tuple<cute::C<64>, cute::C<576> > >, cute::tuple<cute::C<64>, cute::C<576>, int, int>, cute::TiledCopy<cute::Copy_Atom<cute::Copy_Traits<cute::SM90_TMA_LOAD, cute::C<65536>, cute::AuxTmaParams<cute::tuple<cute::ScaledBasis<cute::C<1>, 1>, cute::ScaledBasis<cute::C<1>, 0>, cute::ScaledBasis<cute::C<1>, 2>, cute::ScaledBasis<cute::C<1>, 3> >, cute::Layout<cute::tuple<cute::C<64>, cute::C<64>, cute::C<1>, cute::C<1> >, cute::tuple<cute::ScaledBasis<cute::C<1>, 1>, cute::ScaledBasis<cute::C<1>, 0>, cute::ScaledBasis<cute::C<1>, 2>, cute::ScaledBasis<cute::C<1>, 3> > > const&, cute::Swizzle<3, 4, 3> const&> >, cutlass::bfloat16_t>, cute::Layout<cute::tuple<cute::C<1>, cute::tuple<cute::tuple<cute::tuple<cute::C<64>, cute::C<64> >, cute::C<1> > > >, cute::tuple<cute::C<0>, cute::tuple<cute::tuple<cute::tuple<cute::C<64>, cute::C<1> >, cute::C<0> > > > >, cute::tuple<cute::C<64>, cute::C<64> > >, cute::tuple<int, int, int, int>, cute::TiledCopy<cute::Copy_Atom<cute::Copy_Traits<cute::SM90_TMA_STORE, cute::C<65536>, cute::AuxTmaParams<cute::tuple<cute::ScaledBasis<cute::C<1>, 1>, cute::ScaledBasis<cute::C<1>, 0>, cute::ScaledBasis<cute::C<1>, 2>, cute::ScaledBasis<cute::C<1>, 3> >, cute::Layout<cute::tuple<cute::C<64>, cute::C<64>, cute::C<1>, cute::C<1> >, cute::tuple<cute::ScaledBasis<cute::C<1>, 1>, cute::ScaledBasis<cute::C<1>, 0>, cute::ScaledBasis<cute::C<1>, 2>, cute::ScaledBasis<cute::C<1>, 3> > > const&, cute::Swizzle<3, 4, 3> const&> >, cutlass::bfloat16_t>, cute::Layout<cute::tuple<cute::C<1>, cute::tuple<cute::tuple<cute::tuple<cute::C<64>, cute::C<64> >, cute::C<8> > > >, cute::tuple<cute::C<0>, cute::tuple<cute::tuple<cute::tuple<cute::C<64>, cute::C<1> >, cute::C<4096> > > > >, cute::tuple<cute::C<64>, cute::C<512> > > >)",ok
4,2048,8192,flashmla_sparse_bf16,steady,prefillq8192_b4_h2048_sparse_steady,15.762687683105469,592.9095991740628,"selected/attended pairs, FlashMLA sparse benchmark convention",9345848836096,578.1803073561205,16164.246199999998,67108864,sparse prefill kernel only,prefill,10,"void sm90::fwd::sparse_attn_fwd_kernel<sm90::fwd::KernelTemplate<576, true>, sm90::fwd::KernelTemplate<576, true>::TmaParams<cute::tuple<int, int, int>, cute::TiledCopy<cute::Copy_Atom<cute::Copy_Traits<cute::SM90_TMA_LOAD, cute::C<65536>, cute::AuxTmaParams<cute::tuple<cute::ScaledBasis<cute::C<1>, 1>, cute::ScaledBasis<cute::C<1>, 0>, cute::ScaledBasis<cute::C<1>, 2> >, cute::Layout<cute::tuple<cute::C<64>, cute::C<64>, cute::C<1> >, cute::tuple<cute::ScaledBasis<cute::C<1>, 1>, cute::ScaledBasis<cute::C<1>, 0>, cute::ScaledBasis<cute::C<1>, 2> > > const&, cute::Swizzle<3, 4, 3> const&> >, cutlass::bfloat16_t>, cute::Layout<cute::tuple<cute::C<1>, cute::tuple<cute::tuple<cute::tuple<cute::C<64>, cute::C<64> >, cute::C<9> > > >, cute::tuple<cute::C<0>, cute::tuple<cute::tuple<cute::tuple<cute::C<64>, cute::C<1> >, cute::C<4096> > > > >, cute::tuple<cute::C<64>, cute::C<576> > > > >(SparseAttnFwdParams, sm90::fwd::KernelTemplate<576, true>::TmaParams<cute::tuple<int, int, int>, cute::TiledCopy<cute::Copy_Atom<cute::Copy_Traits<cute::SM90_TMA_LOAD, cute::C<65536>, cute::AuxTmaParams<cute::tuple<cute::ScaledBasis<cute::C<1>, 1>, cute::ScaledBasis<cute::C<1>, 0>, cute::ScaledBasis<cute::C<1>, 2> >, cute::Layout<cute::tuple<cute::C<64>, cute::C<64>, cute::C<1> >, cute::tuple<cute::ScaledBasis<cute::C<1>, 1>, cute::ScaledBasis<cute::C<1>, 0>, cute::ScaledBasis<cute::C<1>, 2> > > const&, cute::Swizzle<3, 4, 3> const&> >, cutlass::bfloat16_t>, cute::Layout<cute::tuple<cute::C<1>, cute::tuple<cute::tuple<cute::tuple<cute::C<64>, cute::C<64> >, cute::C<9> > > >, cute::tuple<cute::C<0>, cute::tuple<cute::tuple<cute::tuple<cute::C<64>, cute::C<1> >, cute::C<4096> > > > >, cute::tuple<cute::C<64>, cute::C<576> > > >)",ok
