B,H,independent_known_touched_vs_l2,independent_latency_us,independent_over_shared,independent_selected_kv_vs_l2,independent_tflops,independent_unique_kv,shared_known_touched_vs_l2,shared_latency_us,shared_over_independent_tflops,shared_selected_kv_vs_l2,shared_tflops,shared_unique_kv
1,4096,0.0284375,33.77600014209747,1.0,0.025625,8.444242503638883,2048,0.0284375,33.77600014209747,1.0,0.025625,8.444242503638883,2048
1,8192,0.0284375,33.76000002026558,0.9971644397193664,0.025625,8.448273010904614,2048,0.0284375,33.85600075125694,0.9971688736843078,0.025625,8.42435488286129,2048
1,16384,0.0284375,33.952001482248306,0.9985882793273068,0.025625,8.400474579184486,2048,0.0284375,33.99999998509884,0.9985876133407512,0.025625,8.388609860957487,2048
1,32768,0.0284375,34.0960007160902,0.9971923587531303,0.025625,8.365079290444017,2048,0.0284375,34.19199958443642,0.9971992864732275,0.025625,8.341651099722746,2048
1,65536,0.0284375,34.28800031542778,1.0004668569602448,0.025625,8.318237067933518,2048,0.0284375,34.272000193595886,1.0004596710179654,0.025625,8.322060720434212,2048
1,131072,0.0284375,34.17599946260452,0.998597464769262,0.025625,8.34541568757341,2048,0.0284375,34.223999828100204,0.9985968075329638,0.025625,8.333705463146321,2048
1,262144,0.0284375,34.303998574614525,1.0004666391318795,0.025625,8.314855074445664,2048,0.0284375,34.28799845278263,1.0004451365432845,0.025625,8.318556320291414,2048
1,524288,0.0284375,34.47999991476536,1.0009289434501079,0.025625,8.272230038852811,2048,0.0284375,34.44799967110157,1.0009169409261909,0.025625,8.279815185126301,2048
8,4096,0.2275,37.647999823093414,1.0284091042074879,0.205,60.606276449998546,16384,0.048125,36.607999354600906,1.0284082182726964,0.025625,62.32799278008548,2048
8,8192,0.2275,38.52800093591213,1.041072263165275,0.205,59.238244769936315,16384,0.048125,37.007998675107956,1.0409968932525904,0.025625,61.66682876724022,2048
8,16384,0.2275,38.047999143600464,1.0321180479676608,0.205,59.9691937381484,16384,0.048125,36.86399944126606,1.0321345708418388,0.025625,61.89627804265488,2048
8,32768,0.2275,38.07999938726425,1.0325379565721855,0.205,59.91930655239632,16384,0.048125,36.879999563097954,1.0325358126343582,0.025625,61.868829883565766,2048
8,65536,0.2275,37.887999787926674,1.0322580563310093,0.205,60.22231356199751,16384,0.048125,36.70400008559227,1.0322581046902397,0.025625,62.164971257568865,2048
8,131072,0.2275,37.728000432252884,1.0261096563417726,0.205,60.478056704536655,16384,0.048125,36.768000572919846,1.0261061215475722,0.025625,62.05690420382625,2048
8,262144,0.2275,38.016000762581825,1.0276816699596458,0.205,60.020180901558035,16384,0.048125,36.99200041592121,1.0276823238981807,0.025625,61.68167898970236,2048
8,524288,0.2275,38.2240004837513,1.0333045517586972,0.205,59.692908824681744,16384,0.048125,36.99199855327606,1.0333051439563443,0.025625,61.6809897462607,2048
16,4096,0.455,45.7760002464056,1.0422586778187881,0.41,99.69045012938935,32768,0.070625,43.91999915242195,1.042252576954296,0.025625,103.90262854508978,2048
16,8192,0.455,47.08799906075001,1.0351740931152233,0.41,96.91545861924448,32768,0.070625,45.48799991607666,1.0351499262732409,0.025625,100.32202984444825,2048
16,16384,0.455,46.25600017607212,1.045947914925333,0.41,98.65566378938176,32768,0.070625,44.22399960458279,1.0459469768536445,0.025625,103.1885932899934,2048
16,32768,0.455,46.38399928808212,1.0507429862829083,0.41,98.38369759281656,32768,0.070625,44.144000858068466,1.0507369979567436,0.025625,103.37539105656018,2048
16,65536,0.455,46.28799855709076,1.0440273836057905,0.41,98.58727535301867,32768,0.070625,44.336000457406044,1.0440427132568197,0.025625,102.9293264521628,2048
16,131072,0.455,46.04800045490265,1.0367435011965909,0.41,99.10104479517139,32768,0.070625,44.416001066565514,1.036756453990804,0.025625,102.74364778862572,2048
16,262144,0.455,46.36800102889538,1.0409482947873452,0.41,98.42006894032664,32768,0.070625,44.544000178575516,1.0409187134443239,0.025625,102.44729153846646,2048
16,524288,0.455,46.191999688744545,1.041486314605781,0.41,98.79216552809234,32768,0.070625,44.35199871659279,1.041485732231976,0.025625,102.89063085380782,2048
32,4096,0.91,61.23200058937073,1.057766744170699,0.82,149.05288148885256,65536,0.115625,57.88799934089184,1.057778308335756,0.025625,157.66490483384837,2048
32,8192,0.91,61.85599975287914,1.0606309831725727,0.82,147.5493939232197,65536,0.115625,58.320000767707825,1.060631843587041,0.025625,156.49558569693505,2048
32,16384,0.91,61.69600039720535,1.0549931646210429,0.82,147.93192266240348,65536,0.115625,58.480000123381615,1.0549967503884836,0.025625,156.06769768755615,2048
32,32768,0.91,61.504000797867775,1.0551743110916478,0.82,148.39513413205592,65536,0.115625,58.28800052404404,1.0551641076398115,0.025625,156.5812192845409,2048
32,65536,0.91,61.85599975287914,1.0588879445002164,0.82,147.54959136600903,65536,0.115625,58.41600149869919,1.0588854734785664,0.025625,156.23811891516547,2048
32,131072,0.91,62.00000084936619,1.0613530751102669,0.82,147.20772460335024,65536,0.115625,58.41599963605404,1.0613465129785493,0.025625,156.2384051912724,2048
32,262144,0.91,62.111999839544296,1.0618162191766864,0.82,146.94144981097986,65536,0.115625,58.49599838256836,1.0618136826034277,0.025625,156.02444195088327,2048
32,524288,0.91,61.952000483870506,1.0590809666330954,0.82,147.3225198801084,65536,0.115625,58.49600024521351,1.0590683886544892,0.025625,156.02462374194533,2048
64,4096,1.82,87.64800056815147,1.0789836568664242,1.64,208.26068805308472,131072,0.205625,81.23200014233589,1.078984413711742,0.025625,224.71003639816158,2048
64,8192,1.82,88.40000256896019,1.0906040746558188,1.64,206.48913777019325,131072,0.205625,81.05599880218506,1.0906106531585225,0.025625,225.1992534136906,2048
64,16384,1.82,88.40000256896019,1.0884555081097629,1.64,206.48886718791192,131072,0.205625,81.216000020504,1.088466001984154,0.025625,224.75611172226346,2048
64,32768,1.82,88.57600018382072,1.0846395045816408,1.64,206.0786273798966,131072,0.205625,81.66399970650673,1.0846416029468962,0.025625,223.52145273442716,2048
64,65536,1.82,88.67199718952179,1.080101320128434,1.64,205.85565885734667,131072,0.205625,82.09599927067757,1.0801000951350486,0.025625,222.34471671590822,2048
64,131072,1.82,88.70399743318558,1.0802805690939912,1.64,205.78115458380722,131072,0.205625,82.11199939250946,1.080286475655842,0.025625,222.3025982417311,2048
64,262144,1.82,88.76800164580345,1.0743609860603247,1.64,205.63449085396644,131072,0.205625,82.62399956583977,1.074368165971198,0.025625,220.92715079919702,2048
64,524288,1.82,88.6559970676899,1.0811707152016878,1.64,205.892575869408,131072,0.205625,81.9999985396862,1.0811799418720167,0.025625,222.60692321036635,2048
128,4096,3.64,129.15199995040894,1.0894857497371346,3.28,282.66881037702103,262144,0.385625,118.54400113224983,1.0894853264982864,0.025625,307.963521164491,2048
128,32768,3.64,129.2480006814003,1.0993467560557197,3.28,282.4589751915157,262144,0.385625,117.5680011510849,1.0993815954146202,0.025625,310.5301987852272,2048
128,262144,3.64,130.35199791193008,1.0956158985755156,3.28,280.0664596674913,262144,0.385625,118.97600069642067,1.0956337152647635,0.025625,306.8502557265425,2048
256,4096,7.28,240.31999707221985,1.1585930132559732,6.56,303.8233149656155,524288,0.745625,207.42399990558624,1.158653287568068,0.025625,352.025882724739,2048
256,32768,7.28,241.34400486946106,1.1647876784080555,6.56,302.53319296431823,524288,0.745625,207.19999819993973,1.1647869919917486,0.025625,352.3867278105675,2048
256,262144,7.28,242.35200136899948,1.1495029294572447,6.56,301.27493877886604,524288,0.745625,210.83199977874756,1.149502633310179,0.025625,346.3163354766695,2048
