B,H,Q,random_tflops,random_latency_ms,sim_tflops,sim_latency_ms,sim_pass_spread,sim_overlap,sim_c4_consecutive,unique_kv,extrapolated,pass_count,sim_vs_random_tflops
1,2048,2,8.08792733669407,0.07052800059318542,8.361155592894534,0.06822400167584419,0.0065881755347927395,1.0,1.0,2048,False,2,1.0337822342889822
1,2048,8,31.57801998891257,0.07225599884986877,32.1766837554233,0.07091199979186058,0.004522769330339793,0.9983258928571429,0.99926614481409,2056,False,2,1.0189582426865562
1,2048,32,130.11527439652835,0.07014399766921997,131.58803313945816,0.06935999915003777,0.00787407603759549,0.9924395161290323,0.9982876712328768,2080,False,2,1.011318876663485
1,2048,128,266.42939878794846,0.13702400028705597,267.586307652304,0.1364319995045662,0.0035245177899907443,0.968996062992126,0.9972939090019569,2176,False,2,1.0043422717974015
1,2048,512,453.61855329494233,0.3219200074672699,456.871130035607,0.31963199377059937,0.006931869364838805,0.8829500978473581,0.992802868150685,2560,False,2,1.0071702903618889
1,2048,1024,520.2830382264947,0.5613440275192261,523.6692672692466,0.557744026184082,0.014738170906672732,0.8476906158357771,0.9695851424902152,3068,False,2,1.0065084363585917
1,2048,4096,491.2034383402955,2.3783040046691895,506.60154685043574,2.306015968322754,0.0007219214446041455,0.8212912087912088,0.8932809251161937,6140,False,2,1.0313477213477336
1,4096,2,8.110005559684245,0.0703359991312027,8.264159888847749,0.069023996591568,0.0,0.8125,0.8522504892367906,2432,False,2,1.019007919048764
1,4096,8,31.80337449283202,0.07174400240182877,32.23480949618871,0.07078400254249573,0.003623215914142941,0.8125,0.8735322896281801,3512,False,2,1.0135656989309083
1,4096,32,129.642124338843,0.07039999961853027,131.52785270211422,0.06939199939370155,0.008800437924371352,0.8125,0.8745719178082192,4068,False,2,1.0145456453516801
1,4096,128,262.0235792400149,0.1393280029296875,268.05703446063814,0.13619199395179749,0.0,0.8125,0.8796936154598826,4220,False,2,1.0230263827328936
1,4096,512,453.5284089099583,0.3219839930534363,456.68280210204375,0.3197600096464157,0.0005005276096119449,0.8125,0.8686781433463796,4596,False,2,1.0069552273465447
1,4096,1024,518.9222832397209,0.5628160238265991,524.395727441133,0.5569440126419067,0.004203177607418951,0.8125,0.8655248593444227,5112,False,2,1.0105477147121924
1,4096,4096,520.7283599220106,2.2434558868408203,516.4975281503492,2.261952042579651,0.014620966206686958,0.8124670902014652,0.8331511435909981,8180,False,2,0.9918751654465392
1,8192,2,7.832069950802604,0.07283200323581696,8.381083302252277,0.06806400045752525,0.013251292028244599,0.677734375,0.6614481409001957,2708,False,2,1.070098116449204
1,8192,8,31.57801998891257,0.07225599884986877,32.05358610336031,0.07118399813771248,0.0013495379835504195,0.677734375,0.6778375733855186,5240,False,2,1.0150600358925201
1,8192,32,128.938816345129,0.07078400254249573,131.31382979932278,0.06950400024652481,0.0036900650368592025,0.677734375,0.6876834637964775,7888,False,2,1.0184196933205638
1,8192,128,261.18375371908553,0.13977600634098053,268.37232405539976,0.13603200018405914,0.00047048222565493347,0.677734375,0.6900226272015656,8320,False,2,1.0275230378381262
1,8192,512,450.30615777334515,0.324288010597229,456.04456094037926,0.32020799815654755,0.0025014500079023616,0.677734375,0.6840944532778865,8700,False,2,1.0127433371007164
1,8192,1024,519.48349679628,0.5622079968452454,524.3637296812549,0.5569759905338287,0.001782633913102627,0.677734375,0.683301354574364,9208,False,2,1.0093943944611752
1,8192,4096,511.9509566206209,2.2819199562072754,510.8676665369859,2.287519931793213,0.03716107399792823,0.677734375,0.6749322521709883,12284,False,2,0.9978839963679611
1,16384,2,8.169473563244347,0.06982400268316269,8.398735207774001,0.06791999936103821,0.01089528290191466,0.6015625,0.5870841487279843,2864,False,2,1.0280632090617363
1,16384,8,31.634059494449016,0.07212799787521362,32.12585927221865,0.07102400064468384,0.0031587635936944913,0.6015625,0.5462328767123288,6484,False,2,1.0155465275601423
1,16384,32,129.642124338843,0.07039999961853027,129.47172666598274,0.07051200047135353,0.03368716715263487,0.6015625,0.5775440313111546,12744,False,2,0.9986856303556483
1,16384,128,263.41506550110677,0.13859200477600098,267.8691466243482,0.13628800213336945,0.003763848932073488,0.6015625,0.5701749021526419,16360,False,2,1.0169089839822496
1,16384,512,450.7064433153482,0.3240000009536743,455.56866582311136,0.3205439895391464,0.005003994844544168,0.6015625,0.5716426125244618,16892,False,2,1.0107880031001935
1,16384,1024,518.8928284376653,0.5628479719161987,525.4660613380634,0.5558080077171326,0.0025364271832151175,0.6015625,0.5703832100048923,17400,False,2,1.0126678044870834
1,16384,4096,494.47010464266907,2.3625919818878174,508.03873588870454,2.2996959686279297,0.019005683619984337,0.6015625,0.5661238877507339,20476,False,2,1.0274407514602746
1,32768,2,8.245047439546516,0.06918399780988693,8.386690817017778,0.06801600009202957,0.005188608739210121,0.5703125,0.45596868884540115,2928,False,2,1.017179207094902
1,32768,8,31.564041121787508,0.07228799909353256,32.0319783865384,0.07123199850320816,0.0008988832709555528,0.5703125,0.4936399217221135,7348,False,2,1.0148250112507897
1,32768,32,129.58322242528024,0.07043199986219406,131.40419659424967,0.06945599988102913,0.001383136405910701,0.5703125,0.4859344422700587,18520,False,2,1.0140525458071505
1,32768,128,253.07247595559213,0.14425599575042725,257.87810703415846,0.14156800508499146,0.0027161817714795866,0.5703125,0.49744679549902154,31112,False,2,1.0189891494933239
1,32768,512,448.80042251883543,0.3253760039806366,444.0467410412688,0.3288640081882477,0.0076186879086077575,0.5703125,0.5022894752935421,33276,False,2,0.9894080280698329
1,32768,1024,509.4220668748575,0.573311984539032,511.46585816303525,0.5710240006446838,0.0045494823951581775,0.5703125,0.5019168144569471,33784,False,2,1.0040119802832959
1,32768,4096,484.65630057305157,2.4104321002960205,501.0884839161447,2.3317919969558716,0.026714769200673727,0.5703125,0.4901292655332681,36860,False,2,1.0339048173389347
1,65536,2,8.271828807934007,0.06896000355482101,8.293095793934976,0.06878399848937988,0.00700274570589432,0.50390625,0.449119373776908,3064,False,2,1.00257101379813
1,65536,8,31.59201124325415,0.07222399860620499,32.06802799698774,0.07115199789404869,0.002251255409040809,0.50390625,0.42000978473581213,8664,False,2,1.015067630549645
1,65536,32,125.53374257465747,0.0727040022611618,131.19535594670432,0.06956800073385239,0.009242214778957702,0.50390625,0.4167074363992172,25364,False,2,1.0451003312410587
1,65536,128,237.92506740576357,0.15343999862670898,246.35086911006783,0.14819200336933136,0.0008641240829871943,0.50390625,0.4079623287671233,54448,False,2,1.0354136779120238
1,65536,512,425.3731232329655,0.34329599142074585,430.32769262384454,0.33934400975704193,0.0025493316918747677,0.50390625,0.41135640900195697,65952,False,2,1.011647584485881
1,65536,1024,477.6931428786143,0.6113920211791992,490.6532560439157,0.5952480137348175,0.005985151064477723,0.50390625,0.4111060573630137,66548,False,2,1.0271306242480325
1,65536,4096,448.3649858102963,2.6055359840393066,476.13596648171057,2.454751968383789,0.04494500076218877,0.50390625,0.4113841196795499,69628,False,2,1.0619383349509905
1,131072,2,8.214650719730855,0.06943999975919724,8.319280505267011,0.06857600063085556,0.023607135786321676,0.50390625,0.4158512720156556,3064,True,2,1.012736973135674
1,131072,8,31.522178679423465,0.07238399982452393,32.09004996204105,0.07110400125384331,0.007226688490069133,0.50390625,0.3852739726027397,8788,True,2,1.0180149756903787
1,131072,32,121.83369691563284,0.07491199672222137,131.343682975844,0.06948800012469292,0.0013824990110062885,0.50390625,0.40747309197651665,26428,True,2,1.0780571081808066
1,131072,128,224.97547700569518,0.16227200627326965,243.69542683841692,0.14980800449848175,0.005784055670263966,0.50390625,0.4094453277886497,65760,True,2,1.0832088460567986
1,131072,512,387.5830505441521,0.37676799297332764,423.4783510352407,0.34483200311660767,0.0,0.50390625,0.4077826871330724,115884,True,2,1.092613184298676
1,131072,1024,428.40806569575795,0.6817280054092407,482.4154975910377,0.6054080128669739,0.0024343714800014737,0.50390625,0.40730873899217224,129644,True,2,1.1260653947015884
1,131072,4096,404.516628606707,2.887968063354492,468.90821339242746,2.4916319847106934,0.02009373027754724,0.50390625,0.40823800223214285,135168,True,2,1.1591815520847857
1,262144,2,8.252681801158356,0.06911999732255936,8.357676456300538,0.06825600191950798,0.016068064890206957,0.50390625,0.410958904109589,3064,True,2,1.0127224892067745
1,262144,8,31.57801998891257,0.07225599884986877,32.08995246808112,0.07110400125384331,0.006320484481128874,0.50390625,0.40680039138943247,8716,True,2,1.016211671262109
1,262144,32,116.84255494147757,0.07811199873685837,130.77616264621497,0.0697919987142086,0.011992603975583327,0.50390625,0.4016022504892368,26764,True,2,1.1192511385232569
1,262144,128,214.36502921272532,0.17030400037765503,241.7056726831538,0.1510399952530861,0.00042382184680733737,0.50390625,0.4108671722113503,70808,True,2,1.127542461430577
1,262144,512,347.87336728912925,0.41977599263191223,420.1469499100266,0.34756799042224884,0.004521516585396901,0.50390625,0.4074883806262231,158800,True,2,1.2077583092494355
1,262144,1024,380.6324677250475,0.7672960162162781,481.2958357234344,0.6068159937858582,0.001794612348395841,0.50390625,0.4077826871330724,215320,True,2,1.2644634300379802
1,262144,4096,371.2120587021356,3.1470720767974854,462.79252851328556,2.5245440006256104,0.019505969190089623,0.50390625,0.40767996651785715,265720,True,2,1.2467066132801334
1,524288,2,8.18447730166378,0.06969600170850754,8.42673108592854,0.0676959976553917,0.014761906820951243,0.50390625,0.4021526418786693,3064,True,2,1.029599176017693
1,524288,8,31.452654157474413,0.07254400104284286,32.133046029792574,0.07100799679756165,0.00180425379612692,0.50390625,0.4026418786692759,8712,True,2,1.0216322561813587
1,524288,32,114.08507135000006,0.07999999821186066,130.92274669547606,0.06971200183033943,0.005985312588537628,0.50390625,0.40728962818003916,26908,True,2,1.147588769908553
1,524288,128,207.12612228677477,0.176256000995636,240.83822937525005,0.15158399939537048,0.0,0.50390625,0.4035744863013699,73156,True,2,1.162761252498125
1,524288,512,322.00132591756665,0.4535039961338043,418.83520024187203,0.3486559987068176,0.0037701651682435777,0.50390625,0.4069685665362035,184100,True,2,1.3007250794647198
1,524288,1024,350.0347322230828,0.8343679904937744,475.80580538534446,0.6138240098953247,0.006695312053958347,0.50390625,0.40674305895303325,289180,True,2,1.3593102671940158
1,524288,4096,348.0292291709369,3.356703996658325,463.54203603218593,2.520576000213623,0.023817814584381924,0.50390625,0.4070798870168787,501608,True,2,1.3319054756878312
2,2048,2,15.747166009955038,0.0724480003118515,16.228482456422547,0.07030400261282921,0.016521358551274234,1.0,1.0,4096,False,2,1.0305652741682683
2,2048,8,63.8345277964651,0.07148800045251846,63.90658584072729,0.071407999843359,0.005842741261211648,0.9983258928571429,0.99926614481409,4112,False,2,1.0011288255235777
2,2048,32,257.64467913536225,0.0708480030298233,260.2910194568315,0.07012799754738808,0.004115257881509349,0.9924395161290323,0.9983794031311155,4160,False,2,1.0102712787640336
2,2048,128,372.7661243369005,0.1958719938993454,373.5401456088975,0.19547200202941895,0.011028852373718978,0.968996062992126,0.9972556873776908,4352,False,2,1.0020764259986712
2,2048,512,518.8338189890381,0.5629119873046875,521.8515318177082,0.5596639811992645,0.0071727927034157535,0.8829500978473581,0.9927837573385518,5120,False,2,1.0058163379452598
2,2048,1024,519.0108326377692,1.125440001487732,535.1106368936636,1.0916000008583069,0.008803786122719925,0.8476906158357771,0.9693644126100782,6136,False,2,1.0310201699915786
2,2048,4096,496.13327324744006,4.709343910217285,518.0336763236221,4.51035213470459,0.009487974219461126,0.8212912087912088,0.8930676006757583,12280,False,2,1.0441421776306858
2,4096,2,15.657260561057084,0.07286400347948074,16.08467084794804,0.07092799991369247,0.003163045727705205,0.8125,0.8434442270058709,4864,False,2,1.027297897050651
2,4096,8,63.3243078015418,0.07206399738788605,64.12160760079624,0.07116799801588058,0.0018001937880320895,0.8125,0.8774461839530333,6928,False,2,1.012590738484709
2,4096,32,256.83267257610817,0.07107199728488922,260.34953914193056,0.07011199742555618,0.001827332404208848,0.8125,0.8735322896281801,8152,False,2,1.013693221078717
2,4096,128,371.00836604666574,0.19679999351501465,372.06888362085283,0.19624000042676926,0.004412557498022052,0.8125,0.8768346379647749,8436,False,2,1.002858473477263
2,4096,512,528.5386503264644,0.5525760054588318,520.1062115449744,0.5615360140800476,0.002853440982593991,0.8125,0.8692036906800391,9200,False,2,0.9840457480710605
2,4096,1024,528.5233716029362,1.1051839590072632,541.3390687023177,1.0790239572525024,0.003952108879924365,0.8125,0.8646142291462817,10232,False,2,1.024248118035941
2,4096,4096,513.4594042196499,4.550432205200195,507.3663733836691,4.60531210899353,0.014332507414498652,0.8124670902014652,0.8327290335280089,16372,False,2,0.9881333737664404
2,8192,2,15.782020560893754,0.07228799909353256,16.073765935385364,0.07097600027918816,0.0018049627386933498,0.677734375,0.6653620352250489,5416,False,2,1.01848593298722
2,8192,8,63.29620092534812,0.07209599763154984,64.07834034577209,0.07121599838137627,0.0004494416354778874,0.677734375,0.6811399217221135,10472,False,2,1.0123568146111397
2,8192,32,256.71708543067433,0.07110399752855301,260.8255426610623,0.06998400017619133,0.0009148134921197482,0.677734375,0.692606409001957,15848,False,2,1.0160038324815643
2,8192,128,365.364522169922,0.1998399943113327,367.01245961794905,0.19894400238990784,0.0051604973241559104,0.677734375,0.6886619373776908,16636,False,2,1.0045103926299135
2,8192,512,524.8005022082804,0.5565119981765747,522.5469962049414,0.5589120090007782,0.00045814115227571506,0.677734375,0.6840848978718199,17400,False,2,0.9957059759015919
2,8192,1024,524.0622355463682,1.1145919561386108,533.6861381743022,1.0944960117340088,0.003514601767207859,0.677734375,0.6828933387353229,18424,False,2,1.018364045289202
2,8192,4096,500.074950734541,4.672224044799805,512.0551823336878,4.563071966171265,0.011950763480994775,0.677734375,0.6756560741805284,24568,False,2,1.023956872027982
2,16384,2,15.754124598510858,0.07241600006818771,16.102822856601172,0.070847999304533,0.00271361947597204,0.6015625,0.5797455968688845,5728,False,2,1.022133775565243
2,16384,8,63.3243078015418,0.07206399738788605,64.07834034577209,0.07121599838137627,0.0004494416354778874,0.6015625,0.5472113502935421,12944,False,2,1.011907473929181
2,16384,32,254.54052959978165,0.07171200215816498,260.0527133468763,0.07019199803471565,0.001368623605459085,0.6015625,0.5747309197651663,25488,False,2,1.0216554265670836
2,16384,128,352.6041298836667,0.20707200467586517,353.34190556066517,0.20663999766111374,0.002636051585075183,0.6015625,0.5739282656555773,32728,False,2,1.0020923625518563
2,16384,512,507.6934899092746,0.5752639770507812,514.8247385113309,0.5672959983348846,0.0018065932503514848,0.6015625,0.572284735812133,33788,False,2,1.0140463660531291
2,16384,1024,524.6044088270266,1.1134400367736816,530.4608604006609,1.1011520028114319,0.004135028640473104,0.6015625,0.57104635518591,34800,False,2,1.01116355767335
2,16384,4096,514.6755293112295,4.539680004119873,507.03083687979415,4.6082398891448975,0.009972619207319289,0.6015625,0.5665873249449609,40952,False,2,0.9851465787742697
2,32768,2,15.726327078737206,0.07254400104284286,16.10279573109065,0.0708480030298233,0.0009037574108896607,0.5703125,0.46771037181996084,5856,False,2,1.0239387525433354
2,32768,8,63.01649839404343,0.07241600006818771,64.04971531692048,0.07124799862504005,0.0031489219616176456,0.5703125,0.48348825831702547,14688,False,2,1.0163959748511624
2,32768,32,234.54990515305838,0.07782399654388428,252.90627152022344,0.0721759982407093,0.005780391103736404,0.5703125,0.49021526418786693,36896,False,2,1.0782620924753152
2,32768,128,341.9816187033287,0.21350400149822235,342.5504569240114,0.21315199881792068,0.006929851120266894,0.5703125,0.49609375,62252,False,2,1.0016633590508155
2,32768,512,501.2524768513667,0.5826560258865356,504.4804531682038,0.5789279937744141,0.0010507123211471736,0.5703125,0.5023678296232876,66548,False,2,1.006439821179765
2,32768,1024,517.333927388421,1.129088044166565,521.8613497179222,1.1192960143089294,0.003493986585455744,0.5703125,0.5015823752446185,67572,False,2,1.0087514506391573
2,32768,4096,505.01065637860984,4.626560211181641,494.80735668472573,4.7239038944244385,0.04137449637876944,0.5703125,0.49093574180528377,73720,False,2,0.9797958724929665
2,65536,2,15.726327078737206,0.07254400104284286,16.070150582923034,0.07099200040102005,0.002256229690360545,0.50390625,0.42221135029354206,6128,False,2,1.0218629246653972
2,65536,8,63.07224096688537,0.07235199958086014,64.22265560481469,0.07105599716305733,0.0013519706979632229,0.50390625,0.40936888454011744,17300,False,2,1.0182396347472944
2,65536,32,214.60697804213865,0.08505599945783615,242.42751408602837,0.07529599964618683,0.006823079881862926,0.50390625,0.41325220156555775,50796,False,2,1.129634815688179
2,65536,128,323.4162149650338,0.22575999796390533,331.670610260785,0.22014400362968445,0.006855327406883438,0.50390625,0.41032442514677103,108824,False,2,1.0255225153032095
2,65536,512,469.5583387872442,0.6219840049743652,485.4824951204,0.6015839874744415,0.003143275717031546,0.50390625,0.4110659246575342,131860,False,2,1.0339130519421378
2,65536,1024,468.7263678557564,1.24617600440979,496.6304509483457,1.1761599779129028,0.002997285410331507,0.50390625,0.4106493089530333,133104,False,2,1.0595317119031298
2,65536,4096,460.6124421232095,5.072512149810791,464.96512833501254,5.0267839431762695,0.03810579409175463,0.50390625,0.4115159842832681,139252,False,2,1.0094497799315605
2,131072,2,15.747166009955038,0.0724480003118515,16.06651322596473,0.07100799679756165,0.0009017201650556306,0.50390625,0.40508806262230923,6128,True,2,1.0202796627537811
2,131072,8,61.68094358875696,0.07398399710655212,64.38214589750096,0.07087999954819679,0.0018074096113707139,0.50390625,0.40056262230919765,17448,True,2,1.0437931417968185
2,131072,32,205.55868677217768,0.08879999816417694,240.6351280234729,0.07585600018501282,0.0012662684139153058,0.50390625,0.40692270058708413,52872,True,2,1.1706395472849596
2,131072,128,304.5110599731777,0.23977600038051605,328.2600745191734,0.2224320024251938,0.007798952154514094,0.50390625,0.40985047700587085,132012,True,2,1.0779906468687461
2,131072,512,422.06831254115554,0.6919680237770081,479.1488227691443,0.6095359921455383,0.0030495317287235757,0.50390625,0.408296767979452,231812,True,2,1.1352399801925972
2,131072,1024,432.95015364948307,1.3491519689559937,486.3220647279948,1.2010879516601562,0.00037305517196117854,0.50390625,0.40770337726272016,259288,True,2,1.123274955854899
2,131072,4096,414.024411682743,5.643295764923096,467.12168285968585,5.002928018569946,0.030105814367585193,0.50390625,0.4077499598672945,270332,True,2,1.1282467160840506
2,262144,2,15.733267258195912,0.07251200079917908,16.041215486066314,0.0711199976503849,0.0013507532454244409,0.50390625,0.3904109589041096,6128,True,2,1.0195730627857975
2,262144,8,61.86825617656617,0.0737600028514862,63.99215492425976,0.07131199911236763,0.002246198642197772,0.50390625,0.41988747553816047,17420,True,2,1.0343293779225355
2,262144,32,195.75337349058987,0.09324800223112106,239.67659150081457,0.0761599987745285,0.0058997501657434,0.50390625,0.40496575342465757,53460,True,2,1.2243803885828621
2,262144,128,283.2300659613096,0.25779199600219727,327.8816706911347,0.2226879969239235,0.006921398724309746,0.50390625,0.4057378302348337,141392,True,2,1.1576513587223634
2,262144,512,375.63506557811644,0.777504026889801,474.7746242080921,0.6151520013809204,0.0032825334224539926,0.50390625,0.40669337084148727,316684,True,2,1.2639251968593406
2,262144,1024,386.9832102162704,1.5094079971313477,485.5724013059559,1.2029600143432617,0.007717383291961699,0.50390625,0.40744155913649704,430772,True,2,1.2547634845309896
2,262144,4096,368.5662389203788,6.339327812194824,463.89635775413774,5.037087917327881,0.01979906290541389,0.50390625,0.4073046779445939,531504,True,2,1.2586512511645243
2,524288,2,15.719393019412701,0.07257600128650665,16.070150582923034,0.07099200040102005,0.002256229690360545,0.50390625,0.4143835616438356,6128,True,2,1.022313683682135
2,524288,8,60.99500831462165,0.07481600344181061,64.03529290441357,0.07126399874687195,0.0026978623445312877,0.50390625,0.4014187866927593,17452,True,2,1.0498448098262347
2,524288,32,190.77771021800658,0.09567999839782715,239.4231163578383,0.07623999938368797,0.0012599844108098779,0.50390625,0.4028559197651663,53756,True,2,1.2549847468252102
2,524288,128,274.80446457076823,0.2656959891319275,320.94687543995434,0.22750400006771088,0.011174026980297125,0.50390625,0.40724376223091974,146544,True,2,1.167909975339223
2,524288,512,343.12589767146585,0.8511679768562317,473.3330511926488,0.6170240044593811,0.0010378312593459782,0.50390625,0.4072265625,367676,True,2,1.3794734072968544
2,524288,1024,350.68703586523907,1.6656320095062256,485.90420154577964,1.2021600008010864,0.011484939966310614,0.50390625,0.4073469606164384,579500,True,2,1.3855778852700487
2,524288,4096,345.82696150958583,6.756159782409668,461.3783871210469,5.064624071121216,0.02072831583087864,0.50390625,0.4070158657962329,1003760,True,2,1.3341307603868189
4,2048,2,31.355833468266614,0.07276800274848938,31.81962070327309,0.07171199843287468,0.016194351065469847,1.0,1.0,8192,False,2,1.014791098934616
4,2048,8,129.937438950348,0.07023999840021133,130.92158803582407,0.06971200183033943,0.0004591403076121825,0.9983258928571429,0.99926614481409,8224,False,2,1.007574022494411
4,2048,32,265.93255697317454,0.13728000223636627,266.7747070588963,0.13684800267219543,0.006333561375915009,0.9924395161290323,0.9982723825831703,8320,False,2,1.0031667806879574
4,2048,128,451.3751419395552,0.3235200047492981,456.5459096709675,0.3198560029268265,0.0013014648028777387,0.968996062992126,0.9973359527886496,8704,False,2,1.011455588159316
4,2048,512,529.1054989122485,1.1039680242538452,534.1166134142752,1.093616008758545,0.004486866656156829,0.8829500978473581,0.9928019126100782,10240,False,2,1.0094709174490317
4,2048,1024,488.82905731090744,2.3898561000823975,501.0255363020714,2.331679940223694,0.0005491408997972957,0.8476906158357771,0.9692354146281801,12276,False,2,1.0249503968897795
4,2048,4096,516.1399064885054,9.053600311279297,489.1362722986297,9.553423881530762,0.0012166129395876357,0.8212912087912088,0.8931476272015656,24564,False,2,0.9476815610449663
4,4096,2,31.191237853537068,0.07315199822187424,31.797121248373408,0.07175999879837036,0.0103092525290982,0.8125,0.850293542074364,9728,False,2,1.0194247947991468
4,4096,8,129.1724029307952,0.07065600156784058,130.0856081245201,0.07015999779105186,0.0004562078684864357,0.8125,0.8687622309197651,13648,False,2,1.0070696617311838
4,4096,32,264.3305700380124,0.13811199367046356,267.7145903556958,0.1363680064678192,0.007300989579540618,0.8125,0.875703277886497,16280,False,2,1.0128022283506473
4,4096,128,449.8622612628932,0.3246079981327057,454.9301438629454,0.32099200785160065,0.0011970165720605053,0.8125,0.877836044520548,16880,False,2,1.011265409518516
4,4096,512,542.5678774602939,1.0765759944915771,534.1149259962617,1.093616008758545,0.002724900927081997,0.8125,0.870440160225049,18412,False,2,0.9844204719534825
4,4096,1024,494.6443133335567,2.361759901046753,509.68876690148727,2.2920479774475098,9.778347742184224e-05,0.8125,0.8639988609955968,20464,False,2,1.0304146902378024
4,4096,4096,515.9174727045098,9.057503700256348,479.81381648252386,9.739151954650879,0.0069007694313698575,0.8124670902014652,0.8328035656953279,32736,False,2,0.9300204817008316
4,8192,2,31.466534516391825,0.07251200079917908,31.902989521437924,0.07152000069618225,0.0008952619589643884,0.677734375,0.6568003913894325,10832,False,2,1.0138704503611204
4,8192,8,112.3326786422475,0.08124800026416779,131.07268975698756,0.06963200122117996,0.004606207344321378,0.677734375,0.674045988258317,20912,False,2,1.1668259970406516
4,8192,32,243.87572292115044,0.1496960073709488,257.82096156490155,0.14159999787807465,0.004984073730194716,0.677734375,0.6872400929549902,31596,False,2,1.0571817418999916
4,8192,128,448.8445759898222,0.3253439962863922,448.07350929005645,0.3259039968252182,0.0012772973234129736,0.677734375,0.6855162977005871,33268,False,2,0.9982821075690502
4,8192,512,524.8759444799355,1.1128640174865723,531.8348727768321,1.098304033279419,0.0023920273290101157,0.677734375,0.6842721838307241,34796,False,2,1.0132582343886836
4,8192,1024,503.4992660169805,2.3202240467071533,513.9988817123294,2.273584008216858,0.037144917398357125,0.677734375,0.682232582405822,36844,False,2,1.0208532889797595
4,8192,4096,516.4958839929502,9.04736042022705,517.3697072745329,9.032079696655273,9.566681087092022e-05,0.677734375,0.6757343090676982,49136,False,2,1.0016918300971291
4,16384,2,31.34205057994209,0.07280000299215317,31.960189423507035,0.0713919997215271,0.0008968678222514015,0.6015625,0.5709393346379648,11456,False,2,1.0197223484783902
4,16384,8,126.76119301234593,0.07199999690055847,130.80155812846863,0.06977600231766701,0.001376788783611138,0.6015625,0.5573630136986301,25948,False,2,1.031873833151201
4,16384,32,230.89468857661078,0.15811200439929962,249.25732153601393,0.1464639976620674,0.0004370662727812835,0.6015625,0.5751284246575342,51176,False,2,1.0795281739593177
4,16384,128,443.0488023489492,0.3296000063419342,439.805445987863,0.3320320099592209,0.004055997352903518,0.6015625,0.5737256910469668,65404,False,2,0.9926794602673776
4,16384,512,531.2614068192901,1.0994880199432373,529.39120343269,1.1033759713172913,0.003690004148832804,0.6015625,0.5733052531800391,67580,False,2,0.9964796927414751
4,16384,1024,491.8586364702237,2.375135898590088,502.3434393315905,2.3258079290390015,0.0207548416605281,0.6015625,0.5716622011068981,69608,False,2,1.0213166997261856
4,16384,4096,505.8048177986771,9.238592147827148,516.4183134927466,9.048719882965088,0.000456351636804353,0.6015625,0.5664283468765289,81900,False,2,1.0209833819698688
4,32768,2,31.300774520723945,0.07289600372314453,31.917494133345805,0.07148800045251846,0.0053860374972294345,0.5703125,0.475293542074364,11712,False,2,1.019703014448206
4,32768,8,117.71055112393633,0.07753600180149078,129.5549209405716,0.07044799998402596,0.005922596484967846,0.5703125,0.48709637964774954,29356,False,2,1.1006228388495476
4,32768,32,228.44427792702487,0.1598079949617386,240.96546354652116,0.1515040025115013,0.0010565944750648981,0.5703125,0.4898483365949119,73692,False,2,1.0548106773919552
4,32768,128,431.8950215033711,0.3381119966506958,425.70258544592434,0.34304000437259674,0.010691212893284563,0.5703125,0.4978634112035225,124336,False,2,0.9856621730996304
4,32768,512,522.7414989131165,1.117408037185669,515.1789491845087,1.1338239908218384,0.006796502539879512,0.5703125,0.5027118242416829,133092,False,2,0.9855329072891059
4,32768,1024,484.59197644200964,2.410752058029175,499.3606867364356,2.3398079872131348,0.02492419842217175,0.5703125,0.5016449631543543,135144,False,2,1.0304765885784188
4,32768,4096,498.83818549086055,9.367615699768066,505.71640086566083,9.240367889404297,0.008370535540782376,0.5703125,0.49055197280913654,147436,False,2,1.0137884700387
4,65536,2,31.508249197021716,0.07241600006818771,31.924449073470548,0.07147200033068657,0.0022411645414477377,0.50390625,0.4097358121330724,12256,False,2,1.0132092352655435
4,65536,8,117.6134695206718,0.07760000228881836,128.56105469595298,0.07099199667572975,0.0004508600825279263,0.50390625,0.4122431506849315,34636,False,2,1.0930810494741592
4,65536,32,216.85054850313034,0.16835199296474457,232.56632703842723,0.15697599947452545,0.0034715872907651324,0.50390625,0.41065313111545987,101736,False,2,1.0724728558160415
4,65536,128,399.03838208667406,0.3659519851207733,416.1412137635458,0.3509120047092438,0.0012774560201007645,0.50390625,0.41053846624266144,217220,False,2,1.0428601168324627
4,65536,512,479.99187277403394,1.2169280052185059,496.0557552993651,1.1775200366973877,0.0005164450273635879,0.50390625,0.4111089239848337,263664,False,2,1.0334669885814787
4,65536,1024,445.12859708235027,2.6244800090789795,474.03873836152115,2.465119957923889,0.03424967207331697,0.50390625,0.41112660148605673,266204,False,2,1.0649478408456925
4,65536,4096,458.6161493836655,10.189184188842773,443.9377724679383,10.528575897216797,0.031276285013143834,0.50390625,0.4114342855613992,278508,False,2,0.9679941996472355
4,131072,2,31.383435643664367,0.0727040022611618,31.945921528186283,0.07142399996519089,0.0026918105658944036,0.50390625,0.4104696673189824,12256,True,2,1.0179230180821668
4,131072,8,115.75190066869595,0.07884799689054489,128.7935817216583,0.0708639994263649,0.0031659069395639783,0.50390625,0.4005014677103718,34876,True,2,1.1126692605272215
4,131072,32,210.37261122457065,0.1735360026359558,232.4004364622145,0.1570879966020584,0.0032646648393030997,0.50390625,0.4091089774951076,105400,True,2,1.1047086172930056
4,131072,128,362.7794648644388,0.40252798795700073,410.7476608583404,0.35551999509334564,0.0018018155588599427,0.50390625,0.4076221563111546,263740,True,2,1.132224121373094
4,131072,512,413.6701922306769,1.4120320081710815,488.62182030600013,1.1954399943351746,0.004157675706691011,0.50390625,0.4092819303449119,463468,True,2,1.1811869201190295
4,131072,1024,406.4758510301227,2.8740479946136475,465.8128066291071,2.5084800720214844,0.029751004908599388,0.50390625,0.407442992447407,518720,True,2,1.145979042662948
4,131072,4096,413.4464875163272,11.3023681640625,425.0102991248025,10.995104312896729,0.009668253682300731,0.50390625,0.40786378864206213,540660,True,2,1.0279693066881326
4,262144,2,31.438786038825402,0.07257600128650665,31.974675779226864,0.07135999947786331,0.004494416354778208,0.50390625,0.41364970645792565,12256,True,2,1.0170454972319753
4,262144,8,113.8573549011757,0.0801599994301796,127.16042796360765,0.07177599892020226,0.010757485437387748,0.50390625,0.4187866927592955,34792,True,2,1.116839821845313
4,262144,32,201.42138486138313,0.1812479943037033,233.23232529883427,0.15652800351381302,0.004302381980005876,0.50390625,0.40655577299412915,107264,True,2,1.1579322893611481
4,262144,128,332.1979243634182,0.43958398699760437,409.9908300058901,0.3561760038137436,0.00044934138303576177,0.50390625,0.4056040545499021,283708,True,2,1.2341763747968753
4,262144,512,373.3990258523111,1.5643199682235718,486.28318347556564,1.2011839747428894,0.0003197133081831449,0.50390625,0.40681950220156554,633836,True,2,1.3023150833497437
4,262144,1024,367.96814171934767,3.1748158931732178,461.7101313883418,2.5309441089630127,0.034259255089529095,0.50390625,0.40662504968811153,861908,True,2,1.2547557221420866
4,262144,4096,372.4742032187869,12.545632362365723,466.77469494349805,10.011151790618896,0.004899348259196357,0.50390625,0.40714426656525193,1063096,True,2,1.2531732155134516
4,524288,2,31.34205057994209,0.07280000299215317,31.888715144643296,0.07155200093984604,0.0,0.50390625,0.40655577299412915,12256,True,2,1.0174418889187504
4,524288,8,113.22455813660576,0.08060800284147263,128.70631567181945,0.07091199979186058,0.0027111670222603745,0.50390625,0.4098581213307241,34932,True,2,1.136734978612457
4,524288,32,199.24043349355114,0.18323199450969696,231.90553071348376,0.15742400288581848,0.00550345947603148,0.50390625,0.4043236301369863,107864,True,2,1.1639481336552597
4,524288,128,320.5086935593594,0.4556159973144531,405.3076926766822,0.36030399799346924,0.01188245482423933,0.50390625,0.40624235567514677,292280,True,2,1.264576283955361
4,524288,512,347.8203250627418,1.679360032081604,483.7833337195685,1.2073920369148254,0.0020162800705030293,0.50390625,0.4062805772994129,735172,True,2,1.3909001253227535
4,524288,1024,347.7275647548326,3.3596160411834717,455.13145110684326,2.567487955093384,0.03329952627637223,0.50390625,0.4078218642979452,1157784,True,2,1.3088736621375887
4,524288,4096,349.0190932072175,13.3887357711792,455.8140082325971,10.256880283355713,0.04541970342216528,0.50390625,0.4066346050941781,2007776,True,2,1.3059858818725827
8,2048,2,63.35243965071756,0.07203199714422226,63.84897494326295,0.07147200033068657,0.0031390373778801273,1.0,1.0,16384,False,2,1.007837666477928
8,2048,8,258.69629806562085,0.07056000083684921,260.3493222024005,0.07011199742555618,0.0,0.9983258928571429,0.9993884540117417,16448,False,2,1.0063898252473653
8,2048,32,366.30298846881686,0.1993280053138733,362.5021673721583,0.2014240026473999,0.011022336268735167,0.9924395161290323,0.9983029598825832,16640,False,2,0.989623832684122
8,2048,128,516.2220157674908,0.5657600164413452,514.5848245059707,0.5675680041313171,0.0075268995159336605,0.968996062992126,0.997282442514677,17408,False,2,0.9968285132917355
8,2048,512,514.4325889764768,2.270911931991577,520.3694392685582,2.245151996612549,0.016410334155156248,0.8829500978473581,0.99267578125,20472,False,2,1.0115405796975137
8,2048,1024,506.6752914522626,4.6113600730896,503.34030369557144,4.644303798675537,0.04642491139953275,0.8476906158357771,0.9692910748685176,24552,False,2,0.993417899366807
8,2048,4096,504.23730126965,18.534624099731445,519.2808692635883,17.997679710388184,0.0009089577987211328,0.8212912087912088,0.8933578461350293,49120,False,2,1.0298343021352432
8,4096,2,63.77743028928659,0.07155200093984604,63.850229309337735,0.07147200033068657,0.009446765884852937,0.8125,0.8553082191780822,19456,False,2,1.0011414542687114
8,4096,8,254.65416462701307,0.07168000191450119,259.9342102970011,0.07022399827837944,0.0013679995133171197,0.8125,0.8697712818003913,27264,False,2,1.020734181503458
8,4096,32,354.2464532152535,0.20611199736595154,353.2629627132725,0.20668800175189972,0.006523742360131646,0.8125,0.8747630259295499,32636,False,2,0.997223711082907
8,4096,128,507.6934899092746,0.5752639770507812,513.8867878781415,0.5683519840240479,0.012235868513055692,0.8125,0.8773066750244618,33756,False,2,1.012198891835256
8,4096,512,506.130888153918,2.3081600666046143,502.91699280824446,2.3230239152908325,0.014080209786661024,0.8125,0.8703154621758806,36824,False,2,0.9936500707210421
8,4096,1024,499.56856874824126,4.676959991455078,511.5144561370162,4.568527936935425,0.02670976511830392,0.8125,0.8636749327299413,40920,False,2,1.0239124078976936
8,4096,4096,508.86730898369666,18.365983963012695,519.6504042182542,17.98487949371338,0.0006746178712522255,0.8124670902014652,0.8334545874548985,65488,False,2,1.0211903870501986
8,8192,2,63.60674898566404,0.07174400240182877,64.02088345597197,0.07127999886870384,0.002247208177389215,0.677734375,0.6696428571428572,21664,False,2,1.006510857368316
8,8192,8,234.54990515305838,0.07782399654388428,248.5536591148961,0.07344000041484833,0.006118927818937525,0.677734375,0.6795804794520548,41968,False,2,1.0597047948183966
8,8192,32,346.71043273590334,0.21059200167655945,342.52065755801095,0.21316800266504288,0.00015009379289110392,0.677734375,0.6818890655577299,63128,False,2,0.9879156356939399
8,8192,128,509.0810591995633,0.5736960172653198,507.87907182683693,0.5750560164451599,0.003958756976480959,0.677734375,0.6829936704990216,66520,False,2,0.9976389076925858
8,8192,512,475.8873381194592,2.454848051071167,496.6578732047134,2.352512001991272,0.023868132039434053,0.677734375,0.6842745726822407,69596,False,2,1.0436459082255312
8,8192,1024,503.24592944937586,4.642784118652344,511.54272828616035,4.5676000118255615,0.010217450429494956,0.677734375,0.6828704057607633,73696,False,2,1.016486569192646
8,8192,4096,508.4934270477561,18.379487991333008,519.044574156359,18.005871772766113,0.000720048448292987,0.677734375,0.6756886222824425,98272,False,2,1.020749820051483
8,16384,2,62.849860288521946,0.07260800153017044,63.949145801838085,0.07135999947786331,0.0026942280163748666,0.6015625,0.5655577299412916,22912,False,2,1.0174906596175346
8,16384,8,214.0432781304451,0.08528000116348267,240.73745589116766,0.07582399994134903,0.003805427227972613,0.6015625,0.5641817514677103,51924,False,2,1.124713926986552
8,16384,32,331.11324161874563,0.2205120027065277,334.63470681268325,0.21819200366735458,0.00308459556517815,0.6015625,0.5742875489236792,102416,False,2,1.0106352291340626
8,16384,128,501.6933354922658,0.582144021987915,496.73156524042236,0.5879679918289185,0.007868052825359628,0.6015625,0.5738976883561644,130828,False,2,0.990109953828717
8,16384,512,487.8166600972006,2.3948159217834473,505.85758345798797,2.310223937034607,0.03832741472305101,0.6015625,0.5730453461350293,135152,False,2,1.0369829996318547
8,16384,1024,483.4273248420768,4.833119869232178,477.4745191479584,4.8943681716918945,0.028891475460095073,0.6015625,0.5719053861912916,139220,False,2,0.9876862448847652
8,16384,4096,506.90220102543924,18.437183380126953,518.0314116400461,18.041088104248047,0.000802120882070767,0.6015625,0.566179129942056,163796,False,2,1.0219553408765893
8,32768,2,62.79450992558621,0.07267200201749802,64.04958611212513,0.07124799862504005,0.0013483249064334402,0.5703125,0.48263209393346373,23424,False,2,1.0199870368926556
8,32768,8,201.35028605292214,0.09065599739551544,235.3737436849758,0.07755200192332268,0.004549248832308006,0.5703125,0.4946489726027397,58948,False,2,1.1689764554052386
8,32768,32,310.9008648761876,0.2348479926586151,328.56285512423716,0.22222400456666946,0.0024509654180038254,0.5703125,0.4925620719178082,147712,False,2,1.0568090740277716
8,32768,128,484.72068973360876,0.6025279760360718,488.6133283925845,0.5977279841899872,0.0010712529369161228,0.5703125,0.49729964224559686,248740,False,2,1.008030683941127
8,32768,512,472.5486860828758,2.4721920490264893,499.4490647502719,2.3394399881362915,0.02651389005490845,0.5703125,0.5028150226272016,266208,False,2,1.0569261527111267
8,32768,1024,474.603613943385,4.922976016998291,479.5065657844839,4.872639894485474,0.0010250227347672336,0.5703125,0.5015761642306752,270284,False,2,1.0103306247509605
8,32768,4096,500.08949658184014,18.688352584838867,505.30250756413,18.49555206298828,7.012505566228455e-06,0.5703125,0.4904958347984956,294864,False,2,1.0104241561118985
8,65536,2,61.494755619927155,0.07420799881219864,64.09274979421369,0.07119999825954437,0.0008992874481770219,0.50390625,0.40900195694716246,24512,False,2,1.042247410337617
8,65536,8,195.82057392309235,0.09321600198745728,228.62797793689424,0.07984000071883202,0.0032114924677280055,0.50390625,0.4106837084148728,69312,False,2,1.1675380852815131
8,65536,32,287.802904191075,0.2536959946155548,320.3081507310799,0.2279520034790039,0.004925419817629395,0.50390625,0.41065313111545987,203592,False,2,1.1129427329142736
8,65536,128,440.0581133218461,0.6636800169944763,472.4635519894747,0.6181600093841553,0.002020938107925918,0.50390625,0.41075059625733856,435184,False,2,1.0736389983200427
8,65536,512,439.09483934492204,2.660543918609619,475.9432383094453,2.454767942428589,0.018590917280661978,0.50390625,0.41112803479696675,527356,False,2,1.083918998044925
8,65536,1024,453.061257199784,5.157055854797363,478.35381025493797,4.884448051452637,0.007443868695204525,0.50390625,0.411230755412182,532444,False,2,1.0558259013615037
8,65536,4096,458.94768380878935,20.3636474609375,453.91494059448735,20.589455604553223,0.002332448853344715,0.50390625,0.411221558333843,557016,False,2,0.9890341679632514
8,131072,2,61.70763394612368,0.07395199686288834,63.792617373845715,0.07153600081801414,0.0076336460463954925,0.50390625,0.40912426614481406,24512,True,2,1.03378809548171
8,131072,8,193.69281150146588,0.09424000233411789,228.03537155119665,0.08004799857735634,0.006014480684951584,0.50390625,0.40227495107632094,69544,True,2,1.177304257104404
8,131072,32,278.35809519936004,0.26230400800704956,317.215198252264,0.23017600178718567,0.00697543448347826,0.50390625,0.4082451687866927,210660,True,2,1.1395939393286711
8,131072,128,397.18026338519104,0.7353280186653137,466.54613907839735,0.6259999871253967,0.0011764074851450257,0.50390625,0.40870382827788654,527188,True,2,1.1746458273177947
8,131072,512,395.54502106305904,2.9534718990325928,465.52498708940243,2.509935975074768,0.02696667051107604,0.50390625,0.4089556132277397,927004,True,2,1.1769203562170156
8,131072,1024,394.6065540096012,5.920991897583008,453.4482777113286,5.154016017913818,0.03304616618502432,0.50390625,0.40788397443737767,1037140,True,2,1.14911491738755
8,131072,4096,408.83492278929793,22.859712600708008,469.42625702044444,19.9094877243042,0.008997593815594174,0.50390625,0.40767429299550517,1081308,True,2,1.1482048887060794
8,262144,2,61.36245092146308,0.07436800003051758,64.03580938009539,0.07126399874687195,0.006306354588289764,0.50390625,0.41303816046966735,24512,True,2,1.0435666831830739
8,262144,8,191.48215006466344,0.09532800316810608,225.65437330968342,0.08089600130915642,0.01434264581691469,0.50390625,0.41251834637964774,69628,True,2,1.1784616646171981
8,262144,32,263.78049957967204,0.2768000066280365,316.33531747126494,0.23081599920988083,0.006676853479602007,0.50390625,0.4050574853228963,214840,True,2,1.1992369336449729
8,262144,128,357.5914153957188,0.8167359828948975,464.8423981131832,0.6283039748668671,0.007925552098064115,0.50390625,0.406150623776908,566964,True,2,1.2999260555480003
8,262144,512,368.6332302029744,3.1690878868103027,468.2157715200235,2.495168089866638,0.012621803310640445,0.50390625,0.40649748501712324,1265160,True,2,1.2701398928745995
8,262144,1024,362.2790398095341,6.449344158172607,448.86839552451073,5.2060160636901855,0.024918173257086895,0.50390625,0.40719789628180036,1723428,True,2,1.239012877367955
8,262144,4096,371.49963805303116,25.157087326049805,465.5239711422793,20.076128005981445,0.0054884948051643345,0.50390625,0.4069948439028865,2126164,True,2,1.2530940099484735
8,524288,2,61.12573156996685,0.07465600222349167,63.72044755612308,0.07161600142717361,0.0008940613303174416,0.50390625,0.40569960861056753,24512,True,2,1.0424488332411401
8,524288,8,190.14177968055557,0.09600000083446503,227.62442124921475,0.08019199967384338,0.0031974664452139034,0.50390625,0.40805406066536204,69640,True,2,1.197129960767335
8,524288,32,259.54970613064216,0.2813119888305664,313.26759539192756,0.23308799415826797,0.015774171732432674,0.50390625,0.4078935298434442,215488,True,2,1.206965710199059
8,524288,128,342.21243517698656,0.85343998670578,461.30697388083104,0.6331200003623962,0.008221767463527874,0.50390625,0.40700678816046965,583040,True,2,1.3480134748529835
8,524288,512,341.86952338033933,3.4171841144561768,450.35921754309146,2.5942879915237427,0.021355111215346056,0.50390625,0.40623710020181014,1472332,True,2,1.3173423974445782
8,524288,1024,343.30497594575826,6.805791854858398,440.1723742408179,5.3089439868927,0.026116568017724884,0.50390625,0.40677578621881116,2314720,True,2,1.282161358215689
8,524288,4096,347.4491616177495,26.89846420288086,461.7549418461085,20.240479469299316,0.011253199015282211,0.50390625,0.40677620426782657,4015728,True,2,1.3289856268357152
16,2048,2,129.2309318769172,0.07062400132417679,129.43700796568663,0.07051200047135353,0.005004587759463774,1.0,1.0,32768,False,2,1.0015946343942308
16,2048,8,256.659317420137,0.1422400027513504,252.26787601847423,0.14472000300884247,0.010446793670028764,0.9983258928571429,0.9993425880626223,32896,False,2,0.9828899981274625
16,2048,32,450.3950670584527,0.32422399520874023,435.14227155406246,0.33560000360012054,0.011604509719892242,0.9924395161290323,0.9982494496086106,33280,False,2,0.9661346301947603
16,2048,128,527.1800822564618,1.1080000400543213,525.7441373576474,1.1110399961471558,0.007052403650995576,0.968996062992126,0.9973168419765166,34816,False,2,0.997276177634276
16,2048,512,485.6104618709106,4.811391830444336,509.4137923408597,4.586575984954834,0.002214171153327671,0.8829500978473581,0.9926905921294031,40948,False,2,1.0490173345488523
16,2048,1024,506.7438827812212,9.221471786499023,516.8478011900979,9.041200160980225,6.719361793550149e-05,0.8476906158357771,0.969186562614665,49120,False,2,1.0199389055343346
16,2048,4096,483.944797606299,38.62361526489258,482.90674574855177,38.7076473236084,0.010253862719187934,0.8212912087912088,0.8932814028864972,98236,False,2,0.9978550201120424
16,4096,2,125.0932827482978,0.07295999675989151,126.76541821624569,0.07200000062584877,0.011622693212482105,0.8125,0.8565313111545988,38912,False,2,1.0133671083787323
16,4096,8,245.0280654223646,0.14899200201034546,244.59653687943364,0.14926400035619736,0.015773622601436887,0.8125,0.8696948385518593,54784,False,2,0.9982388607517791
16,4096,32,448.3594881970644,0.3256959915161133,442.82664187013165,0.32977598905563354,0.011417995257861913,0.8125,0.8754395486790607,65344,False,2,0.9876597987271746
16,4096,128,532.5945137241187,1.096735954284668,524.6908309059351,1.113327980041504,0.016138786787821546,0.8125,0.8773315190802348,67508,False,2,0.9851600371116896
16,4096,512,480.61748380674965,4.86137580871582,502.1434943625932,4.653088092803955,0.009813413938149607,0.8125,0.8704014608304794,73644,False,2,1.0447882386328227
16,4096,1024,514.9550105114726,9.074432373046875,514.8166552090518,9.077055931091309,0.009065931485410239,0.8125,0.8639821390349804,81852,False,2,0.9997313254564056
16,4096,4096,479.8298038715189,38.95484924316406,484.15786372544426,38.60662269592285,0.0007014962815854453,0.8124670902014652,0.8334292954894662,130988,False,2,1.009019989627581
16,8192,2,120.80163743198504,0.07555200159549713,126.28486496516827,0.07227199897170067,0.004882416387392174,0.677734375,0.6613869863013699,43328,False,2,1.0453903411389638
16,8192,8,229.1785145208628,0.15929600596427917,235.09520353455815,0.15529599785804749,0.015365469184215774,0.677734375,0.6803296232876712,84052,False,2,1.0258169446034906
16,8192,32,434.85826481129,0.33580800890922546,429.036476958203,0.34038399159908295,0.015155848550729045,0.677734375,0.6856271404109588,126340,False,2,0.9866122175334223
16,8192,128,530.8597153892356,1.1003199815750122,523.341945135013,1.1161280274391174,0.0026986750150586047,0.677734375,0.6834360857999021,133048,False,2,0.9858384992564176
16,8192,512,492.6351690384874,4.742784023284912,488.8766786903815,4.779888153076172,0.02344201969717452,0.677734375,0.684425548098092,139200,False,2,0.9923706414313829
16,8192,1024,511.40770656335144,9.137375831604004,511.91418891718854,9.128335952758789,0.00048738575851281496,0.677734375,0.6828227481730063,147392,False,2,1.0009903690291269
16,8192,4096,483.2601159981257,38.67833709716797,483.6208307078027,38.64976119995117,0.0053279186579480164,0.677734375,0.6759104868670499,196556,False,2,1.0007464193665807
16,16384,2,115.98725525867017,0.07868800312280655,124.44439716391729,0.07334400340914726,0.014059758089381091,0.6015625,0.5670865949119374,45824,False,2,1.072914406728449
16,16384,8,218.67945323219547,0.1669439971446991,230.92285116156145,0.15809600055217743,0.009149988282720178,0.6015625,0.567040728962818,103832,False,2,1.0559878751679785
16,16384,32,411.89661744550637,0.35452800989151,419.66440279121,0.3479840010404587,0.014542382551866906,0.6015625,0.5744748348825832,204992,False,2,1.0188585800822492
16,16384,128,511.8073777539336,1.1412800550460815,513.8823097006441,1.136672019958496,0.0007885566538508026,0.6015625,0.5733950739970646,261804,False,2,1.0040541266830039
16,16384,512,472.36223075414966,4.946335792541504,495.02183386013587,4.722031831741333,0.043235663172937144,0.6015625,0.5737252132766635,270276,False,2,1.047970819067835
16,16384,1024,513.8008631770149,9.094816207885742,510.21350054780555,9.159567832946777,0.018927611235950437,0.6015625,0.5722417364848337,278444,False,2,0.9930179902637232
16,16384,4096,481.51921260822576,38.81817626953125,483.17016833305286,38.68574333190918,0.0046238111597687315,0.6015625,0.5660925042139341,327608,False,2,1.0034286393597556
16,32768,2,113.54007482879949,0.08038400113582611,123.63317306256684,0.07382399961352348,0.01133389933982265,0.5703125,0.48312133072407043,46848,False,2,1.0888945885317245
16,32768,8,206.9382771384585,0.17641599476337433,229.30119774428627,0.1592160016298294,0.011522080740600016,0.5703125,0.49201932485322897,117556,False,2,1.1080656556875903
16,32768,32,379.6192427302914,0.38467198610305786,411.1278205046908,0.35520000755786896,0.010141245808352739,0.5703125,0.49102174045988256,295372,False,2,1.0830004758130383
16,32768,128,501.47280927907343,1.1648000478744507,498.1396677012248,1.1726080179214478,0.006955602360142699,0.5703125,0.49703877965998045,497244,False,2,0.9933532955004273
16,32768,512,466.61155425905054,5.007296085357666,476.04964072430556,4.9086081981658936,0.022093628884118033,0.5703125,0.5034351684809197,532392,False,2,1.0202268597489879
16,32768,1024,476.5318079301984,9.806112289428711,469.19522890962855,9.960272312164307,0.018387066757149295,0.5703125,0.5020708953797701,540568,False,2,0.9846042197005986
16,32768,4096,480.6673183494446,38.8869743347168,474.5732100452754,39.38641548156738,0.0029283739953871457,0.5703125,0.4904987611416035,589740,False,2,0.9873215671806113
16,65536,2,114.77370816893318,0.07952000200748444,123.95182510020274,0.07363200187683105,0.002610985897940621,0.50390625,0.40808463796477495,49024,False,2,1.0799670680480278
16,65536,8,201.5281189817268,0.18115200102329254,225.1419175064165,0.1621600016951561,0.014109666191566284,0.50390625,0.41450587084148727,138628,False,2,1.117173715727634
16,65536,32,341.87913616825506,0.42713600397109985,396.2193540836445,0.3685600012540817,0.006882682974899579,0.50390625,0.41015242783757344,407336,False,2,1.1589456979575554
16,65536,128,426.855263940795,1.3684159517288208,482.40426665134106,1.2108479738235474,0.004290427805555552,0.50390625,0.41146247400929553,871292,False,2,1.130135451997731
16,65536,512,442.4903451545984,5.2802557945251465,452.1716733083556,5.167375802993774,0.011679103251592826,0.50390625,0.4111430845615215,1054524,False,2,1.0218791850709752
16,65536,1024,456.94573514349406,10.226431846618652,443.91359105062986,10.5282564163208,0.024988613691488082,0.50390625,0.4113515118563479,1064884,False,2,0.9714798867993116
16,65536,4096,441.2442141611822,42.36134338378906,449.3090957024143,41.60100746154785,0.001692970716204556,0.50390625,0.4112026864068616,1114024,False,2,1.0182775915975775
16,131072,2,114.72753979449043,0.07955200225114822,123.76700693802394,0.07374399900436401,0.010907485881086698,0.50390625,0.4045988258317026,49024,True,2,1.0787907346372612
16,131072,8,199.86872050016248,0.18265600502490997,223.70674125780968,0.1632000058889389,0.013820348524249182,0.50390625,0.4050421966731898,139048,True,2,1.1192683912619925
16,131072,32,333.4601906444242,0.4379200041294098,394.3186089084186,0.37033601105213165,0.006414710116975586,0.50390625,0.4079699730919765,422200,True,2,1.182505798207526
16,131072,128,393.73620851750326,1.4835200309753418,476.4861290803468,1.2258880138397217,0.004604735809569549,0.50390625,0.40806743823385516,1056184,True,2,1.2101658896813523
16,131072,512,406.2790920136771,5.750879764556885,442.0688077811957,5.286112070083618,0.02524342543294633,0.50390625,0.40883473734099807,1854156,True,2,1.0880914535624535
16,131072,1024,404.20982597885205,11.560640335083008,443.77761514311675,10.530704021453857,0.017864800009283144,0.50390625,0.4080981349758439,2073676,True,2,1.0978892313378221
16,131072,4096,387.35738736574376,48.254398345947266,450.802016571061,41.463727951049805,0.007109152201354441,0.50390625,0.4076805040094484,2162620,True,2,1.1637883548233783
16,262144,2,114.17641317810063,0.07993599772453308,123.4732238839427,0.07392000034451485,0.012195113294518167,0.50390625,0.41022504892367906,49024,True,2,1.0814249672683292
16,262144,8,198.7544775109568,0.18367999792099,224.28245244930346,0.16278399527072906,0.0162505276295144,0.50390625,0.41147871819960863,139340,True,2,1.1284397476627381
16,262144,32,304.06468786135673,0.48025599122047424,392.38081876293563,0.37217599153518677,0.012719560288733334,0.50390625,0.40605124755381605,429524,True,2,1.2904517835423497
16,262144,128,354.68699312945813,1.6468479633331299,473.80502219960886,1.2328320145606995,0.006666967421901759,0.50390625,0.40705647627201563,1131768,True,2,1.3358398570501668
16,262144,512,362.6857496841693,6.442111968994141,448.10964032352916,5.214399814605713,0.016720387100641165,0.50390625,0.40710473107265166,2529092,True,2,1.2355314227640537
16,262144,1024,370.0006225615202,12.629504203796387,419.2838696000888,11.147168159484863,0.02819744912199207,0.50390625,0.40711560034705235,3447772,True,2,1.1331977408507583
16,262144,4096,353.5990462317786,52.86127853393555,442.4531719060028,42.248497009277344,0.016713212640960373,0.50390625,0.4068838518892949,4252524,True,2,1.2512849698581534
16,524288,2,113.08987286863727,0.08070400357246399,123.90376075972695,0.07366399839520454,0.013998255297890339,0.50390625,0.40313111545988256,49024,True,2,1.0956220713383493
16,524288,8,198.40881491871454,0.18400000035762787,223.73297124279216,0.16318399459123611,0.016409635377443443,0.50390625,0.4081305039138943,139164,True,2,1.1276362460733036
16,524288,32,297.98895345704705,0.49004799127578735,390.06446281630315,0.37438400089740753,0.011778896603334976,0.50390625,0.4080731714774951,430632,True,2,1.3089896732448107
16,524288,128,343.1581463302496,1.7021759748458862,474.2494041735026,1.231664001941681,0.0015861470613562911,0.50390625,0.4064745520425636,1167580,True,2,1.382014121608796
16,524288,512,340.00690812697684,6.871808052062988,445.2877539233314,5.247231960296631,0.010680269703669643,0.50390625,0.40646308555528377,2948272,True,2,1.3096432551218549
16,524288,1024,348.8148347201047,13.396575927734375,417.7200918716958,11.188752174377441,0.027212292530416793,0.50390625,0.40694921683891877,4626528,True,2,1.1975410742117143
16,524288,4096,335.2987463293809,55.74639892578125,440.26429941553977,42.464494705200195,0.02932239780183421,0.50390625,0.4066558957333201,8033216,True,2,1.3130508367097977
32,2048,2,213.8827645167808,0.08534400165081024,225.59903775262921,0.08091199770569801,0.0035657959224564273,1.0,1.0,65536,False,2,1.0547789498715272
32,2048,8,345.71233157024795,0.21119999885559082,344.6448408731282,0.21185600012540817,0.005908134716561042,0.9983258928571429,0.9993272994129159,65792,False,2,0.9969121995380635
32,2048,32,510.07688598984345,0.5725759863853455,497.26968594941087,0.5873439908027649,0.012113523340697485,0.9924395161290323,0.9981940282534247,66560,False,2,0.9748916283168189
32,2048,128,507.7781956508055,2.3006720542907715,509.3433805856241,2.2937439680099487,0.015847308148284167,0.968996062992126,0.9973082421110567,69632,False,2,1.0030824185603568
32,2048,512,507.10816269498633,9.214847564697266,468.49984629569667,9.976303577423096,0.029268086868764254,0.8829500978473581,0.9927048057959271,81884,False,2,0.9238657169426956
32,2048,1024,508.88591181179663,18.365312576293945,517.8949824053797,18.0458402633667,0.0007432037144747827,0.8476906158357771,0.969172348948141,98244,False,2,1.0177035173984437
32,2048,4096,481.6897645351236,77.6088638305664,479.20720030609607,78.01099395751953,0.0019277134853112887,0.8212912087912088,0.8932640389220355,196444,False,2,0.9948461345625157
32,4096,2,206.75075495183256,0.08828800171613693,222.56172479912544,0.0820159986615181,0.0015619018145607289,0.8125,0.8555528375733856,77824,False,2,1.076473577332167
32,4096,8,333.4358197281213,0.2189760059118271,332.78679545749526,0.21940799802541733,0.00952524383756237,0.8125,0.8700846991193738,109976,False,2,0.998053525649538
32,4096,32,505.58415824879785,0.5776640176773071,512.785236642023,0.5695520043373108,0.001068018428972195,0.8125,0.8762135365704501,130668,False,2,1.0142430854996876
32,4096,128,496.3457585902304,2.353663921356201,512.8898455014245,2.278159976005554,0.027438747198301083,0.8125,0.8768609153314579,135052,False,2,1.0333317785532896
32,4096,512,501.94511091271875,9.309632301330566,458.93723934181526,10.182447910308838,0.012494175736684543,0.8125,0.8707602663282779,147320,False,2,0.9143175804766789
32,4096,1024,508.3411802056762,18.384992599487305,516.9965628268867,18.077391624450684,0.006579983655633503,0.8125,0.8634219533543297,163716,False,2,1.017026719373214
32,4096,4096,480.0076718857551,77.88082885742188,478.930849942911,78.06092834472656,0.01612469877399203,0.8124670902014652,0.8333927012702957,261964,False,2,0.9977566568079762
32,8192,2,205.11519108099975,0.08899199962615967,217.6798345069111,0.083856001496315,0.0057404825020606065,0.677734375,0.6652091487279843,86656,False,2,1.0612565230283193
32,8192,8,316.6391063968265,0.23059199750423431,322.4371574073237,0.22644799947738647,0.006663848798530436,0.677734375,0.6796569227005871,167832,False,2,1.0183112284407183
32,8192,32,499.9619812810122,0.5841599702835083,489.1927955311885,0.5970720052719116,0.018881199638596025,0.677734375,0.685428387964775,252892,False,2,0.9784599906532279
32,8192,128,489.4123220922494,2.38700795173645,497.05778181040773,2.3515199422836304,0.046764881602732844,0.677734375,0.6843596157962328,266112,False,2,1.0156217148057773
32,8192,512,504.29215466298086,9.266304016113281,513.4562810685377,9.101119995117188,0.009425112760455434,0.677734375,0.6843577047150196,278400,False,2,1.018172256539825
32,8192,1024,507.5875685932498,18.412288665771484,514.0156575568644,18.18220806121826,0.006253287777197913,0.677734375,0.68331837514142,294800,False,2,1.0126639999900504
32,8192,4096,479.0343514139723,78.03907012939453,479.14749797678655,78.02264022827148,0.010173243223374318,0.677734375,0.6759524261414889,393084,False,2,1.0002361971797644
32,16384,2,193.29900578625197,0.09443199634552002,214.6070084188369,0.08505599945783615,0.0007527343799291764,0.6015625,0.5692881604696673,91648,False,2,1.1102333793488162
32,16384,8,292.7510026940183,0.24940800666809082,316.72121086698644,0.23054400086402893,0.014399499093513235,0.6015625,0.5716579011741683,206792,False,2,1.0818791667744403
32,16384,32,465.62957419530943,0.627232015132904,477.44883134773045,0.6117279827594757,0.012369105520484869,0.6015625,0.5731561888454012,410264,False,2,1.0253833901612603
32,16384,128,479.27978420882124,2.437472105026245,456.7375927600265,2.5577759742736816,0.0021417212563594745,0.6015625,0.5739368655210373,523540,False,2,0.952966529798442
32,16384,512,474.8628877446748,9.840576171875,467.01266386196266,10.00699234008789,0.020210592545309325,0.6015625,0.5734645895761985,540576,False,2,0.983468440921976
32,16384,1024,508.6953500900198,18.3721923828125,513.6555240845635,18.195151329040527,0.009086115865273303,0.6015625,0.5725702632896588,556916,False,2,1.0097507751813848
32,16384,4096,477.38397638010895,78.3088607788086,478.526763308774,78.12203216552734,0.0030706439823340315,0.6015625,0.5661125556363519,655228,False,2,1.0023938527164873
32,32768,2,194.02222354921562,0.09408000111579895,213.52376094057303,0.08548799902200699,0.004877998491711777,0.5703125,0.4877996575342466,93696,False,2,1.100511874540035
32,32768,8,269.00511835324227,0.27142399549484253,312.580219595578,0.23360000550746918,0.015461059943796762,0.5703125,0.4892367906066536,235488,False,2,1.1619861417845418
32,32768,32,420.91986773777137,0.6938560009002686,468.15118441653505,0.6238559782505035,0.003957438982980621,0.5703125,0.49096823018590996,590112,False,2,1.112209758433613
32,32768,128,447.0363216438426,2.6132800579071045,474.9229729453134,2.459839940071106,0.0034141658415645093,0.5703125,0.49630158008194714,994160,False,2,1.0623811756479338
32,32768,512,470.03895582221287,9.941568374633789,471.10078574118904,9.920080184936523,0.019441816806067713,0.5703125,0.5036641398987891,1064772,False,2,1.002259025354864
32,32768,1024,473.36132021170425,19.74358367919922,456.18000014297377,20.49289608001709,0.03392291629081812,0.5703125,0.5018783539475294,1081136,False,2,0.9637035825803292
32,32768,4096,472.0158140113349,79.19945526123047,469.2206796364842,79.67156982421875,0.004051585169263738,0.5703125,0.49045561251108427,1179492,False,2,0.9940783035400937
32,65536,2,191.61079205506704,0.0952640026807785,212.05450059682636,0.08607999980449677,0.002978429272100014,0.50390625,0.40750366927592957,98048,False,2,1.106693930558379
32,65536,8,267.8053357887548,0.2726399898529053,305.51651391548944,0.23899199813604355,0.009281718384156479,0.50390625,0.41471226761252444,276696,False,2,1.1408156339218023
32,65536,32,373.988088854606,0.7809280157089233,449.74850081433465,0.6493920087814331,0.008561327683300757,0.50390625,0.40940328400195697,813436,False,2,1.202574398002236
32,65536,128,416.11733100329974,2.8074560165405273,458.36868331258336,2.5495840311050415,0.0385713170514852,0.50390625,0.41246674718688847,1743140,False,2,1.1015371126393882
32,65536,512,451.5747319700735,10.348064422607422,451.6739067460221,10.345823764801025,0.00349500408977077,0.50390625,0.4113392092710372,2109060,False,2,1.000219619852324
32,65536,1024,457.8059578369495,20.414432525634766,432.3365327219466,21.61712074279785,0.0030867437742860826,0.50390625,0.4114476631298924,2129748,False,2,0.9443663310208077
32,65536,4096,428.1715839149007,87.30937957763672,442.163926058755,84.55249786376953,0.017042768448856105,0.50390625,0.4111827394966977,2228036,False,2,1.0326792871584756
32,131072,2,189.3213954205966,0.09641599655151367,211.07928635531667,0.08647999912500381,0.010788686093704536,0.50390625,0.4049351761252446,98048,True,2,1.1149256843706583
32,131072,8,259.4316610177953,0.28143998980522156,305.0100699111697,0.2393919974565506,0.011832693041240905,0.50390625,0.407052654109589,277876,True,2,1.1756856072021526
32,131072,32,359.5353780468281,0.8123199939727783,443.5624591839917,0.6584480106830597,0.00834513375211876,0.50390625,0.4080922822896282,844960,True,2,1.23371018894897
32,131072,128,373.76602812958487,3.12556791305542,449.7424674291804,2.5976799726486206,0.013930283058486648,0.50390625,0.40821124709515655,2115876,True,2,1.2032727256669096
32,131072,512,405.11813442884926,11.534720420837402,417.26763135676714,11.200175762176514,0.021861716142952625,0.50390625,0.40869630339560914,3709492,True,2,1.029990010062242
32,131072,1024,408.1584430288222,22.897600173950195,464.0238531414025,20.141647338867188,0.012419611784938667,0.50390625,0.4079155072773973,4146804,True,2,1.1368718718594175
32,131072,4096,389.18322189629026,96.0560302734375,431.8936207930484,86.55894470214844,0.009642710629406581,0.50390625,0.40782694060741803,4325208,True,2,1.1097436798242541
32,262144,2,189.69914497571304,0.09622400254011154,213.00436255550153,0.08569599688053131,0.0014947797557749443,0.50390625,0.4015716731898239,98048,True,2,1.1228535720747304
32,262144,8,257.7028916114226,0.28332799673080444,305.9700984840573,0.23864000290632248,0.011192008107127727,0.50390625,0.40960585861056753,278852,True,2,1.1872978862240102
32,262144,32,328.4677752249355,0.8891519904136658,443.38548121551116,0.6587200164794922,0.011235926428886378,0.50390625,0.4063226210861057,858932,True,2,1.3498599091246615
32,262144,128,353.75900951700885,3.3023359775543213,456.95105354363585,2.5565919876098633,0.004654416100910996,0.50390625,0.4070082214713796,2266404,True,2,1.291701529149791
32,262144,512,369.3390026515299,12.652128219604492,420.2009289603834,11.120736122131348,0.004065554488200451,0.50390625,0.4070002188187989,5058404,True,2,1.1377106829869295
32,262144,1024,369.53855269785845,25.290592193603516,464.3032914624655,20.128976821899414,0.006608086777865507,0.50390625,0.4072594689296416,6899072,True,2,1.2564407368940702
32,262144,4096,355.3328793150095,105.2066879272461,428.87332281397096,87.16860580444336,0.009829910471742753,0.50390625,0.40703639498895394,8505068,True,2,1.2069621129368284
32,524288,2,189.00773928842463,0.09657599776983261,213.6439227359789,0.0854399986565113,0.00525718124715735,0.50390625,0.4070450097847358,98048,True,2,1.1303448395304045
32,524288,8,254.05872976655235,0.2873919904232025,303.8562737244388,0.24030400067567825,0.013810684647594273,0.50390625,0.4064028864970646,278636,True,2,1.1960080017862171
32,524288,32,319.6219730274307,0.9137600064277649,441.1256774136871,0.6620799899101257,0.006108522674117989,0.50390625,0.40613533512720157,861124,True,2,1.3801481582614115
32,524288,128,339.5989056813163,3.4400320053100586,446.87979157483477,2.61516797542572,0.03932731334922712,0.50390625,0.4062041340508806,2336724,True,2,1.3159046866723185
32,524288,512,344.7451842553103,13.554719924926758,412.6141114065483,11.325439929962158,0.009835694075922108,0.50390625,0.40661011936613256,5894688,True,2,1.19686693317513
32,524288,1024,346.5610930142771,26.967391967773438,457.08511543485866,20.446784019470215,0.005558782263270556,0.50390625,0.4067620503225905,9256628,True,2,1.3189164180528146
32,524288,4096,336.8631970113468,110.97500610351562,426.0789755938481,87.73822402954102,0.001360313005124958,0.50390625,0.40670404602170224,16064820,True,2,1.2648427592388378
64,2048,2,203.36019841732846,0.17951999604701996,231.8567137091385,0.15745600312948227,0.001016633803050171,1.0,1.0,131072,False,2,1.1401282822970624
64,2048,8,428.971852013313,0.3404160141944885,428.72819182361775,0.34062400460243225,0.01314419779441689,0.998325892857143,0.9993196550880626,131584,False,2,0.999431990261012
64,2048,32,520.416543684733,1.1224000453948975,511.2716429769407,1.142527997493744,0.013591536638322577,0.9924395161290321,0.998171095278865,133120,False,2,0.9824277286747205
64,2048,128,501.6657526890101,4.657408237457275,489.7013290583085,4.773776054382324,0.047579530246399715,0.968996062992126,0.9973058532595401,139264,False,2,0.9761506071192415
64,2048,512,508.4429845219117,18.381311416625977,517.0754537058895,18.074480056762695,0.0030124769855277567,0.882950097847358,0.9927081501880504,163776,False,2,1.0169782442609467
64,2048,1024,489.8531089986852,38.15776062011719,484.4903218599791,38.580305099487305,0.004318255820613182,0.8476906158357771,0.9692083310241102,196500,False,2,0.9890522545632746
64,2048,4096,484.2969849309015,154.38211059570312,474.27814394692643,157.64334106445312,0.00016630438833531436,0.8212912087912088,0.8932325359426598,392876,False,2,0.9793126092135294
64,4096,2,210.76125747039248,0.17321600019931793,220.21482444869514,0.16579199582338333,0.017130661553608206,0.8125,0.8553235078277887,155648,False,2,1.0448543868629683
64,4096,8,420.43510752932326,0.3473280072212219,421.55695353975625,0.34641599655151367,0.011987673066231386,0.8125,0.8703254953522506,219916,False,2,1.0026682976524617
64,4096,32,530.3506905910609,1.1013760566711426,517.4039344513865,1.128991961479187,0.014273102043672381,0.8125,0.8760960050758317,261520,False,2,0.9755883109622321
64,4096,128,474.89068552697483,4.920000076293945,494.19506302526617,4.728607892990112,0.026259141716632017,0.8125,0.8766657461625489,270112,False,2,1.0406501497852494
64,4096,512,507.2860874809182,18.42323112487793,517.9522096764576,18.04543972015381,0.018986158613526705,0.8125,0.8707297487501529,294664,False,2,1.021025851997056
64,4096,1024,488.5780366245441,38.25734329223633,482.05112102462596,38.776559829711914,0.011265712020205543,0.8125,0.863446648106883,327424,False,2,0.9866409967074843
64,4096,4096,483.95483523862686,154.4912567138672,473.3517907042379,157.95419311523438,0.007734044750630664,0.8124670902014655,0.8333072401072881,523948,False,2,0.9780908387263848
64,8192,2,212.17233513837766,0.17206400632858276,217.11701143622707,0.16815999895334244,0.018824397574196405,0.677734375,0.6659735812133072,173312,False,2,1.0233050001293738
64,8192,8,387.64888400541327,0.37670400738716125,404.92081053731374,0.3606399893760681,0.006945074438639898,0.677734375,0.6813616071428572,335696,False,2,1.04455559462325
64,8192,32,476.5831628056385,1.2256319522857666,499.5979639612091,1.1692320108413696,0.014527964889536227,0.677734375,0.6861498211227985,505616,False,2,1.0482912594311615
64,8192,128,499.81138373297324,4.67468786239624,472.504351622011,4.9476478099823,0.048735909839559,0.677734375,0.684937240092955,532220,False,2,0.9453653258014804
64,8192,512,506.5838826842435,18.448768615722656,514.142193348771,18.178128242492676,0.011278413266631038,0.677734375,0.6843399077712207,556796,False,2,1.0149201562127839
64,8192,1024,485.21993806498506,38.52211380004883,483.19236206721166,38.690176010131836,0.026089727166806798,0.677734375,0.6831094402156465,589580,False,2,0.9958213258798491
64,8192,4096,482.9549377198382,154.8111114501953,475.2016108939135,157.34374237060547,0.013189121880992527,0.677734375,0.6759769715908222,786184,False,2,0.9839460657291749
64,16384,2,200.92474504179387,0.18169599771499634,217.50559198078537,0.16785600036382675,0.016336809071794578,0.6015625,0.5689212328767124,183296,False,2,1.082522672533652
64,16384,8,350.4917515064857,0.4166400134563446,394.52112686787933,0.37014399468898773,0.004505709868598107,0.6015625,0.5712795070939335,413248,False,2,1.125621716266207
64,16384,32,477.28097879911905,1.2238399982452393,481.9395104060188,1.212015986442566,0.004418853446125137,0.6015625,0.5735842710371819,819988,False,2,1.0097605641411083
64,16384,128,482.14720092824757,4.845952033996582,477.14876818433925,4.897791862487793,0.030081989593852665,0.6015625,0.5749306277519569,1047008,False,2,0.989632973634846
64,16384,512,480.2302394948186,19.461183547973633,483.1915036795622,19.342384338378906,0.00990406410300504,0.6015625,0.5733509399652947,1081116,False,2,1.0061663426023706
64,16384,1024,476.4750894163644,39.22911834716797,484.51655918342976,38.57916831970215,0.01089016205949811,0.6015625,0.5724432659709058,1113848,False,2,1.016876999334667
64,16384,4096,482.7188048564211,154.8868408203125,474.85285271353655,157.45575714111328,0.009072739522649975,0.6015625,0.5661711795456021,1310484,False,2,0.983704898040539
64,32768,2,199.62391819627098,0.1828799992799759,216.83629832585345,0.16836799681186676,0.010892362923573318,0.5703125,0.48824302837573386,187392,False,2,1.0862240371049083
64,32768,8,320.4411801264679,0.4557119905948639,383.48883637620935,0.3808799982070923,0.03114336376236526,0.5703125,0.4890036386986301,470820,False,2,1.196752665262494
64,32768,32,405.20359715948257,1.4415359497070312,477.86656195124124,1.2224000096321106,0.014077498374181374,0.5703125,0.4908057882827789,1181016,False,2,1.1793245797942893
64,32768,128,451.72980846966357,5.172255992889404,465.2945203823742,5.021519899368286,0.006360845397153536,0.5703125,0.4969570809381116,1988636,False,2,1.0300283746132763
64,32768,512,471.5880570095302,19.81782341003418,472.2415477220727,19.792399406433105,0.020308870048054928,0.5703125,0.5035313794757522,2129548,False,2,1.0013857236264347
64,32768,1024,473.99474346135827,39.43439865112305,472.3193984348998,39.574575424194336,0.005527446572930028,0.5703125,0.5017241237214867,2162368,False,2,0.9964654776248695
64,32768,4096,479.1077018834534,156.0542449951172,467.8121819190201,159.83147430419922,0.01531866564772466,0.5703125,0.49046159957019786,2358984,False,2,0.9764238397336784
64,65536,2,200.53625104829453,0.1820479929447174,215.17445368852728,0.16967999935150146,0.02000001951342556,0.50390625,0.40751895792563597,196096,False,2,1.0729952941860246
64,65536,8,311.17645470356314,0.4692800045013428,374.8525134717904,0.3895680010318756,0.006758363518991395,0.50390625,0.41272856531311153,553816,False,2,1.2046300669788375
64,65536,32,371.287583247817,1.5732159614562988,454.76713495592026,1.2844319939613342,0.0036190154749335957,0.50390625,0.410230782167319,1626508,False,2,1.2248379840173234
64,65536,128,429.1206217852931,5.444767951965332,446.45951126176476,5.233520030975342,0.012669444118947437,0.50390625,0.4119450220156555,3483336,False,2,1.0404056309490226
64,65536,512,453.1476957073419,20.62428855895996,451.97586495047335,20.678160667419434,0.00883344347536541,0.50390625,0.4114224607463919,4217800,False,2,0.9974140202676318
64,65536,1024,444.6545301658418,42.03644943237305,452.79899567609846,41.28073692321777,0.006200470668847435,0.50390625,0.4113692192182149,4259448,False,2,1.01831638937136
64,65536,4096,431.27979574408477,173.36029052734375,442.0287062952333,169.1472930908203,0.007937750732129878,0.50390625,0.41117500558991255,4456080,False,2,1.02492328798432
64,131072,2,197.58410974779287,0.18476800620555878,215.3661038048786,0.16951999813318253,0.013492938399702226,0.50390625,0.4031158268101761,196096,True,2,1.0899970856957255
64,131072,8,299.78995956799037,0.48710399866104126,373.0257971440469,0.3914719969034195,0.0027011174955999806,0.50390625,0.40714820817025443,555824,True,2,1.2442904948571072
64,131072,32,356.81549946896206,1.6370240449905396,450.5214959686841,1.2965760231018066,0.011717435407385235,0.50390625,0.4076288450954012,1692272,True,2,1.2626175057955216
64,131072,128,385.5425978790625,6.060192108154297,435.7556096523968,5.362287998199463,0.0179491161774874,0.50390625,0.4081718310451321,4228776,True,2,1.130239854297722
64,131072,512,403.4894689575515,23.162559509277344,420.4873569045046,22.226351737976074,0.0046857103339030814,0.50390625,0.40844272680711835,7421228,True,2,1.0421272158375499
64,131072,1024,383.68021967704686,48.71686553955078,436.8203916268205,42.796369552612305,0.02400330730475586,0.50390625,0.40787322460555286,8293220,True,2,1.1385012028884445
64,131072,4096,391.18924554346813,191.1269073486328,430.5321694235041,173.6662826538086,0.01073393756322516,0.50390625,0.4078972698891,8650420,True,2,1.1005726111549359
64,262144,2,197.72108417320226,0.18464000523090363,215.56752464673218,0.1693599969148636,0.011974957140306719,0.50390625,0.4043389187866928,196096,True,2,1.0902606848842513
64,262144,8,297.309454885894,0.49116799235343933,373.7129408130533,0.39075200259685516,0.002295663955418581,0.50390625,0.4077177103718199,557596,True,2,1.2569830345842268
64,262144,32,329.20233749600663,1.7743359804153442,445.31605729271655,1.3120479583740234,0.033703706646449616,0.50390625,0.4066551492172211,1717768,True,2,1.3527123187517416
64,262144,128,349.373142200083,6.687583923339844,439.4422626350593,5.317519903182983,0.022165920222924074,0.50390625,0.40711810864114484,4537408,True,2,1.2578020733585598
64,262144,512,369.5937427601082,25.286815643310547,412.1916853546783,22.673824310302734,0.006979240309717527,0.50390625,0.4072792963972297,10123732,True,2,1.115256124945327
64,262144,1024,350.0219299323503,53.40150451660156,436.8160688052742,42.81073570251465,0.044140097810221546,0.50390625,0.4072101988671111,13792144,True,2,1.2479677170218988
64,262144,4096,357.1157842024076,209.36288452148438,427.56799033202725,174.86651611328125,0.005360202005001202,0.50390625,0.40705555805721394,17010472,True,2,1.1972811319078758
64,524288,2,197.00408740517307,0.18531200289726257,214.75544106384706,0.17000000178813934,0.011548611131314557,0.50390625,0.407320205479452,196096,True,2,1.090106524653802
64,524288,8,294.1284473990377,0.49647998809814453,371.9776467827046,0.3925759941339493,0.004083959457534148,0.50390625,0.4071061643835616,557400,True,2,1.264677558638354
64,524288,32,322.6901114853495,1.8101439476013184,448.15858763215226,1.303600013256073,0.027043805108580177,0.50390625,0.4065939946183953,1725088,True,2,1.3888203315845926
64,524288,128,337.95004382590946,6.913631916046143,435.2251878263187,5.369375944137573,0.027354729452670368,0.50390625,0.40687277359038654,4676548,True,2,1.2878388264110396
64,524288,512,330.2173577995166,28.302112579345703,411.69028583069746,22.70140838623047,0.006579082684624593,0.50390625,0.40675470460417684,11782796,True,2,1.2467251527118244
64,524288,1024,333.2742993301208,56.085025787353516,434.36683277788353,43.036672592163086,0.020932199260686568,0.50390625,0.40687304233618216,18512136,True,2,1.3033313209298107
64,524288,4096,335.6880811624803,222.7269744873047,426.2491313127978,175.40650939941406,0.002091186312387139,0.50390625,0.4066762830879823,32129788,True,2,1.269777377369809
128,2048,2,295.4423676515657,0.24713599681854248,322.80209677503285,0.22619199752807617,0.006671416037335343,1.0,1.0,262144,False,2,1.092605977067359
128,2048,8,489.5304528183098,0.5966079831123352,490.51775838524264,0.5954239964485168,0.010698031994864854,0.9983258928571427,0.9993139218444227,263168,False,2,1.0020168419783666
128,2048,32,488.2929658881781,2.39247989654541,459.5167008202336,2.542304039001465,0.00045325013741948084,0.9924395161290321,0.9981739619006849,266240,False,2,0.9410676231724902
128,2048,128,501.64680090067606,9.315168380737305,513.3954587602213,9.101999759674072,0.0008898421722505212,0.968996062992126,0.9973115865031801,278528,False,2,1.0234201789754291
128,2048,512,487.499105282511,38.34201431274414,482.42567011251305,38.745296478271484,0.0024484377039297733,0.882950097847358,0.9927017600102435,327568,False,2,0.9895929343971661
128,2048,1024,477.2024236238221,78.33865356445312,477.253646328426,78.3328971862793,0.011704221027764472,0.8476906158357771,0.9692006120476471,392988,False,2,1.0001073395734559
128,2048,4096,486.01067739827295,307.6755065917969,466.50387072890317,320.54229736328125,0.004149676076071751,0.8212912087912088,0.8931780365348562,785772,False,2,0.959863419516225
128,4096,2,277.10728954920654,0.2634879946708679,298.28111755323425,0.24478399753570557,0.00013076748214513323,0.8125,0.8567912181996087,311296,False,2,1.0764102165571787
128,4096,8,470.8422044957453,0.6202880144119263,481.6405407021923,0.6064159870147705,0.015260280574364682,0.8125,0.8709026418786693,440644,False,2,1.0229340872660546
128,4096,32,479.60094118681525,2.435839891433716,485.16369586411406,2.4079519510269165,0.008260074276143614,0.8125,0.8766024415973581,522988,False,2,1.0115987150974586
128,4096,128,504.66513141952464,9.259455680847168,482.0327164317963,9.695088386535645,0.019264780543304605,0.8125,0.8765270733320083,540264,False,2,0.9551535987357245
128,4096,512,488.3880660817371,38.27222442626953,480.77880801465426,38.88166427612305,0.019722653101179155,0.8125,0.870645929922563,589280,False,2,0.9844196478261011
128,4096,1024,481.5599106700067,77.62979125976562,477.2054612690616,78.35432052612305,0.029145939824206213,0.8125,0.8635896805914415,654808,False,2,0.990957616478318
128,4096,4096,486.2587767067651,307.5185241699219,466.5590153805738,320.50550842285156,0.005569187755253724,0.8124670902014656,0.8333098118552489,1047836,False,2,0.9594870832777356
128,8192,2,279.41480614549135,0.26131200790405273,293.1089151543466,0.24910400062799454,0.0029590130592442865,0.677734375,0.6683891878669277,346624,False,2,1.0490099619192146
128,8192,8,436.18837094653685,0.6695680022239685,460.82252416595395,0.6337760090827942,0.00257832267209146,0.677734375,0.6794734589041096,671316,False,2,1.056475951355513
128,8192,32,465.5167694427204,2.509536027908325,468.2461089923813,2.495840072631836,0.039404849734747005,0.677734375,0.6856032518957926,1011388,False,2,1.005863031643153
128,8192,128,498.67806276541444,9.370623588562012,479.14870470444475,9.7533597946167,0.01832631967726961,0.677734375,0.6850161916355797,1064448,False,2,0.9608377437887085
128,8192,512,492.2590337934661,37.97126388549805,480.2971266737898,38.91974449157715,0.017102188062285917,0.677734375,0.684267943619282,1113624,False,2,0.9756999744067774
128,8192,1024,478.3897316850833,78.14422607421875,475.8200423543384,78.58628845214844,0.03245668003029212,0.677734375,0.6829018788794949,1179160,False,2,0.9946284605196407
128,8192,4096,485.653298542034,307.90191650390625,466.3470486706198,320.6588439941406,0.011304815304244542,0.677734375,0.6760018716353027,1572336,False,2,0.9602468470215832
128,16384,2,261.63301054276747,0.27907198667526245,290.3667316027555,0.25145599246025085,0.0007637912215465725,0.6015625,0.5674535225048924,366592,False,2,1.1098245248196277
128,16384,8,382.0825487507909,0.7643839716911316,445.19106590161334,0.656031996011734,0.004987790338108811,0.6015625,0.5714113716976517,827496,False,2,1.1651698497017309
128,16384,32,426.7604250274611,2.7374401092529297,460.7501582696343,2.5364480018615723,0.03946996111473644,0.6015625,0.5746592542196673,1639060,False,2,1.0796459353980306
128,16384,128,470.9287724012481,9.922783851623535,473.94645793154336,9.86033582687378,0.017379201132929456,0.6015625,0.5750006211013944,2094068,False,2,1.0064079446981082
128,16384,512,476.660169507052,39.21388626098633,479.24459006930056,39.00382423400879,0.012082885558491352,0.6015625,0.5732717793981623,2162232,False,2,1.0054219352225744
128,16384,1024,477.40016243370474,78.30620574951172,476.4023869883924,78.4737434387207,0.013511126058329381,0.6015625,0.5724247673019738,2227760,False,2,0.9979099809262195
128,16384,4096,484.4175915571395,308.6873474121094,463.52202071358806,322.60301208496094,0.0007069909873080871,0.6015625,0.5661830267560926,2620976,False,2,0.956864549909545
128,32768,2,258.3740672051432,0.2825919985771179,290.8112467779827,0.2510720044374466,0.002552342027856147,0.5703125,0.4885258683953033,374784,False,2,1.1255434801321802
128,32768,8,344.7199605253101,0.8472319841384888,428.19732358097787,0.6821599900722504,0.024069453389171436,0.5703125,0.48922150195694714,941744,False,2,1.2421599344826413
128,32768,32,398.1939883529603,2.933824062347412,419.22564775653484,2.786687970161438,0.008302220517739878,0.5703125,0.4916504861790607,2361668,False,2,1.0528176216084209
128,32768,128,454.22669270503195,10.28764820098877,459.8328264617339,10.162415981292725,0.008719193961136629,0.5703125,0.4973271140380382,3978076,False,2,1.012342149518594
128,32768,512,472.44434771717255,39.56380844116211,470.15860995065754,39.75815963745117,0.014309954242818668,0.5703125,0.5033878990815344,4259108,False,2,0.9951618899081773
128,32768,1024,469.74263172901976,79.58271789550781,466.5212982490418,80.14619445800781,0.026745913245370012,0.5703125,0.5017310513908849,4324708,False,2,0.9931423437806338
128,32768,4096,477.8414688608903,312.935546875,454.13481293347286,329.27134704589844,7.628032305051491e-05,0.5703125,0.49043055196564256,4717936,False,2,0.9503880314449666
128,65536,2,260.1711889038121,0.28064000606536865,287.7937990999559,0.2537120133638382,0.011288682694848617,0.50390625,0.40871147260273977,392192,False,2,1.1061709035213585
128,65536,8,331.0051605651759,0.8823360204696655,414.78322853847186,0.7041279971599579,0.006108426718196114,0.50390625,0.411306720890411,1106120,False,2,1.2531019994680712
128,65536,32,363.78441994468744,3.2113280296325684,422.57998918860227,2.7660319805145264,0.04786895281293013,0.50390625,0.4106096540178571,3253020,False,2,1.1616220102357724
128,65536,128,428.6079891074943,10.902560234069824,441.32889685688497,10.58899211883545,0.016256455514153112,0.50390625,0.4117606026785714,6965952,False,2,1.0296795861782229
128,65536,512,437.51843475904866,42.72208023071289,450.37430858447465,41.5035343170166,0.009615115544207464,0.50390625,0.4113397467626284,8435848,False,2,1.0293836163326604
128,65536,1024,426.2015059938523,87.71295928955078,443.55090708045554,84.29753494262695,0.027447493982502902,0.50390625,0.41129997238487653,8518872,False,2,1.040707038437479
128,65536,4096,434.15239155854243,344.4264831542969,432.9310099537669,345.39845275878906,0.0017903422158007665,0.50390625,0.41109812189688183,8912220,False,2,0.9971867444968091
128,131072,2,254.25689842279678,0.2871679961681366,287.75097561731184,0.2537440061569214,0.005944867730639292,0.50390625,0.40384203767123283,392192,True,2,1.1317332092158958
128,131072,8,319.9693395301634,0.9127680063247681,414.16023177759763,0.7051839828491211,0.0043658526957572885,0.50390625,0.4072494954745597,1111764,True,2,1.2943747434855548
128,131072,32,349.54541161594176,3.342144012451172,420.75678988977427,2.777151942253113,0.03112711655307754,0.50390625,0.40862834056996084,3387432,True,2,1.2037256845816504
128,131072,128,385.5629543045101,12.119744300842285,435.38847350006904,10.732911586761475,0.007286358016880046,0.50390625,0.4083217314778009,8462616,True,2,1.1292279733809898
128,131072,512,380.2672093699361,49.15411376953125,442.2069718808849,42.27935981750488,0.03162391987359259,0.50390625,0.4083251953125,14839776,True,2,1.1628848372531955
128,131072,1024,387.2981732713935,96.52355194091797,427.97906341946026,87.34886169433594,0.003085023064190784,0.50390625,0.40797920003095955,16586016,True,2,1.1050376504604895
128,131072,4096,389.504595324776,383.9071044921875,422.68976946084445,353.76702880859375,0.0018116437874182711,0.50390625,0.40795611028801904,17300764,True,2,1.0851984149465503
128,262144,2,256.31333503753746,0.28486400842666626,289.19052582305164,0.25248000025749207,0.004573087050262936,0.50390625,0.40342159980430525,392192,True,2,1.1282695290929723
128,262144,8,319.02983550079387,0.9154559969902039,416.2568249529774,0.701632022857666,0.004296368552925145,0.50390625,0.4070469208659491,1114628,True,2,1.3047582972907925
128,262144,32,327.48071169717565,3.5673279762268066,419.8060612092045,2.7838720083236694,0.04026776623425188,0.50390625,0.4068515128118884,3431892,True,2,1.281926068358502
128,262144,128,355.0612595889262,13.160896301269531,450.9300098655519,10.362864017486572,0.0012946600865753055,0.50390625,0.4072282346960616,9073208,True,2,1.270006224806441
128,262144,512,349.68687821697614,53.45267105102539,436.8738523579842,42.79270362854004,0.02699427508330432,0.50390625,0.40725009268743884,20248964,True,2,1.2493286982501806
128,262144,1024,354.12133766913644,105.5666275024414,424.6568912822918,88.03470611572266,0.011150940046834368,0.50390625,0.4072497492900333,27583684,True,2,1.199184703405414
128,524288,2,256.08319786365996,0.28512001037597656,288.44117429072367,0.2531359940767288,0.004688357405088661,0.50390625,0.4057225415851272,392192,True,2,1.1263572803565631
128,524288,8,315.76271139492354,0.9249280095100403,415.69594054666607,0.7025759816169739,0.0016866291590365012,0.50390625,0.4060627140410959,1114820,True,2,1.316482046630124
128,524288,32,324.6298407742368,3.598655939102173,401.1387441862121,2.912287950515747,0.0012094066674153137,0.50390625,0.4060197147137965,3451760,True,2,1.2356804390794844
128,524288,128,341.751923805255,13.673439979553223,440.7171264029505,10.607120037078857,0.040201093054146986,0.50390625,0.4065760782320206,9351252,True,2,1.2895819912167932
128,524288,512,331.5165282468471,56.38240051269531,431.67488300093714,43.30160140991211,0.010564124945136255,0.50390625,0.40663693422440683,23575412,True,2,1.302121753276543
128,524288,1024,338.9827310657515,110.28112030029297,422.3736198358643,88.5144157409668,0.017329445695085655,0.50390625,0.4067556601447835,37017852,True,2,1.2460033539405808
