B,H,Q,random_tflops,shared_template_sim_tflops,independent_seed_sim_tflops,shared_vs_random,independent_vs_random,independent_vs_shared
1,2048,2,8.08792733669407,8.220931351605953,8.361155592894534,1.0164447588825951,1.0337822342889822,1.0170569775237435
1,2048,8,31.57801998891257,31.895887434744296,32.1766837554233,1.0100660980626186,1.0189582426865562,1.0088035274532958
1,2048,32,130.11527439652835,130.1452929360535,131.58803313945816,1.0002307072683385,1.011318876663485,1.0110856118639155
1,2048,128,266.42939878794846,267.7126885403716,267.586307652304,1.0048166221830666,1.0043422717974015,0.9995279234288198
1,2048,512,453.61855329494233,456.77765859081126,456.871130035607,1.0069642329947093,1.0071702903618889,1.0002046322604397
1,2048,1024,520.2830382264947,523.6729288274698,523.6692672692466,1.0065154739861026,1.0065084363585917,0.9999930079291449
1,2048,4096,491.2034383402955,507.816651590628,506.60154685043574,1.0338214514671682,1.0313477213477336,0.9976071979199851
1,4096,2,8.110005559684245,8.22652903433097,8.264159888847749,1.0143678661856874,1.019007919048764,1.0045743295088048
1,4096,8,31.80337449283202,31.853102530969547,32.23480949618871,1.001563608860083,1.0135656989309083,1.0119833527942228
1,4096,32,129.642124338843,129.9966633950927,131.52785270211422,1.0027347519801748,1.0145456453516801,1.0117786815986796
1,4096,128,262.0235792400149,268.2186153112947,268.05703446063814,1.0236430480388374,1.0230263827328936,0.9993975777912767
1,4096,512,453.5284089099583,455.5432215348077,456.68280210204375,1.0044425279326867,1.0069552273465447,1.002501586047964
1,4096,1024,518.9222832397209,522.9241739213553,524.395727441133,1.0077119268354597,1.0105477147121924,1.0028140858525294
1,4096,4096,520.7283599220106,510.5350989089839,516.4975281503492,0.9804249935329943,0.9918751654465392,1.0116787841895827
1,8192,2,7.832069950802604,8.314529466861895,8.381083302252277,1.0616005116259017,1.070098116449204,1.0080045221627558
1,8192,8,31.57801998891257,31.697343726859437,32.05358610336031,1.003778696004017,1.0150600358925201,1.0112388716092637
1,8192,32,128.938816345129,129.70110664689545,131.31382979932278,1.0059120311739642,1.0184196933205638,1.0124341510579233
1,8192,128,261.18375371908553,268.1259422805772,268.37232405539976,1.0265797105012828,1.0275230378381262,1.0009189031569528
1,8192,512,450.30615777334515,454.0028638494383,456.04456094037926,1.0082093171773898,1.0127433371007164,1.0044971017883668
1,8192,1024,519.48349679628,525.8187337664513,524.3637296812549,1.0121952612724783,1.0093943944611752,0.9972328789528396
1,8192,4096,511.9509566206209,519.8459543241058,510.8676665369859,1.0154213945718544,0.9978839963679611,0.982728945541582
1,16384,2,8.169473563244347,8.215042808904464,8.398735207774001,1.0055779904674813,1.0280632090617363,1.022360491983125
1,16384,8,31.634059494449016,31.81047034640236,32.12585927221865,1.0055766112466313,1.0155465275601423,1.0099146262969971
1,16384,32,129.642124338843,129.81915180386258,129.47172666598274,1.0013655088261042,0.9986856303556483,0.9973237759371225
1,16384,128,263.41506550110677,267.6216429978821,267.8691466243482,1.0159693884204115,1.0169089839822496,1.000924826645908
1,16384,512,450.7064433153482,453.03349049569647,455.56866582311136,1.005163110523184,1.0107880031001935,1.0055959998114952
1,16384,1024,518.8928284376653,524.6347282567041,525.4660613380634,1.0110656758088699,1.0126678044870834,1.001584594073903
1,16384,4096,494.47010464266907,514.0350331231002,508.03873588870454,1.0395674648411148,1.0274407514602746,0.9883348471446309
1,32768,2,8.245047439546516,8.248491118016181,8.386690817017778,1.0004176663014877,1.017179207094902,1.0167545429854126
1,32768,8,31.564041121787508,31.69760517064571,32.0319783865384,1.0042315256257224,1.0148250112507897,1.0105488479048361
1,32768,32,129.58322242528024,129.55433284535974,131.40419659424967,0.9997770577133381,1.0140525458071505,1.0142786714134677
1,32768,128,253.07247595559213,258.14117120697307,257.87810703415846,1.02002863105615,1.0189891494933239,0.9989809290335803
1,32768,512,448.80042251883543,443.2030583326308,444.0467410412688,0.9875281664068182,0.9894080280698329,1.0019036030839046
1,32768,1024,509.4220668748575,511.50650244694623,511.46585816303525,1.0040917653702677,1.0040119802832959,0.9999205400445224
1,32768,4096,484.65630057305157,500.00624967308426,501.0884839161447,1.0316718240986098,1.0339048173389347,1.002164441432018
1,65536,2,8.271828807934007,8.200162586857997,8.293095793934976,0.9913361092522527,1.00257101379813,1.011333093227434
1,65536,8,31.59201124325415,31.66963503272116,32.06802799698774,1.0024570702026319,1.015067630549645,1.012579651260741
1,65536,32,125.53374257465747,129.46600585063808,131.19535594670432,1.0313243530809417,1.0451003312410587,1.0133575611968855
1,65536,128,237.92506740576357,247.7440294704558,246.35086911006783,1.0412691364207822,1.0354136779120238,0.9943766137841311
1,65536,512,425.3731232329655,428.3927102528859,430.32769262384454,1.007098678442518,1.011647584485881,1.0045168424313673
1,65536,1024,477.6931428786143,489.6360118016851,490.6532560439157,1.0250011311678082,1.0271306242480325,1.0020775519318679
1,65536,4096,448.3649858102963,474.6529965343805,476.13596648171057,1.0586308288025121,1.0619383349509905,1.003124324418381
1,131072,2,8.214650719730855,8.247053550928872,8.319280505267011,1.0039445172172918,1.012736973135674,1.0087579101908468
1,131072,8,31.522178679423465,31.697356255031686,32.09004996204105,1.005557280078568,1.0180149756903787,1.0123888473174172
1,131072,32,121.83369691563284,129.05765106460092,131.343682975844,1.0592935643574084,1.0780571081808066,1.0177132614175566
1,131072,128,224.97547700569518,241.55282480972647,243.69542683841692,1.0736851323738348,1.0832088460567986,1.0088701178732984
1,131072,512,387.5830505441521,421.7207571863986,423.4783510352407,1.088078430143729,1.092613184298676,1.004167672135866
1,131072,1024,428.40806569575795,482.1482938831049,482.4154975910377,1.1254416816361053,1.1260653947015884,1.000554194033916
1,131072,4096,404.516628606707,475.6552423252084,468.90821339242746,1.1758607896133393,1.1591815520847857,0.9858152957595956
1,262144,2,8.252681801158356,8.254787309028305,8.357676456300538,1.0002551301408051,1.0127224892067745,1.0124641790782063
1,262144,8,31.57801998891257,31.78230330877477,32.08995246808112,1.0064691617756252,1.016211671262109,1.0096798887203815
1,262144,32,116.84255494147757,129.34814903281043,130.77616264621497,1.107029447426894,1.1192511385232569,1.0110400776824593
1,262144,128,214.36502921272532,240.48594648512045,241.7056726831538,1.1218525118967704,1.127542461430577,1.0050719229787044
1,262144,512,347.87336728912925,419.2790296727568,420.1469499100266,1.2052633777057153,1.2077583092494355,1.0020700301609342
1,262144,1024,380.6324677250475,479.6168999722248,481.2958357234344,1.2600525195309387,1.2644634300379802,1.0035005767130116
1,262144,4096,371.2120587021356,452.7093469122142,462.79252851328556,1.2195437521480756,1.2467066132801334,1.0222729697759623
1,524288,2,8.18447730166378,8.289626497741317,8.42673108592854,1.012847392961327,1.029599176017693,1.0165392962185424
1,524288,8,31.452654157474413,31.669186863064837,32.133046029792574,1.0068844016948875,1.0216322561813587,1.0146470185272969
1,524288,32,114.08507135000006,129.32032029733261,130.92274669547606,1.1335428795989664,1.147588769908553,1.0123911415813012
1,524288,128,207.12612228677477,239.69971482332252,240.83822937525005,1.1572645312764955,1.162761252498125,1.004749753468696
1,524288,512,322.00132591756665,417.9753671353716,418.83520024187203,1.2980548013096525,1.3007250794647198,1.0020571382289665
1,524288,1024,350.0347322230828,477.2693788046338,475.80580538534446,1.3634914906114581,1.3593102671940158,0.9969334437022652
1,524288,4096,348.0292291709369,457.41711753939603,463.54203603218593,1.3143066133526748,1.3319054756878312,1.0133902258090777
2,2048,2,15.747166009955038,15.880488850151275,16.228482456422547,1.008466465655595,1.0305652741682683,1.0219132804761206
2,2048,8,63.8345277964651,63.52256037377519,63.90658584072729,0.9951128733389458,1.0011288255235777,1.006045497295645
2,2048,32,257.64467913536225,257.47498758209747,260.2910194568315,0.9993413737328701,1.0102712787640336,1.0109371084981067
2,2048,128,372.7661243369005,373.01884162572924,373.5401456088975,1.0006779513274666,1.0020764259986712,1.0013975272157736
2,2048,512,518.8338189890381,524.5140180163487,521.8515318177082,1.010948012291062,1.0058163379452598,0.9949238988717408
2,2048,1024,519.0108326377692,536.8485575947066,535.1106368936636,1.034368694900414,1.0310201699915786,0.9967627356421901
2,2048,4096,496.13327324744006,511.90369841462564,518.0336763236221,1.0317866710772294,1.0441421776306858,1.0119748654443816
2,4096,2,15.657260561057084,15.859446369915341,16.08467084794804,1.0129132301317854,1.027297897050651,1.0142012824899072
2,4096,8,63.3243078015418,63.32475402730949,64.12160760079624,1.0000070466742264,1.012590738484709,1.012583603137931
2,4096,32,256.83267257610817,257.35787662603576,260.34953914193056,1.0020449269349558,1.013693221078717,1.0116245228438916
2,4096,128,371.00836604666574,366.26006799361926,372.06888362085283,0.9872016415596159,1.002858473477263,1.0158598114696324
2,4096,512,528.5386503264644,522.084144582073,520.1062115449744,0.9877880156155001,0.9840457480710605,0.9962114669491027
2,4096,1024,528.5233716029362,538.7066079606037,541.3390687023177,1.019267334057117,1.024248118035941,1.0048866316150822
2,4096,4096,513.4594042196499,501.6955566221954,507.3663733836691,0.9770890405341138,0.9881333737664404,1.0113033027433092
2,8192,2,15.782020560893754,15.873481119786884,16.073765935385364,1.0057952375958603,1.01848593298722,1.012617573554727
2,8192,8,63.29620092534812,63.145028908273304,64.07834034577209,0.9976116731357525,1.0123568146111397,1.014780442002086
2,8192,32,256.71708543067433,257.7035358921592,260.8255426610623,1.003842558666596,1.0160038324815643,1.0121147222838631
2,8192,128,365.364522169922,365.6593837200992,367.01245961794905,1.0008070338861201,1.0045103926299135,1.0037003724178608
2,8192,512,524.8005022082804,523.3260426733882,522.5469962049414,0.9971904380260921,0.9957059759015919,0.9985113554363412
2,8192,1024,524.0622355463682,532.8222384336577,533.6861381743022,1.016715577450752,1.018364045289202,1.0016213657732906
2,8192,4096,500.074950734541,488.1271777882992,512.0551823336878,0.976108035548087,1.023956872027982,1.0490200210809941
2,16384,2,15.754124598510858,15.88410931056898,16.102822856601172,1.0082508368678518,1.022133775565243,1.0137693302001305
2,16384,8,63.3243078015418,63.36676501790294,64.07834034577209,1.0006704726484212,1.011907473929181,1.0112294722267754
2,16384,32,254.54052959978165,257.2965214951324,260.0527133468763,1.0108273205044558,1.0216554265670836,1.010712122479262
2,16384,128,352.6041298836667,351.40946340832625,353.34190556066517,0.9966118761123569,1.0020923625518563,1.0054991181330069
2,16384,512,507.6934899092746,515.1055987018769,514.8247385113309,1.0145995742311507,1.0140463660531291,0.9994547522075982
2,16384,1024,524.6044088270266,529.7127144013716,530.4608604006609,1.009737443087386,1.01116355767335,1.001412361793382
2,16384,4096,514.6755293112295,505.3360231230008,507.03083687979415,0.981853603568976,0.9851465787742697,1.0033538352289222
2,32768,2,15.726327078737206,15.894914478811376,16.10279573109065,1.010720074638541,1.0239387525433354,1.0130784756694595
2,32768,8,63.01649839404343,63.31050392795874,64.04971531692048,1.004665532700292,1.0163959748511624,1.0116759675424933
2,32768,32,234.54990515305838,249.1498768924332,252.90627152022344,1.0622467603636312,1.0782620924753152,1.0150768472159912
2,32768,128,341.9816187033287,341.9817416218805,342.5504569240114,1.0000003594302882,1.0016633590508155,1.0016629990227952
2,32768,512,501.2524768513667,503.85374258619447,504.4804531682038,1.005189531932426,1.006439821179765,1.0012438343293681
2,32768,1024,517.333927388421,518.7898761827341,521.8613497179222,1.0028143307779231,1.0087514506391573,1.0059204577348115
2,32768,4096,505.01065637860984,486.80605149566526,494.80735668472573,0.963952038134228,0.9797958724929665,1.016436330576576
2,65536,2,15.726327078737206,15.951810913367941,16.070150582923034,1.0143379845466651,1.0218629246653972,1.007418572737464
2,65536,8,63.07224096688537,63.226294450794406,64.22265560481469,1.0024424926330098,1.0182396347472944,1.0157586517235435
2,65536,32,214.60697804213865,239.481539490486,242.42751408602837,1.1159075146357225,1.129634815688179,1.0123014684213663
2,65536,128,323.4162149650338,329.4652197149526,331.670610260785,1.018703467760801,1.0255225153032095,1.0066938493469522
2,65536,512,469.5583387872442,485.78372463477604,485.4824951204,1.0345545686387725,1.0339130519421378,0.9993799102376217
2,65536,1024,468.7263678557564,499.08061248680974,496.6304509483457,1.0647589867195062,1.0595317119031298,0.9950906497324041
2,65536,4096,460.6124421232095,466.7608157992124,464.96512833501254,1.0133482579143145,1.0094497799315605,0.9961528744414305
2,131072,2,15.747166009955038,15.905330144650204,16.06651322596473,1.0100439745535914,1.0202796627537811,1.010133903530996
2,131072,8,61.68094358875696,63.40957744322685,64.38214589750096,1.0280254119650818,1.0437931417968185,1.015337879441712
2,131072,32,205.55868677217768,238.52374921515798,240.6351280234729,1.1603681311678924,1.1706395472849596,1.0088518598892657
2,131072,128,304.5110599731777,327.47781010299514,328.2600745191734,1.0754217273153903,1.0779906468687461,1.0023887554882946
2,131072,512,422.06831254115554,477.7931853946321,479.1488227691443,1.1320280892871881,1.1352399801925972,1.0028372890529875
2,131072,1024,432.95015364948307,490.4249349790574,486.3220647279948,1.1327514977072997,1.123274955854899,0.9916340504765774
2,131072,4096,414.024411682743,451.11850940468366,467.12168285968585,1.0895939869129383,1.1282467160840506,1.035474433261718
2,262144,2,15.733267258195912,15.88059282942201,16.041215486066314,1.0093639527510951,1.0195730627857975,1.0101143992777597
2,262144,8,61.86825617656617,63.15605236504166,63.99215492425976,1.0208151363568458,1.0343293779225355,1.0132386767048933
2,262144,32,195.75337349058987,236.93909321490946,239.67659150081457,1.2103959640128472,1.2243803885828621,1.0115535948448242
2,262144,128,283.2300659613096,326.4470908763833,327.8816706911347,1.1525862897654986,1.1576513587223634,1.00439452473263
2,262144,512,375.63506557811644,473.81209392835575,474.7746242080921,1.261362788905613,1.2639251968593406,1.002031459922764
2,262144,1024,386.9832102162704,489.2820442678576,485.5724013059559,1.2643495411452508,1.2547634845309896,0.9924181910916992
2,262144,4096,368.5662389203788,443.7920792847459,463.89635775413774,1.204103991143416,1.2586512511645243,1.045301120519757
2,524288,2,15.719393019412701,16.019766218641884,16.070150582923034,1.0191084476899481,1.022313683682135,1.0031451373006004
2,524288,8,60.99500831462165,63.28442473585105,64.03529290441357,1.0375344882227122,1.0498448098262347,1.0118649758087657
2,524288,32,190.77771021800658,236.78931266380678,239.4231163578383,1.2411791314258964,1.2549847468252102,1.011122983822209
2,524288,128,274.80446457076823,326.308566247198,320.94687543995434,1.187420905831631,1.167909975339223,0.983568648322944
2,524288,512,343.12589767146585,472.9776871773739,473.3330511926488,1.3784377407450539,1.3794734072968544,1.0007513335721936
2,524288,1024,350.68703586523907,485.31488950632354,485.90420154577964,1.3838974352414295,1.3855778852700487,1.0012142879853854
2,524288,4096,345.82696150958583,453.63175163749963,461.3783871210469,1.311730437838999,1.3341307603868189,1.017076925183442
4,2048,2,31.355833468266614,31.68495902785348,31.81962070327309,1.0104964698170105,1.014791098934616,1.0042500189222663
4,2048,8,129.937438950348,129.08884725959987,130.92158803582407,0.9934692287488259,1.007574022494411,1.0141975144648905
4,2048,32,265.93255697317454,265.0602241906927,266.7747070588963,0.9967197217504667,1.0031667806879574,1.0064682766848116
4,2048,128,451.3751419395552,457.39235856178186,456.5459096709675,1.0133308551205782,1.011455588159316,0.9981494030781889
4,2048,512,529.1054989122485,533.3726233874362,534.1166134142752,1.0080647895059873,1.0094709174490317,1.0013948785412232
4,2048,1024,488.82905731090744,498.69962776815134,501.0255363020714,1.0201922743945353,1.0249503968897795,1.0046639468016634
4,2048,4096,516.1399064885054,491.88639918113995,489.1362722986297,0.9530098196197011,0.9476815610449663,0.9944090202797059
4,4096,2,31.191237853537068,31.43494898001633,31.797121248373408,1.0078134483672512,1.0194247947991468,1.0115213251526929
4,4096,8,129.1724029307952,129.38100744561314,130.0856081245201,1.0016149309766245,1.0070696617311838,1.005445935943907
4,4096,32,264.3305700380124,266.8033669889013,267.7145903556958,1.0093549412409366,1.0128022283506473,1.0034153368343077
4,4096,128,449.8622612628932,453.5962136930109,454.9301438629454,1.0083002126465008,1.011265409518516,1.002940787708685
4,4096,512,542.5678774602939,535.0380350864425,534.1149259962617,0.9861218426547885,0.9844204719534825,0.9982746851071408
4,4096,1024,494.6443133335567,512.8615794211545,509.68876690148727,1.036829021574768,1.0304146902378024,0.9938135109998916
4,4096,4096,515.9174727045098,495.1549506992686,479.81381648252386,0.9597561177829446,0.9300204817008316,0.9690175081657173
4,8192,2,31.466534516391825,31.53642276663721,31.902989521437924,1.0022210342295232,1.0138704503611204,1.0116235997187515
4,8192,8,112.3326786422475,129.055926727269,131.07268975698756,1.1488725123192425,1.1668259970406516,1.0156270469777071
4,8192,32,243.87572292115044,256.3134648860736,257.82096156490155,1.0510003284293472,1.0571817418999916,1.0058814572207435
4,8192,128,448.8445759898222,447.5899306104028,448.07350929005645,0.9972047219760815,0.9982821075690502,1.0010804056270752
4,8192,512,524.8759444799355,533.856774089144,531.8348727768321,1.01711038523228,1.0132582343886836,0.9962126521373422
4,8192,1024,503.4992660169805,514.1405347348335,513.9988817123294,1.0211346260780727,1.0208532889797595,0.9997244857914633
4,8192,4096,516.4958839929502,494.00089893497295,517.3697072745329,0.956446922898839,1.0016918300971291,1.0473051939580296
4,16384,2,31.34205057994209,31.502102240356493,31.960189423507035,1.005106611005115,1.0197223484783902,1.0145414797925358
4,16384,8,126.76119301234593,128.88647985410392,130.80155812846863,1.0167660684729514,1.031873833151201,1.0148586436415403
4,16384,32,230.89468857661078,246.18090057534533,249.25732153601393,1.0662042600155464,1.0795281739593177,1.0124965866705287
4,16384,128,443.0488023489492,437.6391385165464,439.805445987863,0.9877899143306066,0.9926794602673776,1.0049499856860602
4,16384,512,531.2614068192901,521.9721808346901,529.39120343269,0.9825147735834692,0.9964796927414751,1.0142134444524151
4,16384,1024,491.8586364702237,506.83740869362276,502.3434393315905,1.0304534089934718,1.0213166997261856,0.9911333116203567
4,16384,4096,505.8048177986771,516.0295843733137,516.4183134927466,1.0202148461517944,1.0209833819698688,1.0007533078164599
4,32768,2,31.300774520723945,31.50928902814845,31.917494133345805,1.006661640506258,1.019703014448206,1.0129550719101497
4,32768,8,117.71055112393633,128.04393466619445,129.5549209405716,1.0877863831542016,1.1006228388495476,1.0118005298596628
4,32768,32,228.44427792702487,239.02210042757733,240.96546354652116,1.0463037314680803,1.0548106773919552,1.0081304746107889
4,32768,128,431.8950215033711,427.2649091693435,425.70258544592434,0.989279542241745,0.9856621730996304,0.9963434307618275
4,32768,512,522.7414989131165,515.9597813131176,515.1789491845087,0.9870266324481612,0.9855329072891059,0.9984866414846878
4,32768,1024,484.59197644200964,485.38091833523833,499.3606867364356,1.001628053974441,1.0304765885784188,1.028801643973037
4,32768,4096,498.83818549086055,469.08120850406124,505.71640086566083,0.9403474355967392,1.0137884700387,1.0780998933605384
4,65536,2,31.508249197021716,31.544392309169503,31.924449073470548,1.001147099983937,1.0132092352655435,1.0120483146600534
4,65536,8,117.6134695206718,127.21656692994372,128.56105469595298,1.0816496396918558,1.0930810494741592,1.0105684958999848
4,65536,32,216.85054850313034,232.11707522704233,232.56632703842723,1.070401144148785,1.0724728558160415,1.0019354535246727
4,65536,128,399.03838208667406,414.28994700151077,416.1412137635458,1.0382207967942392,1.0428601168324627,1.0044685292883255
4,65536,512,479.99187277403394,494.7889407071882,496.0557552993651,1.030827746827539,1.0334669885814787,1.0025603130707939
4,65536,1024,445.12859708235027,469.61996513617794,474.03873836152115,1.0550208820874671,1.0649478408456925,1.0094092533396912
4,65536,4096,458.6161493836655,439.67885798668783,443.9377724679383,0.958707752828967,0.9679941996472355,1.009686420904458
4,131072,2,31.383435643664367,31.52959346014994,31.945921528186283,1.004657164312572,1.0179230180821668,1.0132043589005528
4,131072,8,115.75190066869595,126.84967125617196,128.7935817216583,1.095875493390298,1.1126692605272215,1.0153245211141355
4,131072,32,210.37261122457065,230.7327377934921,232.4004364622145,1.0967812608799499,1.1047086172930056,1.0072278372140453
4,131072,128,362.7794648644388,409.38148747852114,410.7476608583404,1.1284582704577732,1.132224121373094,1.0033371645313858
4,131072,512,413.6701922306769,484.8100949790332,488.62182030600013,1.1719725135735335,1.1811869201190295,1.007862306017229
4,131072,1024,406.4758510301227,461.35850078715794,465.8128066291071,1.1350206897112025,1.145979042662948,1.0096547605264656
4,131072,4096,413.4464875163272,467.906568299392,425.0102991248025,1.1317221996738192,1.0279693066881326,0.9083230027513909
4,262144,2,31.438786038825402,31.481809470080464,31.974675779226864,1.0013684825871434,1.0170454972319753,1.015655590242194
4,262144,8,113.8573549011757,126.3967970095645,127.16042796360765,1.1101329125314092,1.116839821845313,1.0060415372233313
4,262144,32,201.42138486138313,230.75474343088513,233.23232529883427,1.145631798677628,1.1579322893611481,1.0107368621381827
4,262144,128,332.1979243634182,407.81525000588044,409.9908300058901,1.2276273272548757,1.2341763747968753,1.0053347195819142
4,262144,512,373.3990258523111,486.3545449476874,486.28318347556564,1.3025061965213938,1.3023150833497437,0.9998532727351619
4,262144,1024,367.96814171934767,471.0921683558629,461.7101313883418,1.2802525951150652,1.2547557221420866,0.9800844981136814
4,262144,4096,372.4742032187869,462.2413132420242,466.77469494349805,1.2410022204155415,1.2531732155134516,1.0098073918786663
4,524288,2,31.34205057994209,31.509135202650434,31.888715144643296,1.0053310048199358,1.0174418889187504,1.012046663278811
4,524288,8,113.22455813660576,126.73528165081666,128.70631567181945,1.1193267939090579,1.136734978612457,1.0155523702265752
4,524288,32,199.24043349355114,231.1091593786446,231.90553071348376,1.1599510969048608,1.1639481336552597,1.0034458666068462
4,524288,128,320.5086935593594,403.58113217404167,405.3076926766822,1.2591893458243963,1.264576283955361,1.0042781001513619
4,524288,512,347.8203250627418,479.71563086581057,483.7833337195685,1.3792052858879846,1.3909001253227535,1.0084794044472063
4,524288,1024,347.7275647548326,450.4983461303495,455.13145110684326,1.2955497113033765,1.3088736621375887,1.0102843995239734
4,524288,4096,349.0190932072175,462.4341760461141,455.8140082325971,1.3249538063854875,1.3059858818725827,0.9856840861760683
8,2048,2,63.35243965071756,63.62096601838333,63.84897494326295,1.0042386113170423,1.007837666477928,1.0035838645520367
8,2048,8,258.69629806562085,257.76157698058717,260.3493222024005,0.996386801465568,1.0063898252473653,1.0100392977577424
8,2048,32,366.30298846881686,362.4142699889154,362.5021673721583,0.989383874545614,0.989623832684122,1.0002425328981819
8,2048,128,516.2220157674908,509.2829993090422,514.5848245059707,0.9865580772487357,0.9968285132917355,1.0104103714518677
8,2048,512,514.4325889764768,502.8676155526531,520.3694392685582,0.9775189720254045,1.0115405796975137,1.0348040382291679
8,2048,1024,506.6752914522626,499.7386353452051,503.34030369557144,0.9863094644162038,0.993417899366807,1.0072071040652648
8,2048,4096,504.23730126965,515.3610011516538,519.2808692635883,1.0220604462501977,1.0298343021352432,1.0076060627466474
8,4096,2,63.77743028928659,63.24285703600246,63.850229309337735,0.9916181437405149,1.0011414542687114,1.0096038082686478
8,4096,8,254.65416462701307,257.8784759695097,259.9342102970011,1.0126615299899737,1.020734181503458,1.007971717374871
8,4096,32,354.2464532152535,351.3553374428192,353.2629627132725,0.9918386881613249,0.997223711082907,1.005429333404573
8,4096,128,507.6934899092746,515.8449929882714,513.8867878781415,1.0160559535251348,1.012198891835256,0.9962038884999423
8,4096,512,506.130888153918,501.84007660638855,502.91699280824446,0.9915223282199197,0.9936500707210421,1.002145935034002
8,4096,1024,499.56856874824126,488.7235436880285,511.5144561370162,0.9782912181857499,1.0239124078976936,1.046633547213629
8,4096,4096,508.86730898369666,516.872854965651,519.6504042182542,1.0157320893691184,1.0211903870501986,1.0053737572517476
8,8192,2,63.60674898566404,63.33844869508141,64.02088345597197,0.9957818895815113,1.006510857368316,1.0107744154609135
8,8192,8,234.54990515305838,246.8840552115464,248.5536591148961,1.0525864636374047,1.0597047948183966,1.0067627044683751
8,8192,32,346.71043273590334,342.1357346781085,342.52065755801095,0.9868054213953248,0.9879156356939399,1.0011250589777316
8,8192,128,509.0810591995633,500.09227976826355,507.87907182683693,0.9823431273490455,0.9976389076925858,1.015570710394053
8,8192,512,475.8873381194592,499.0452534410321,496.6578732047134,1.0486626002975514,1.0436459082255312,0.9952161047122337
8,8192,1024,503.24592944937586,492.11293822578807,511.54272828616035,0.9778776328389404,1.016486569192646,1.0394823800618256
8,8192,4096,508.4934270477561,514.4815331922468,519.044574156359,1.0117761721705174,1.020749820051483,1.0088692026238522
8,16384,2,62.849860288521946,63.45147495550608,63.949145801838085,1.0095722514612178,1.0174906596175346,1.0078433298308824
8,16384,8,214.0432781304451,239.07181149749624,240.73745589116766,1.1169321157181957,1.124713926986552,1.0069671300151957
8,16384,32,331.11324161874563,334.56412374993056,334.63470681268325,1.0104220601819314,1.0106352291340626,1.0002109702079278
8,16384,128,501.6933354922658,497.1334389072898,496.73156524042236,0.9909109883221754,0.990109953828717,0.9991916181141409
8,16384,512,487.8166600972006,494.8932768773493,505.85758345798797,1.0145067140157507,1.0369829996318547,1.022154890949056
8,16384,1024,483.4273248420768,483.20263081477975,477.4745191479584,0.9995352061918087,0.9876862448847652,0.9881455288081471
8,16384,4096,506.90220102543924,514.3697728534257,518.0314116400461,1.0147317802386338,1.0219553408765893,1.007118689666206
8,32768,2,62.79450992558621,63.46566666264677,64.04958611212513,1.010688143563122,1.0199870368926556,1.0092005564612154
8,32768,8,201.35028605292214,233.82928063013932,235.3737436849758,1.1613059271675459,1.1689764554052386,1.0066050883391267
8,32768,32,310.9008648761876,326.4704759224447,328.56285512423716,1.0500790213383855,1.0568090740277716,1.0064090916517963
8,32768,128,484.72068973360876,481.00729120987864,488.6133283925845,0.9923390963035414,1.008030683941127,1.015812727419525
8,32768,512,472.5486860828758,490.5291318573592,499.4490647502719,1.0380499328514268,1.0569261527111267,1.018184308155436
8,32768,1024,474.603613943385,486.3401783110784,479.5065657844839,1.0247291929999787,1.0103306247509605,0.9859489040154451
8,32768,4096,500.08949658184014,500.83609372734054,505.30250756413,1.001492927067262,1.0104241561118985,1.00891791524758
8,65536,2,61.494755619927155,63.45147495550608,64.09274979421369,1.0318192879352601,1.042247410337617,1.0101065395116078
8,65536,8,195.82057392309235,225.8667331519058,228.62797793689424,1.1534371931756975,1.1675380852815131,1.0122251061342946
8,65536,32,287.802904191075,317.4120392943753,320.3081507310799,1.1028799038234947,1.1129427329142736,1.0091241385901517
8,65536,128,440.0581133218461,468.4261663745532,472.4635519894747,1.064464333673038,1.0736389983200427,1.008619043735685
8,65536,512,439.09483934492204,467.4880032670653,475.9432383094453,1.0646629415287654,1.083918998044925,1.018086528388515
8,65536,1024,453.061257199784,469.62611555681144,478.35381025493797,1.0365620721122992,1.0558259013615037,1.0185843470135356
8,65536,4096,458.94768380878935,475.0206602955964,453.91494059448735,1.0350213696546369,0.9890341679632514,0.9555688384417315
8,131072,2,61.70763394612368,63.550070669668315,63.792617373845715,1.0298575169022564,1.03378809548171,1.0038166236736092
8,131072,8,193.69281150146588,225.2866153462719,228.03537155119665,1.16311293950404,1.177304257104404,1.0122011518558252
8,131072,32,278.35809519936004,315.15227632812275,317.215198252264,1.132182903114101,1.1395939393286711,1.006545794141729
8,131072,128,397.18026338519104,464.86981384417385,466.54613907839735,1.170425262026015,1.1746458273177947,1.003606010079169
8,131072,512,395.54502106305904,450.1248107875614,465.52498708940243,1.1379862893427777,1.1769203562170156,1.034213124743993
8,131072,1024,394.6065540096012,453.11112986049716,453.4482777113286,1.148260527496136,1.14911491738755,1.0007440732054744
8,131072,4096,408.83492278929793,464.4459559212539,469.42625702044444,1.1360231967282706,1.1482048887060794,1.010723101440967
8,262144,2,61.36245092146308,63.43743398728104,64.03580938009539,1.0338151921029637,1.0435666831830739,1.0094325283228562
8,262144,8,191.48215006466344,225.24200415566804,225.65437330968342,1.1763081001524367,1.1784616646171981,1.0018307826533561
8,262144,32,263.78049957967204,312.99157773988225,316.33531747126494,1.18656071331515,1.1992369336449729,1.0106831620055974
8,262144,128,357.5914153957188,461.87166476138685,464.8423981131832,1.2916184362263539,1.2999260555480003,1.0064319454481605
8,262144,512,368.6332302029744,460.50753244655994,468.2157715200235,1.2492295721495275,1.2701398928745995,1.0167385732704777
8,262144,1024,362.2790398095341,438.45574041119636,448.86839552451073,1.2102707919335098,1.239012877367955,1.023748474825644
8,262144,4096,371.49963805303116,460.17092136893973,465.5239711422793,1.238684709844188,1.2530940099484735,1.0116327423675862
8,524288,2,61.12573156996685,63.128391514359095,63.72044755612308,1.0327629607524602,1.0424488332411401,1.0093786017283415
8,524288,8,190.14177968055557,225.50956733656682,227.62442124921475,1.1860074504163698,1.197129960767335,1.0093781117033123
8,524288,32,259.54970613064216,312.0556210808627,313.26759539192756,1.2022961833899828,1.206965710199059,1.0038838406655421
8,524288,128,342.21243517698656,459.753946987753,461.30697388083104,1.3434752794707063,1.3480134748529835,1.0033779522791555
8,524288,512,341.86952338033933,455.27993004672555,450.35921754309146,1.3317359369884925,1.3173423974445782,0.9891918967235629
8,524288,1024,343.30497594575826,435.9420214067628,440.1723742408179,1.2698389244309733,1.282161358215689,1.0097039345287337
8,524288,4096,347.4491616177495,459.42293330885917,461.7549418461085,1.322273828981919,1.3289856268357152,1.0050759515213004
16,2048,2,129.2309318769172,128.68805404444691,129.43700796568663,0.995799164916745,1.0015946343942308,1.0058199179931733
16,2048,8,256.659317420137,247.6342811584568,252.26787601847423,0.9648365142072489,0.9828899981274625,1.0187114434978106
16,2048,32,450.3950670584527,431.9979465983263,435.14227155406246,0.9591533704392485,0.9661346301947603,1.007278564586928
16,2048,128,527.1800822564618,517.613302815469,525.7441373576474,0.9818529194046091,0.997276177634276,1.01570831834876
16,2048,512,485.6104618709106,484.51623838209224,509.4137923408597,0.9977467052818371,1.0490173345488523,1.0513864180113053
16,2048,1024,506.7438827812212,474.032061728926,516.8478011900979,0.9354470331782614,1.0199389055343346,1.090322454782934
16,2048,4096,483.944797606299,478.7252297869992,482.90674574855177,0.9892145388376588,0.9978550201120424,1.0087346889225226
16,4096,2,125.0932827482978,126.50823072791758,126.76541821624569,1.011311142761093,1.0133671083787323,1.0020329703992246
16,4096,8,245.0280654223646,241.29671257613387,244.59653687943364,0.9847717328225285,0.9982388607517791,1.0136753802738139
16,4096,32,448.3594881970644,438.70800723826795,442.82664187013165,0.9784737889732036,0.9876597987271746,1.0093880999751774
16,4096,128,532.5945137241187,522.2714249363091,524.6908309059351,0.9806173580053871,0.9851600371116896,1.0046324685864654
16,4096,512,480.61748380674965,483.3518249930148,502.1434943625932,1.0056892253785854,1.0447882386328227,1.0388778285255258
16,4096,1024,514.9550105114726,495.75430675467555,514.8166552090518,0.9627138228294426,0.9997313254564056,1.0384512009167663
16,4096,4096,479.8298038715189,466.18112751643264,484.15786372544426,0.9715551717609837,1.009019989627581,1.03856169876456
16,8192,2,120.80163743198504,124.54761346638576,126.28486496516827,1.0310093150559305,1.0453903411389638,1.0139484928729796
16,8192,8,229.1785145208628,231.33955044717248,235.09520353455815,1.0094294874492389,1.0258169446034906,1.0162343753159635
16,8192,32,434.85826481129,424.8979565636268,429.036476958203,0.9770952766598893,0.9866122175334223,1.0097400336496005
16,8192,128,530.8597153892356,509.33949083298796,523.341945135013,0.9594615603098294,0.9858384992564176,1.0274913972979496
16,8192,512,492.6351690384874,479.1621918565924,488.8766786903815,0.9726512071637289,0.9923706414313829,1.020273900985695
16,8192,1024,511.40770656335144,468.4386429546723,511.91418891718854,0.9159788500305748,1.0009903690291269,1.0928094780744275
16,8192,4096,483.2601159981257,471.3371779231348,483.6208307078027,0.9753281148592922,1.0007464193665807,1.0260612855510225
16,16384,2,115.98725525867017,123.7371008189836,124.44439716391729,1.066816354460928,1.072914406728449,1.0057161218442348
16,16384,8,218.67945323219547,229.0405649328244,230.92285116156145,1.0473803622036104,1.0559878751679785,1.0082181347626746
16,16384,32,411.89661744550637,416.76868706901365,419.66440279121,1.0118283797854977,1.0188585800822492,1.0069480165186135
16,16384,128,511.8073777539336,504.02757334804494,513.8823097006441,0.9847993508025805,1.0040541266830039,1.019551978648982
16,16384,512,472.36223075414966,476.6982774976061,495.02183386013587,1.009179495017063,1.047970819067835,1.0384384782313836
16,16384,1024,513.8008631770149,467.06497785870295,510.21350054780555,0.9090389124118492,0.9930179902637232,1.092382269565405
16,16384,4096,481.51921260822576,478.11082277617743,483.17016833305286,0.9929215911996818,1.0034286393597556,1.0105819515389718
16,32768,2,113.54007482879949,122.6991904462732,123.63317306256684,1.0806685712624746,1.0888945885317245,1.007611970485678
16,32768,8,206.9382771384585,224.82080129458774,229.30119774428627,1.0864147725757105,1.1080656556875903,1.019928745133453
16,32768,32,379.6192427302914,407.3558544476886,411.1278205046908,1.0730642933638201,1.0830004758130383,1.0092596338454898
16,32768,128,501.47280927907343,488.1068959478196,498.1396677012248,0.9733466838402088,0.9933532955004273,1.0205544560765185
16,32768,512,466.61155425905054,466.8861972470589,476.04964072430556,1.0005885901999243,1.0202268597489879,1.0196267174555125
16,32768,1024,476.5318079301984,469.25726875809823,469.19522890962855,0.9847344100623694,0.9846042197005986,0.9998677913958928
16,32768,4096,480.6673183494446,463.4333568328753,474.5732100452754,0.9641457597413764,0.9873215671806113,1.0240376594566485
16,65536,2,114.77370816893318,122.56677257103401,123.95182510020274,1.0678993867709698,1.0799670680480278,1.011300391616056
16,65536,8,201.5281189817268,221.56746775031698,225.1419175064165,1.099436986113125,1.117173715727634,1.016132556789102
16,65536,32,341.87913616825506,394.4513545935605,396.2193540836445,1.1537742812109837,1.1589456979575554,1.0044821737065797
16,65536,128,426.855263940795,479.1416785091314,482.40426665134106,1.1224921395735405,1.130135451997731,1.006809234697264
16,65536,512,442.4903451545984,447.7859912452783,452.1716733083556,1.0119678229110958,1.0218791850709752,1.0097941475365964
16,65536,1024,456.94573514349406,447.94458097894096,443.91359105062986,0.9803014811775703,0.9714798867993116,0.991001141436957
16,65536,4096,441.2442141611822,445.16284313754875,449.3090957024143,1.0088808620047653,1.0182775915975775,1.0093140131275162
16,131072,2,114.72753979449043,122.22540836212215,123.76700693802394,1.0653536943358373,1.0787907346372612,1.0126127504629352
16,131072,8,199.86872050016248,221.67657557986723,223.70674125780968,1.1091108955174755,1.1192683912619925,1.009158232766055
16,131072,32,333.4601906444242,392.14638314723186,394.3186089084186,1.1759916000449542,1.182505798207526,1.0055393237182328
16,131072,128,393.73620851750326,470.66746381100387,476.4861290803468,1.1953878094756953,1.2101658896813523,1.012362582325596
16,131072,512,406.2790920136771,434.2883244690806,442.0688077811957,1.0689408660351654,1.0880914535624535,1.017915478896714
16,131072,1024,404.20982597885205,439.0636035907195,443.77761514311675,1.0862269429682072,1.0978892313378221,1.0107365117806293
16,131072,4096,387.35738736574376,430.15083401222,450.802016571061,1.110475359557479,1.1637883548233783,1.048009165450681
16,262144,2,114.17641317810063,122.1207398845885,123.4732238839427,1.0695794033579924,1.0814249672683292,1.0110749738384517
16,262144,8,198.7544775109568,222.23659192508387,224.28245244930346,1.118146341698554,1.1284397476627381,1.0092057770797225
16,262144,32,304.06468786135673,389.97328553575073,392.38081876293563,1.2825339511754335,1.2904517835423497,1.0061735850030789
16,262144,128,354.68699312945813,470.329898073811,473.80502219960886,1.3260421362622228,1.3358398570501668,1.0073886949139952
16,262144,512,362.6857496841693,432.48467036083775,448.10964032352916,1.1924501327594208,1.2355314227640537,1.0361283787230076
16,262144,1024,370.0006225615202,458.33642360414746,419.2838696000888,1.2387450065112786,1.1331977408507583,0.9147950021144571
16,262144,4096,353.5990462317786,428.03163180426304,442.4531719060028,1.2104999613706398,1.2512849698581534,1.033692697058274
16,524288,2,113.08987286863727,122.59316522391113,123.90376075972695,1.0840330978735175,1.0956220713383493,1.0106906085133056
16,524288,8,198.40881491871454,220.41904949198135,223.73297124279216,1.1109337535345096,1.1276362460733036,1.015034643142
16,524288,32,297.98895345704705,389.08982183360683,390.06446281630315,1.3057189446778983,1.3089896732448107,1.0025049254131173
16,524288,128,343.1581463302496,468.17996306014766,474.2494041735026,1.36432711292705,1.382014121608796,1.0129639061733515
16,524288,512,340.00690812697684,431.8503809919638,445.2877539233314,1.2701223730156908,1.3096432551218549,1.0311158065913983
16,524288,1024,348.8148347201047,436.3203256139683,417.7200918716958,1.2508651645050577,1.1975410742117143,0.9573702331742185
16,524288,4096,335.2987463293809,428.71242512629055,440.26429941553977,1.2785983539143468,1.3130508367097977,1.0269455084858954
32,2048,2,213.8827645167808,222.0047047795174,225.59903775262921,1.037973795041813,1.0547789498715272,1.016190345950918
32,2048,8,345.71233157024795,340.008198032821,344.6448408731282,0.9835003469169918,0.9969121995380635,1.013636856014453
32,2048,32,510.07688598984345,492.8427630212236,497.26968594941087,0.9662126956896396,0.9748916283168189,1.0089824245385066
32,2048,128,507.7781956508055,497.5748149783558,509.3433805856241,0.9799058314046504,1.0030824185603568,1.0236518514462598
32,2048,512,507.10816269498633,478.4043803695527,468.49984629569667,0.943397120304888,0.9238657169426956,0.9792967320529025
32,2048,1024,508.88591181179663,507.3216399299591,517.8949824053797,0.9969260853060988,1.0177035173984437,1.020841497076451
32,2048,4096,481.6897645351236,461.8186811859274,479.20720030609607,0.9587471339185012,0.9948461345625157,1.0376522644677686
32,4096,2,206.75075495183256,217.3054004719385,222.56172479912544,1.0510500942188332,1.076473577332167,1.0241886502395772
32,4096,8,333.4358197281213,331.0185340924179,332.78679545749526,0.9927503720575839,0.998053525649538,1.0053418802361793
32,4096,32,505.58415824879785,501.8325453073023,512.785236642023,0.9925796469681921,1.0142430854996876,1.0218253906350647
32,4096,128,496.3457585902304,486.582091290545,512.8898455014245,0.9803288995005879,1.0333317785532896,1.0540664251351797
32,4096,512,501.94511091271875,472.0949051775092,458.93723934181526,0.9405309363788183,0.9143175804766789,0.9721291933223752
32,4096,1024,508.3411802056762,485.5232790089154,516.9965628268867,0.9551130184111217,1.017026719373214,1.064823429027372
32,4096,4096,480.0076718857551,458.59428872175295,478.930849942911,0.9553894980889,0.9977566568079762,1.0443454306372686
32,8192,2,205.11519108099975,212.9653702614102,217.6798345069111,1.038272051616647,1.0612565230283193,1.0221372340475543
32,8192,8,316.6391063968265,319.8579007206744,322.4371574073237,1.0101654983822939,1.0183112284407183,1.0080637579401288
32,8192,32,499.9619812810122,484.66979893266,489.1927955311885,0.9694133095697192,0.9784599906532279,1.0093321197410878
32,8192,128,489.4123220922494,479.8934578114786,497.05778181040773,0.9805504196541733,1.0156217148057773,1.0357669472661826
32,8192,512,504.29215466298086,492.7113617696869,513.4562810685377,0.9770355481714098,1.018172256539825,1.0421035943322692
32,8192,1024,507.5875685932498,484.68598726038647,514.0156575568644,0.9548815165108677,1.0126639999900504,1.0605127259037537
32,8192,4096,479.0343514139723,461.58728401223885,479.14749797678655,0.9635786716542672,1.0002361971797644,1.0380431059796744
32,16384,2,193.29900578625197,212.21192869220562,214.6070084188369,1.0978428359164318,1.1102333793488162,1.0112862634131428
32,16384,8,292.7510026940183,314.6744095240566,316.72121086698644,1.0748875550494783,1.0818791667744403,1.0065045052313775
32,16384,32,465.62957419530943,476.0373307672583,477.44883134773045,1.0223520092982397,1.0253833901612603,1.0029651048126775
32,16384,128,479.27978420882124,476.37387792136246,456.7375927600265,0.9939369312389094,0.952966529798442,0.9587796769062609
32,16384,512,474.8628877446748,471.8047219392399,467.01266386196266,0.9935598972158902,0.983468440921976,0.9898431324350027
32,16384,1024,508.6953500900198,482.9878975744669,513.6555240845635,0.9494639522240499,1.0097507751813848,1.0634956417419719
32,16384,4096,477.38397638010895,458.75145273252997,478.526763308774,0.9609695243881768,1.0023938527164873,1.043106807528245
32,32768,2,194.02222354921562,210.68342962894747,213.52376094057303,1.085872668475555,1.100511874540035,1.013481512602239
32,32768,8,269.00511835324227,310.5201455929242,312.580219595578,1.1543280198303394,1.1619861417845418,1.0066342684424554
32,32768,32,420.91986773777137,465.4529412327869,468.15118441653505,1.1057994095986914,1.112209758433613,1.0057970268199437
32,32768,128,447.0363216438426,458.74908874772694,474.9229729453134,1.026200929402815,1.0623811756479338,1.0352564933518174
32,32768,512,470.03895582221287,464.71070950159185,471.10078574118904,0.9886642452617558,1.002259025354864,1.013750654135883
32,32768,1024,473.36132021170425,473.61742151383953,456.18000014297377,1.0005410270995965,0.9637035825803292,0.9631824747596278
32,32768,4096,472.0158140113349,449.61382040724203,469.2206796364842,0.9525397392648483,0.9940783035400937,1.0436082218546643
32,65536,2,191.61079205506704,210.25633428548855,212.05450059682636,1.097309457522951,1.106693930558379,1.0085522574977277
32,65536,8,267.8053357887548,301.3340426924003,305.51651391548944,1.1251980540450957,1.1408156339218023,1.0138798497034023
32,65536,32,373.988088854606,446.46249639901566,449.74850081433465,1.1937880101111595,1.202574398002236,1.0073600905827982
32,65536,128,416.11733100329974,443.91023244725164,458.36868331258336,1.0667910211212315,1.1015371126393882,1.032570663635355
32,65536,512,451.5747319700735,442.7435263300521,451.6739067460221,0.9804435345585132,1.000219619852324,1.0201705499569804
32,65536,1024,457.8059578369495,460.0466520712181,432.3365327219466,1.0048944191221438,0.9443663310208077,0.9397667188218516
32,65536,4096,428.1715839149007,428.498980278129,442.163926058755,1.0007646382327264,1.0326792871584756,1.0318902644103292
32,131072,2,189.3213954205966,209.0235734230054,211.07928635531667,1.1040673610007914,1.1149256843706583,1.0098348377584718
32,131072,8,259.4316610177953,302.532718300895,305.0100699111697,1.1661364581100349,1.1756856072021526,1.008188706412279
32,131072,32,359.5353780468281,443.47520865355557,443.5624591839917,1.233467513163043,1.23371018894897,1.0001967427462315
32,131072,128,373.76602812958487,431.1073506154094,449.7424674291804,1.1534150194782933,1.2032727256669096,1.0432261634768445
32,131072,512,405.11813442884926,433.2437001542905,417.26763135676714,1.0694255905505037,1.029990010062242,0.9631245213910005
32,131072,1024,408.1584430288222,440.801418317812,464.0238531414025,1.0799762343435946,1.1368718718594175,1.0526823051346161
32,131072,4096,389.18322189629026,416.7585110443398,431.8936207930484,1.070854259887385,1.1097436798242541,1.0363162583309506
32,262144,2,189.69914497571304,208.90880851148762,213.00436255550153,1.101263838264711,1.1228535720747304,1.0196045062589532
32,262144,8,257.7028916114226,302.8942074263007,305.9700984840573,1.1753620827934668,1.1872978862240102,1.0101550012589957
32,262144,32,328.4677752249355,440.20781953565194,443.38548121551116,1.3401857129948185,1.3498599091246615,1.0072185489190337
32,262144,128,353.75900951700885,431.94192076739444,456.95105354363585,1.221006134535286,1.291701529149791,1.0578992951918393
32,262144,512,369.3390026515299,446.8215873984688,420.2009289603834,1.2097871716517399,1.1377106829869295,0.9404221747810374
32,262144,1024,369.53855269785845,446.92480850106364,464.3032914624655,1.2094132134204618,1.2564407368940702,1.0388845788616823
32,262144,4096,355.3328793150095,414.35312718825384,428.87332281397096,1.1660984707832842,1.2069621129368284,1.035043045829651
32,524288,2,189.00773928842463,209.484263366039,213.6439227359789,1.1083369609874403,1.1303448395304045,1.0198566675276777
32,524288,8,254.05872976655235,300.7581220063558,303.8562737244388,1.1838133737136851,1.1960080017862171,1.0103011406555382
32,524288,32,319.6219730274307,439.41276884712863,441.1256774136871,1.3747889880193473,1.3801481582614115,1.0038981765847463
32,524288,128,339.5989056813163,433.72750208434013,446.87979157483477,1.2771757942334339,1.3159046866723185,1.0303238540956923
32,524288,512,344.7451842553103,437.06851656648075,412.6141114065483,1.2678016591025039,1.19686693317513,0.9440490352587252
32,524288,1024,346.5610930142771,445.60710883161596,457.08511543485866,1.285796697361116,1.3189164180528146,1.0257581317168347
32,524288,4096,336.8631970113468,413.2730091071071,426.0789755938481,1.226827426604238,1.2648427592388378,1.0309866993598464
64,2048,2,203.36019841732846,231.0065325799959,231.8567137091385,1.1359476159928437,1.1401282822970624,1.003680333710252
64,2048,8,428.971852013313,424.8187468627758,428.72819182361775,0.9903184669785552,0.999431990261012,1.0092026187396688
64,2048,32,520.416543684733,503.9253300336217,511.2716429769407,0.9683115115166253,0.9824277286747205,1.014578177570135
64,2048,128,501.6657526890101,471.31482555015987,489.7013290583085,0.9394997027878337,0.9761506071192415,1.039011086669481
64,2048,512,508.4429845219117,496.9931744673461,517.0754537058895,0.9774806410883379,1.0169782442609467,1.0404075554157592
64,2048,1024,489.8531089986852,466.907715759241,484.4903218599791,0.9531586248654272,0.9890522545632746,1.0376575616707189
64,2048,4096,484.2969849309015,442.5629902883213,474.27814394692643,0.9138256153947878,0.9793126092135294,1.0716624624168039
64,4096,2,210.76125747039248,216.44482151656882,220.21482444869514,1.0269668349600485,1.0448543868629683,1.0174178476791957
64,4096,8,420.43510752932326,418.4508614698516,421.55695353975625,0.995280493888505,1.0026682976524617,1.0074228358832724
64,4096,32,530.3506905910609,512.581250947974,517.4039344513865,0.9664949250404796,0.9755883109622321,1.0094086225247088
64,4096,128,474.89068552697483,466.48135695828984,494.19506302526617,0.9822920751554574,1.0406501497852494,1.059410104291594
64,4096,512,507.2860874809182,434.9389587226035,517.9522096764576,0.8573839682503888,1.021025851997056,1.1908618423092299
64,4096,1024,488.5780366245441,449.77101322573765,482.05112102462596,0.9205714942347514,0.9866409967074843,1.071770093780337
64,4096,4096,483.95483523862686,426.2832760862675,473.3517907042379,0.8808327658841907,0.9780908387263848,1.1104160478687066
64,8192,2,212.17233513837766,213.38286330840813,217.11701143622707,1.0057054006086183,1.0233050001293738,1.0174997563999404
64,8192,8,387.64888400541327,401.47827475128383,404.92081053731374,1.0356750433613462,1.04455559462325,1.0085746502426876
64,8192,32,476.5831628056385,498.13199741680523,499.5979639612091,1.0452152662807244,1.0482912594311615,1.0029429278825812
64,8192,128,499.81138373297324,472.29986578435467,472.504351622011,0.9449561997905259,0.9453653258014804,1.0004329576450688
64,8192,512,506.5838826842435,486.88030763061107,514.142193348771,0.9611050099951289,1.0149201562127839,1.0559929931256187
64,8192,1024,485.21993806498506,452.8226405878602,483.19236206721166,0.9332317266138682,0.9958213258798491,1.0670675861964964
64,8192,4096,482.9549377198382,425.7560835014185,475.2016108939135,0.8815648215784457,0.9839460657291749,1.1161358094659621
64,16384,2,200.92474504179387,213.56677843063943,217.50559198078537,1.0629192456420236,1.082522672533652,1.018443006815431
64,16384,8,350.4917515064857,392.4326518836971,394.52112686787933,1.1196630168811128,1.125621716266207,1.0053218685401366
64,16384,32,477.28097879911905,467.5724608410066,481.9395104060188,0.9796586950049005,1.0097605641411083,1.0307268942639836
64,16384,128,482.14720092824757,459.7693839003674,477.14876818433925,0.9535871680167435,0.989632973634846,1.0378002209206212
64,16384,512,480.2302394948186,463.822804222081,483.1915036795622,0.9658342313262124,1.0061663426023706,1.0417588339365205
64,16384,1024,476.4750894163644,454.43100942073244,484.51655918342976,0.9537350839838578,1.016876999334667,1.0662048784942024
64,16384,4096,482.7188048564211,428.67698391538596,474.85285271353655,0.8880469946533174,0.983704898040539,1.107717163577098
64,32768,2,199.62391819627098,211.68392889112306,216.83629832585345,1.0604136558575843,1.0862240371049083,1.0243399178280579
64,32768,8,320.4411801264679,384.5840502337583,383.48883637620935,1.2001704964448554,1.196752665262494,0.9971522119628121
64,32768,32,405.20359715948257,412.747570090439,477.86656195124124,1.0186177343533978,1.1793245797942893,1.157769534164753
64,32768,128,451.72980846966357,449.1361087105146,465.2945203823742,0.9942582939834417,1.0300283746132763,1.035976647965916
64,32768,512,471.5880570095302,455.8874682216696,472.2415477220727,0.9667069838718514,1.0013857236264347,1.035873062192732
64,32768,1024,473.99474346135827,431.7077014061498,472.3193984348998,0.9107858417449816,0.9964654776248695,1.0940722088034807
64,32768,4096,479.1077018834534,417.6708637241562,467.8121819190201,0.8717682101168932,0.9764238397336784,1.1200498348095902
64,65536,2,200.53625104829453,212.370000450391,215.17445368852728,1.0590105247317432,1.0729952941860246,1.0132055056372775
64,65536,8,311.17645470356314,372.76691606332184,374.8525134717904,1.1979277687266918,1.2046300669788375,1.0055949101666368
64,65536,32,371.287583247817,455.0057646248314,454.76713495592026,1.225480692472111,1.2248379840173234,0.9994755458337811
64,65536,128,429.1206217852931,428.0078402376895,446.45951126176476,0.9974068327386038,1.0404056309490226,1.0431105911840968
64,65536,512,453.1476957073419,443.1312983427276,451.97586495047335,0.9778959543224,0.9974140202676318,1.019959246031196
64,65536,1024,444.6545301658418,432.1794054734695,452.79899567609846,0.9719442312041228,1.01831638937136,1.0477107190705661
64,65536,4096,431.27979574408477,412.08004246081794,442.0287062952333,0.9554819087916196,1.02492328798432,1.0726768121444827
64,131072,2,197.58410974779287,212.86515317233653,215.3661038048786,1.0773394350590704,1.0899970856957255,1.0117489903597199
64,131072,8,299.78995956799037,370.3009384864253,373.0257971440469,1.2352012689819372,1.2442904948571072,1.0073584978443728
64,131072,32,356.81549946896206,394.7722069027094,450.5214959686841,1.1063762854759314,1.2626175057955216,1.1412188803851482
64,131072,128,385.5425978790625,416.1934030149876,435.7556096523968,1.0795004373175379,1.130239854297722,1.0470026831172639
64,131072,512,403.4894689575515,442.39177535028955,420.4873569045046,1.096414675935026,1.0421272158375499,0.9504863795705948
64,131072,1024,383.68021967704686,420.8179423813012,436.8203916268205,1.0967934253569653,1.1385012028884445,1.0380270127147277
64,131072,4096,391.18924554346813,409.05304489988475,430.5321694235041,1.0456653641681763,1.1005726111549359,1.0525093867199458
64,262144,2,197.72108417320226,212.17252779174595,215.56752464673218,1.073090048433501,1.0902606848842513,1.016001114236234
64,262144,8,297.309454885894,371.46147067610667,373.7129408130533,1.249410217440518,1.2569830345842268,1.0060611135061968
64,262144,32,329.20233749600663,442.95307017774917,445.31605729271655,1.3455344015688295,1.3527123187517416,1.0053346218235244
64,262144,128,349.373142200083,417.99058432985646,439.4422626350593,1.19640159428877,1.2578020733585598,1.0513209605895675
64,262144,512,369.5937427601082,437.296634561613,412.1916853546783,1.183181921035521,1.115256124945327,0.9425905730280723
64,262144,1024,350.0219299323503,421.39431777427234,436.8160688052742,1.2039083318457113,1.2479677170218988,1.0365969600929996
64,262144,4096,357.1157842024076,407.44074392097275,427.56799033202725,1.1409205695877103,1.1972811319078758,1.0493991990525091
64,524288,2,197.00408740517307,213.06413499550516,214.75544106384706,1.0815213927886775,1.090106524653802,1.0079380139148129
64,524288,8,294.1284473990377,371.6642865249512,371.9776467827046,1.2636121728841898,1.264677558638354,1.0008431271691
64,524288,32,322.6901114853495,424.1888605969234,448.15858763215226,1.3145393846882167,1.3888203315845926,1.0565072053082638
64,524288,128,337.95004382590946,416.46781876371693,435.2251878263187,1.2323354483074276,1.2878388264110396,1.0450391800218393
64,524288,512,330.2173577995166,429.32930212760346,411.69028583069746,1.3001415340142726,1.2467251527118244,0.9589149489459645
64,524288,1024,333.2742993301208,419.01076487669286,434.36683277788353,1.2572549570095917,1.3033313209298107,1.036648385169077
64,524288,4096,335.6880811624803,406.0900452565908,426.2491313127978,1.209724348419849,1.269777377369809,1.04964191142255
128,2048,2,295.4423676515657,322.32477893851484,322.80209677503285,1.090990373183894,1.092605977067359,1.0014808598894875
128,2048,8,489.5304528183098,477.0432240946452,490.51775838524264,0.9744914159031915,1.0020168419783666,1.0282459400113482
128,2048,32,488.2929658881781,461.8285017226359,459.5167008202336,0.9458020778214472,0.9410676231724902,0.9949942437641263
128,2048,128,501.64680090067606,486.3714821445551,513.3954587602213,0.9695496538028449,1.0234201789754291,1.0555624201001867
128,2048,512,487.499105282511,456.363839560304,482.42567011251305,0.9361326710452857,0.9895929343971661,1.0571075714003086
128,2048,1024,477.2024236238221,447.156153853726,477.253646328426,0.937036636272867,1.0001073395734559,1.067308684483733
128,2048,4096,486.01067739827295,415.8761023718132,466.50387072890317,0.8556933452534289,0.959863419516225,1.121737623461293
128,4096,2,277.10728954920654,298.24223071443043,298.28111755323425,1.07626988521163,1.0764102165571787,1.0001303867621654
128,4096,8,470.8422044957453,476.46382984253245,481.6405407021923,1.0119395102926418,1.0229340872660546,1.010864855914395
128,4096,32,479.60094118681525,457.60403926768663,485.16369586411406,0.9541349900926063,1.0115987150974586,1.0602259906633074
128,4096,128,504.66513141952464,461.0879281284666,482.0327164317963,0.9136512499516584,0.9551535987357245,1.04542471625389
128,4096,512,488.3880660817371,427.42422871108084,480.77880801465426,0.8751733680559399,0.9844196478261011,1.1248281583485962
128,4096,1024,481.5599106700067,416.32298931274863,477.2054612690616,0.864529999462596,0.990957616478318,1.1462385540054263
128,4096,4096,486.2587767067651,409.00934433764274,466.5590153805738,0.8411351402389039,0.9594870832777356,1.1407050275003572
128,8192,2,279.41480614549135,291.6658891386675,293.1089151543466,1.043845503973748,1.0490099619192146,1.0049475309572216
128,8192,8,436.18837094653685,453.6313220497441,460.82252416595395,1.0399894913873007,1.056475951355513,1.0158525255348687
128,8192,32,465.5167694427204,446.3565043406554,468.2461089923813,0.9588408702762693,1.005863031643153,1.0490406310625193
128,8192,128,498.67806276541444,468.79440317121964,479.14870470444475,0.9400742446369603,0.9608377437887085,1.0220870843661574
128,8192,512,492.2590337934661,422.22050082735507,480.2971266737898,0.8577201673143969,0.9756999744067774,1.1375504641120733
128,8192,1024,478.3897316850833,419.5441107509927,475.8200423543384,0.8769922992978708,0.9946284605196407,1.1341359112456868
128,8192,4096,485.653298542034,408.93464058823577,466.3470486706198,0.8420299868566462,0.9602468470215832,1.140395071446622
128,16384,2,261.63301054276747,290.2928228640045,290.3667316027555,1.1095420347064813,1.1098245248196277,1.000254600640904
128,16384,8,382.0825487507909,443.32888222712967,445.19106590161334,1.1602960765326291,1.1651698497017309,1.0042004564763043
128,16384,32,426.7604250274611,431.70874127351277,460.7501582696343,1.011595068229987,1.0796459353980306,1.0672708569913392
128,16384,128,470.9287724012481,454.7090465864927,473.94645793154336,0.9655580062945578,1.0064079446981082,1.0423070785361896
128,16384,512,476.660169507052,435.49929148498944,479.24459006930056,0.9136473306241847,1.0054219352225744,1.1004486102265425
128,16384,1024,477.40016243370474,420.7203217693424,476.4023869883924,0.8812739392977619,0.9979099809262195,1.1323493597477743
128,16384,4096,484.4175915571395,413.20378991085215,463.52202071358806,0.8529908845436979,0.956864549909545,1.1217758211113986
128,32768,2,258.3740672051432,290.2558841545958,290.8112467779827,1.1233940282564778,1.1255434801321802,1.0019133552623902
128,32768,8,344.7199605253101,432.5872285117879,428.19732358097787,1.2548946334658981,1.2421599344826413,0.9898519774938516
128,32768,32,398.1939883529603,427.9461144037266,419.22564775653484,1.0747176675716006,1.0528176216084209,0.979622512382564
128,32768,128,454.22669270503195,448.99974232169393,459.8328264617339,0.9884926393202252,1.012342149518594,1.0241271500157751
128,32768,512,472.44434771717255,424.6846975601952,470.15860995065754,0.8989094686226017,0.9951618899081773,1.1070768799810988
128,32768,1024,469.74263172901976,414.9293568505776,466.5212982490418,0.8833121135361155,0.9931423437806338,1.1243390966357756
128,32768,4096,477.8414688608903,404.905534791335,454.13481293347286,0.8473637412771546,0.9503880314449666,1.1215821319101202
128,65536,2,260.1711889038121,285.8380370142687,287.7937990999559,1.0986536911277516,1.1061709035213585,1.006842203739279
128,65536,8,331.0051605651759,411.91524256314176,414.78322853847186,1.2444375243570693,1.2531019994680712,1.0069625633600836
128,65536,32,363.78441994468744,400.71967118776234,422.57998918860227,1.101530602241544,1.1616220102357724,1.0545526450848903
128,65536,128,428.6079891074943,427.8361697792345,441.32889685688497,0.9981992418529879,1.0296795861782229,1.0315371350781604
128,65536,512,437.51843475904866,411.082005340799,450.37430858447465,0.9395764216591038,1.0293836163326604,1.0955826397973834
128,65536,1024,426.2015059938523,399.34273278671725,443.55090708045554,0.9369810457508743,1.040707038437479,1.1107023382778052
128,65536,4096,434.15239155854243,389.8621881378341,432.9310099537669,0.8979846609580726,0.9971867444968091,1.1104719132205403
128,131072,2,254.25689842279678,288.4945926992413,287.75097561731184,1.1346578774807188,1.1317332092158958,0.9974224228087883
128,131072,8,319.9693395301634,410.9066422093404,414.16023177759763,1.284206301806003,1.2943747434855548,1.0079180748959509
128,131072,32,349.54541161594176,400.95961440763347,420.75678988977427,1.1470887646729644,1.2037256845816504,1.0493744875313404
128,131072,128,385.5629543045101,427.46878782877434,435.38847350006904,1.1086873960696126,1.1292279733809898,1.018526933186212
128,131072,512,380.2672093699361,406.1539765492218,442.2069718808849,1.0680752022299724,1.1628848372531955,1.0887668160680777
128,131072,1024,387.2981732713935,394.42819507163256,427.97906341946026,1.0184096447964468,1.1050376504604895,1.0850620436546998
128,131072,4096,389.504595324776,381.70306053804245,422.68976946084445,0.9799706219634495,1.0851984149465503,1.1073785179113518
128,262144,2,256.31333503753746,288.1663693157978,289.19052582305164,1.124273808358802,1.1282695290929723,1.003554045913427
128,262144,8,319.02983550079387,411.84234095956094,416.2568249529774,1.2909210836443419,1.3047582972907925,1.0107188687378064
128,262144,32,327.48071169717565,398.2330335480606,419.8060612092045,1.2160503483829919,1.281926068358502,1.0541718688400579
128,262144,128,355.0612595889262,424.3375489018263,450.9300098655519,1.1951108081830868,1.270006224806441,1.0626681778045475
128,262144,512,349.68687821697614,406.9623810010063,436.8738523579842,1.1637908264561516,1.2493286982501806,1.073499352159786
128,262144,1024,354.12133766913644,392.1191732535086,424.6568912822918,1.107301739664935,1.199184703405414,1.0829791559510078
128,524288,2,256.08319786365996,287.35068227485215,288.44117429072367,1.122098929847944,1.1263572803565631,1.0037949866944407
128,524288,8,315.76271139492354,411.4510440845297,415.69594054666607,1.3030387352163602,1.316482046630124,1.0103168931593822
128,524288,32,324.6298407742368,401.83162117083987,401.1387441862121,1.2378147991955333,1.2356804390794844,0.9982757031848093
128,524288,128,341.751923805255,419.1183287453721,440.7171264029505,1.226381768619403,1.2895819912167932,1.0515338895395825
128,524288,512,331.5165282468471,402.9743293087247,431.67488300093714,1.215548230550575,1.302121753276543,1.0712217915752755
128,524288,1024,338.9827310657515,395.37334143938057,422.3736198358643,1.1663524575318,1.2460033539405808,1.0682905890877408
